Player_ID,Player_Name,Player_URL,Country_Name,Country_ID,Country_URL,Club_Name,Club_ID,Club_URL,Position,OVR,PAC,SHO,PAS,DRI,DEF,PHY,Prefer_Foot,Height,KG,Club_Level
242948,Matěj Kovář,https://ratings-images-prod.pulse.ea.com/FC25/full/player-portraits/p242948.png?padding=0.7,Czech Republic,12,https://drop-assets.ea.com/images/3yIKmUj5BRZgJtSLR6do7t/484fa785d4f5c3f900ba80eddf3a70dc/f_12.png,,,,GK,75,74,75,78,75,30,77,Right,196,89,Eredivisie
221909,Jindřich Staněk,https://ratings-images-prod.pulse.ea.com/FC25/full/player-portraits/p221909.png?padding=0.7,Czech Republic,12,https://drop-assets.ea.com/images/3yIKmUj5BRZgJtSLR6do7t/484fa785d4f5c3f900ba80eddf3a70dc/f_12.png,https://drop-assets.ea.com/images/50ZlXnzmauE6zv0Hn5WifN/8d941df874a7753f22f33585999fa0ce/l266.png,https://drop-assets.ea.com/images/50ZlXnzmauE6zv0Hn5WifN/8d941df874a7753f22f33585999fa0ce/l266.png,https://drop-assets.ea.com/images/50ZlXnzmauE6zv0Hn5WifN/8d941df874a7753f22f33585999fa0ce/l266.png,GK,78,74,78,78,78,36,76,Right,192,90,Česká Liga
258936,Lukáš Horníček,https://ratings-images-prod.pulse.ea.com/FC25/full/player-portraits/p258936.png?padding=0.7,Czech Republic,12,https://drop-assets.ea.com/images/3yIKmUj5BRZgJtSLR6do7t/484fa785d4f5c3f900ba80eddf3a70dc/f_12.png,https://drop-assets.ea.com/images/4qjtfL57Y3CxvssFaOwnJT/08cfda01d445741b93fd0f8163a4b267/l1896.png,https://drop-assets.ea.com/images/4qjtfL57Y3CxvssFaOwnJT/08cfda01d445741b93fd0f8163a4b267/l1896.png,https://drop-assets.ea.com/images/4qjtfL57Y3CxvssFaOwnJT/08cfda01d445741b93fd0f8163a4b267/l1896.png,GK,75,72,75,69,75,28,75,Right,194,90,Liga Portugal
244470,Vladimír Coufal,https://ratings-images-prod.pulse.ea.com/FC25/full/player-portraits/p244470.png?padding=0.7,Czech Republic,12,https://drop-assets.ea.com/images/3yIKmUj5BRZgJtSLR6do7t/484fa785d4f5c3f900ba80eddf3a70dc/f_12.png,https://drop-assets.ea.com/images/1ylwMQ1ia5SGcXYoIKhtdK/b24a8fed6fb30e01ea3fd15184b0046c/l10029.png,https://drop-assets.ea.com/images/1ylwMQ1ia5SGcXYoIKhtdK/b24a8fed6fb30e01ea3fd15184b0046c/l10029.png,https://drop-assets.ea.com/images/1ylwMQ1ia5SGcXYoIKhtdK/b24a8fed6fb30e01ea3fd15184b0046c/l10029.png,RB,70,58,70,70,70,74,71,Right,175,76,Bundesliga
251116,Tomáš Holeš,https://ratings-images-prod.pulse.ea.com/FC25/full/player-portraits/p251116.png?padding=0.7,Czech Republic,12,https://drop-assets.ea.com/images/3yIKmUj5BRZgJtSLR6do7t/484fa785d4f5c3f900ba80eddf3a70dc/f_12.png,https://drop-assets.ea.com/images/50ZlXnzmauE6zv0Hn5WifN/8d941df874a7753f22f33585999fa0ce/l266.png,https://drop-assets.ea.com/images/50ZlXnzmauE6zv0Hn5WifN/8d941df874a7753f22f33585999fa0ce/l266.png,https://drop-assets.ea.com/images/50ZlXnzmauE6zv0Hn5WifN/8d941df874a7753f22f33585999fa0ce/l266.png,CB,69,74,69,69,69,75,80,Right,180,73,Česká Liga
252064,Ladislav Krejčí,https://ratings-images-prod.pulse.ea.com/FC25/full/player-portraits/p252064.png?padding=0.7,Czech Republic,12,https://drop-assets.ea.com/images/3yIKmUj5BRZgJtSLR6do7t/484fa785d4f5c3f900ba80eddf3a70dc/f_12.png,https://drop-assets.ea.com/images/3DIKyPF6XcAgIrI3Wv0UBo/4b26ac5525105f84de13860ebe177633/l110.png,https://drop-assets.ea.com/images/3DIKyPF6XcAgIrI3Wv0UBo/4b26ac5525105f84de13860ebe177633/l110.png,https://drop-assets.ea.com/images/3DIKyPF6XcAgIrI3Wv0UBo/4b26ac5525105f84de13860ebe177633/l110.png,CB,69,72,69,68,69,76,84,Left,191,87,Premier League
255687,David Zima,https://ratings-images-prod.pulse.ea.com/FC25/full/player-portraits/p255687.png?padding=0.7,Czech Republic,12,https://drop-assets.ea.com/images/3yIKmUj5BRZgJtSLR6do7t/484fa785d4f5c3f900ba80eddf3a70dc/f_12.png,https://drop-assets.ea.com/images/50ZlXnzmauE6zv0Hn5WifN/8d941df874a7753f22f33585999fa0ce/l266.png,https://drop-assets.ea.com/images/50ZlXnzmauE6zv0Hn5WifN/8d941df874a7753f22f33585999fa0ce/l266.png,https://drop-assets.ea.com/images/50ZlXnzmauE6zv0Hn5WifN/8d941df874a7753f22f33585999fa0ce/l266.png,CB,62,76,62,54,62,75,75,Right,190,80,Česká Liga
199323,Jaroslav Zelený,https://ratings-images-prod.pulse.ea.com/FC25/full/player-portraits/p199323.png?padding=0.7,Czech Republic,12,https://drop-assets.ea.com/images/3yIKmUj5BRZgJtSLR6do7t/484fa785d4f5c3f900ba80eddf3a70dc/f_12.png,https://drop-assets.ea.com/images/WsjKkMgEXh4mceoAQzFIi/d0b9c0ac886f0f3f3f91ca6ebda21577/l267.png,https://drop-assets.ea.com/images/WsjKkMgEXh4mceoAQzFIi/d0b9c0ac886f0f3f3f91ca6ebda21577/l267.png,https://drop-assets.ea.com/images/WsjKkMgEXh4mceoAQzFIi/d0b9c0ac886f0f3f3f91ca6ebda21577/l267.png,CB,70,74,70,69,70,71,75,Left,190,79,Česká Liga
267594,David Jurásek,https://ratings-images-prod.pulse.ea.com/FC25/full/player-portraits/p267594.png?padding=0.7,Czech Republic,12,https://drop-assets.ea.com/images/3yIKmUj5BRZgJtSLR6do7t/484fa785d4f5c3f900ba80eddf3a70dc/f_12.png,https://drop-assets.ea.com/images/Sx4dfrxgLrl3y1lm5Wj8p/fe2d92ed674ea49ea5ee3ac8d9842897/l327.png,https://drop-assets.ea.com/images/Sx4dfrxgLrl3y1lm5Wj8p/fe2d92ed674ea49ea5ee3ac8d9842897/l327.png,https://drop-assets.ea.com/images/Sx4dfrxgLrl3y1lm5Wj8p/fe2d92ed674ea49ea5ee3ac8d9842897/l327.png,LB,72,83,72,68,72,67,74,Left,183,76,Trendyol Süper Lig
269509,David Douděra,https://ratings-images-prod.pulse.ea.com/FC25/full/player-portraits/p269509.png?padding=0.7,Czech Republic,12,https://drop-assets.ea.com/images/3yIKmUj5BRZgJtSLR6do7t/484fa785d4f5c3f900ba80eddf3a70dc/f_12.png,https://drop-assets.ea.com/images/50ZlXnzmauE6zv0Hn5WifN/8d941df874a7753f22f33585999fa0ce/l266.png,https://drop-assets.ea.com/images/50ZlXnzmauE6zv0Hn5WifN/8d941df874a7753f22f33585999fa0ce/l266.png,https://drop-assets.ea.com/images/50ZlXnzmauE6zv0Hn5WifN/8d941df874a7753f22f33585999fa0ce/l266.png,RM,72,89,72,65,72,65,67,Right,175,66,Česká Liga
276646,Robin Hranáč,https://ratings-images-prod.pulse.ea.com/FC25/full/player-portraits/p276646.png?padding=0.7,Czech Republic,12,https://drop-assets.ea.com/images/3yIKmUj5BRZgJtSLR6do7t/484fa785d4f5c3f900ba80eddf3a70dc/f_12.png,https://drop-assets.ea.com/images/1ylwMQ1ia5SGcXYoIKhtdK/b24a8fed6fb30e01ea3fd15184b0046c/l10029.png,https://drop-assets.ea.com/images/1ylwMQ1ia5SGcXYoIKhtdK/b24a8fed6fb30e01ea3fd15184b0046c/l10029.png,https://drop-assets.ea.com/images/1ylwMQ1ia5SGcXYoIKhtdK/b24a8fed6fb30e01ea3fd15184b0046c/l10029.png,CB,52,75,52,51,52,70,76,Right,189,87,Bundesliga
73456,Štěpán Chaloupek,https://ratings-images-prod.pulse.ea.com/FC25/full/player-portraits/p73456.png?padding=0.7,Czech Republic,12,https://drop-assets.ea.com/images/3yIKmUj5BRZgJtSLR6do7t/484fa785d4f5c3f900ba80eddf3a70dc/f_12.png,https://drop-assets.ea.com/images/50ZlXnzmauE6zv0Hn5WifN/8d941df874a7753f22f33585999fa0ce/l266.png,https://drop-assets.ea.com/images/50ZlXnzmauE6zv0Hn5WifN/8d941df874a7753f22f33585999fa0ce/l266.png,https://drop-assets.ea.com/images/50ZlXnzmauE6zv0Hn5WifN/8d941df874a7753f22f33585999fa0ce/l266.png,CB,57,69,57,52,57,68,76,Right,188,68,Česká Liga
236792,Tomáš Souček,https://ratings-images-prod.pulse.ea.com/FC25/full/player-portraits/p236792.png?padding=0.7,Czech Republic,12,https://drop-assets.ea.com/images/3yIKmUj5BRZgJtSLR6do7t/484fa785d4f5c3f900ba80eddf3a70dc/f_12.png,https://drop-assets.ea.com/images/60X4vXPDgGISHaqyOdUGkg/c7def9840658d49d646e4895e9e04e94/l19.png,https://drop-assets.ea.com/images/60X4vXPDgGISHaqyOdUGkg/c7def9840658d49d646e4895e9e04e94/l19.png,https://drop-assets.ea.com/images/60X4vXPDgGISHaqyOdUGkg/c7def9840658d49d646e4895e9e04e94/l19.png,CDM,68,45,68,71,68,78,82,Right,192,86,Premier League
fm_25019899,Vladimír Darida,//img.fminside.net/facesfm26/25019899.png,Czech Republic,,https://fminside.net/players/7-fm-26/25019899-vladimir-darida,Hradec Kralové,472,//img.fminside.net/logos/Men/Clubs/Normal/472.png,CM,60,53,60,60,62,50,45,Right,172,67,
253727,Lukáš Provod,https://ratings-images-prod.pulse.ea.com/FC25/full/player-portraits/p253727.png?padding=0.7,Czech Republic,12,https://drop-assets.ea.com/images/3yIKmUj5BRZgJtSLR6do7t/484fa785d4f5c3f900ba80eddf3a70dc/f_12.png,https://drop-assets.ea.com/images/50ZlXnzmauE6zv0Hn5WifN/8d941df874a7753f22f33585999fa0ce/l266.png,https://drop-assets.ea.com/images/50ZlXnzmauE6zv0Hn5WifN/8d941df874a7753f22f33585999fa0ce/l266.png,https://drop-assets.ea.com/images/50ZlXnzmauE6zv0Hn5WifN/8d941df874a7753f22f33585999fa0ce/l266.png,CAM,78,76,78,78,78,64,82,Left,191,85,Česká Liga
245209,Michal Sadílek,https://ratings-images-prod.pulse.ea.com/FC25/full/player-portraits/p245209.png?padding=0.7,Czech Republic,12,https://drop-assets.ea.com/images/3yIKmUj5BRZgJtSLR6do7t/484fa785d4f5c3f900ba80eddf3a70dc/f_12.png,https://drop-assets.ea.com/images/50ZlXnzmauE6zv0Hn5WifN/8d941df874a7753f22f33585999fa0ce/l266.png,https://drop-assets.ea.com/images/50ZlXnzmauE6zv0Hn5WifN/8d941df874a7753f22f33585999fa0ce/l266.png,https://drop-assets.ea.com/images/50ZlXnzmauE6zv0Hn5WifN/8d941df874a7753f22f33585999fa0ce/l266.png,CDM,71,53,71,75,71,72,79,Left,170,63,Česká Liga
247050,Pavel Šulc,https://ratings-images-prod.pulse.ea.com/FC25/full/player-portraits/p247050.png?padding=0.7,Czech Republic,12,https://drop-assets.ea.com/images/3yIKmUj5BRZgJtSLR6do7t/484fa785d4f5c3f900ba80eddf3a70dc/f_12.png,https://drop-assets.ea.com/images/s2BAEtejMk8pyJDqN3uyR/9938fd597d35ed59158d5b441aa07455/l66.png,https://drop-assets.ea.com/images/s2BAEtejMk8pyJDqN3uyR/9938fd597d35ed59158d5b441aa07455/l66.png,https://drop-assets.ea.com/images/s2BAEtejMk8pyJDqN3uyR/9938fd597d35ed59158d5b441aa07455/l66.png,CAM,77,71,77,74,77,39,64,Right,175,67,Ligue 1 McDonald's
71259,Lukáš Červ,https://ratings-images-prod.pulse.ea.com/FC25/full/player-portraits/p71259.png?padding=0.7,Czech Republic,12,https://drop-assets.ea.com/images/3yIKmUj5BRZgJtSLR6do7t/484fa785d4f5c3f900ba80eddf3a70dc/f_12.png,https://drop-assets.ea.com/images/5LmNp7F4reMrhue3FZ3lD5/7222160e6e0c97516d2c783964ac3c8c/l110468.png,https://drop-assets.ea.com/images/5LmNp7F4reMrhue3FZ3lD5/7222160e6e0c97516d2c783964ac3c8c/l110468.png,https://drop-assets.ea.com/images/5LmNp7F4reMrhue3FZ3lD5/7222160e6e0c97516d2c783964ac3c8c/l110468.png,CDM,69,69,69,67,69,71,78,Right,182,74,Česká Liga
fm_2000485504,Hugo Sochůrek,//img.fminside.net/faces/default-male.png,Czech Republic,,https://img.fminside.net/flag-svg/cz.svg,Sparta Prague,476,//img.fminside.net/logos/Men/Clubs/Normal/476.png,MC,46,65,46,44,46,29,40,Right,183,78,FORTUNA:LIGA
fm_2000061542,Alexandr Sojka,//img.fminside.net/facesfm26/2000061542.png,Czech Republic,,https://fminside.net/players/7-fm-26/2000061542-alexandr-sojka,Viktoria Plzeň,477,//img.fminside.net/logos/Men/Clubs/Normal/477.png,CM,59,58,40,67,57,60,67,Left,188,75,První liga
80073,Denis Višinský,https://ratings-images-prod.pulse.ea.com/FC25/full/player-portraits/p80073.png?padding=0.7,Czech Republic,12,https://drop-assets.ea.com/images/3yIKmUj5BRZgJtSLR6do7t/484fa785d4f5c3f900ba80eddf3a70dc/f_12.png,https://drop-assets.ea.com/images/5LmNp7F4reMrhue3FZ3lD5/7222160e6e0c97516d2c783964ac3c8c/l110468.png,https://drop-assets.ea.com/images/5LmNp7F4reMrhue3FZ3lD5/7222160e6e0c97516d2c783964ac3c8c/l110468.png,https://drop-assets.ea.com/images/5LmNp7F4reMrhue3FZ3lD5/7222160e6e0c97516d2c783964ac3c8c/l110468.png,LW,69,76,69,65,69,47,59,Right,178,69,Česká Liga
234236,Patrik Schick,https://ratings-images-prod.pulse.ea.com/FC25/full/player-portraits/p234236.png?padding=0.7,Czech Republic,12,https://drop-assets.ea.com/images/3yIKmUj5BRZgJtSLR6do7t/484fa785d4f5c3f900ba80eddf3a70dc/f_12.png,https://drop-assets.ea.com/images/mGqQw1um1ucUAshcK0Eop/9c7fe656f526c98b217ff2a052377b5c/l32.png,https://drop-assets.ea.com/images/mGqQw1um1ucUAshcK0Eop/9c7fe656f526c98b217ff2a052377b5c/l32.png,https://drop-assets.ea.com/images/mGqQw1um1ucUAshcK0Eop/9c7fe656f526c98b217ff2a052377b5c/l32.png,ST,81,72,81,71,81,38,77,Left,191,87,Bundesliga
246618,Adam Hložek,https://ratings-images-prod.pulse.ea.com/FC25/full/player-portraits/p246618.png?padding=0.7,Czech Republic,12,https://drop-assets.ea.com/images/3yIKmUj5BRZgJtSLR6do7t/484fa785d4f5c3f900ba80eddf3a70dc/f_12.png,https://drop-assets.ea.com/images/1ylwMQ1ia5SGcXYoIKhtdK/b24a8fed6fb30e01ea3fd15184b0046c/l10029.png,https://drop-assets.ea.com/images/1ylwMQ1ia5SGcXYoIKhtdK/b24a8fed6fb30e01ea3fd15184b0046c/l10029.png,https://drop-assets.ea.com/images/1ylwMQ1ia5SGcXYoIKhtdK/b24a8fed6fb30e01ea3fd15184b0046c/l10029.png,ST,77,78,77,72,77,31,79,Right,188,84,Bundesliga
257536,Jan Kuchta,https://ratings-images-prod.pulse.ea.com/FC25/full/player-portraits/p257536.png?padding=0.7,Czech Republic,12,https://drop-assets.ea.com/images/3yIKmUj5BRZgJtSLR6do7t/484fa785d4f5c3f900ba80eddf3a70dc/f_12.png,https://drop-assets.ea.com/images/WsjKkMgEXh4mceoAQzFIi/d0b9c0ac886f0f3f3f91ca6ebda21577/l267.png,https://drop-assets.ea.com/images/WsjKkMgEXh4mceoAQzFIi/d0b9c0ac886f0f3f3f91ca6ebda21577/l267.png,https://drop-assets.ea.com/images/WsjKkMgEXh4mceoAQzFIi/d0b9c0ac886f0f3f3f91ca6ebda21577/l267.png,ST,71,77,71,64,71,34,80,Right,185,81,Česká Liga
244793,Tomáš Chorý,https://ratings-images-prod.pulse.ea.com/FC25/full/player-portraits/p244793.png?padding=0.7,Czech Republic,12,https://drop-assets.ea.com/images/3yIKmUj5BRZgJtSLR6do7t/484fa785d4f5c3f900ba80eddf3a70dc/f_12.png,https://drop-assets.ea.com/images/50ZlXnzmauE6zv0Hn5WifN/8d941df874a7753f22f33585999fa0ce/l266.png,https://drop-assets.ea.com/images/50ZlXnzmauE6zv0Hn5WifN/8d941df874a7753f22f33585999fa0ce/l266.png,https://drop-assets.ea.com/images/50ZlXnzmauE6zv0Hn5WifN/8d941df874a7753f22f33585999fa0ce/l266.png,ST,64,57,64,60,64,32,88,Right,200,101,Česká Liga
274906,Mojmír Chytil,https://ratings-images-prod.pulse.ea.com/FC25/full/player-portraits/p274906.png?padding=0.7,Czech Republic,12,https://drop-assets.ea.com/images/3yIKmUj5BRZgJtSLR6do7t/484fa785d4f5c3f900ba80eddf3a70dc/f_12.png,https://drop-assets.ea.com/images/50ZlXnzmauE6zv0Hn5WifN/8d941df874a7753f22f33585999fa0ce/l266.png,https://drop-assets.ea.com/images/50ZlXnzmauE6zv0Hn5WifN/8d941df874a7753f22f33585999fa0ce/l266.png,https://drop-assets.ea.com/images/50ZlXnzmauE6zv0Hn5WifN/8d941df874a7753f22f33585999fa0ce/l266.png,ST,68,73,68,55,68,29,81,Right,187,82,Česká Liga
fm_5666492,Guillermo Ochoa,//img.fminside.net/facesfm26/5666492.png,Mexico,,https://fminside.net/players/7-fm-26/5666492-guillermo-ochoa,AEL,449,//img.fminside.net/logos/Men/Clubs/Normal/449.png,GK,62,48,50,55,53,75,64,Right,183,78,
fm_51078426,Raúl Rangel,//img.fminside.net/facesfm26/51078426.png,Mexico,,https://fminside.net/players/7-fm-26/51078426-raul-rangel,Guadalajara,1255,//img.fminside.net/logos/Men/Clubs/Normal/1255.png,GK,66,63,65,57,45,67,60,Right,187,81,
fm_51049626,Carlos Acevedo,//img.fminside.net/facesfm26/51049626.png,Mexico,,https://fminside.net/players/7-fm-26/51049626-carlos-acevedo,Santos Laguna,106029,//img.fminside.net/logos/Men/Clubs/Normal/106029.png,GK,64,53,45,49,65,65,62,Right,184,74,
fm_51049312,Jesús Gallardo,//img.fminside.net/facesfm26/51049312.png,Mexico,,https://fminside.net/players/7-fm-26/51049312-jesus-gallardo,Toluca,102355,//img.fminside.net/logos/Men/Clubs/Normal/102355.png,LB,68,70,52,65,62,70,57,Left,178,73,
fm_51055610,César Montes,//img.fminside.net/facesfm26/51055610.png,Mexico,,https://fminside.net/players/7-fm-26/51055610-cesar-montes,Lokomotiv Moscow,1525,//img.fminside.net/logos/Men/Clubs/Normal/1525.png,CB,64,48,49,50,47,67,75,Right,195,84,
fm_51055821,Jorge Sánchez,//img.fminside.net/facesfm26/51055821.png,Mexico,,https://fminside.net/players/7-fm-26/51055821-jorge-sanchez,PAOK Saloniki,982,//img.fminside.net/logos/Men/Clubs/Normal/982.png,RB,65,78,37,55,61,67,57,Right,175,71,Super League
244349,Johan Vásquez,https://ratings-images-prod.pulse.ea.com/FC25/full/player-portraits/p244349.png?padding=0.7,Mexico,83,https://drop-assets.ea.com/images/3m4cwLXvHQdesnFwv0Glk6/4adea5e8e658a7ce798dd0ba1521cdda/f_83.png,https://drop-assets.ea.com/images/K5vcQ5KjT64Rr1dZZu3RG/0955cabcb0645ef5649ed69904e4b502/l110556.png,https://drop-assets.ea.com/images/K5vcQ5KjT64Rr1dZZu3RG/0955cabcb0645ef5649ed69904e4b502/l110556.png,https://drop-assets.ea.com/images/K5vcQ5KjT64Rr1dZZu3RG/0955cabcb0645ef5649ed69904e4b502/l110556.png,CB,60,61,60,58,60,76,75,Left,185,72,Serie A Enilive
fm_51074470,Israel Reyes,//img.fminside.net/facesfm26/51074470.png,Mexico,,https://fminside.net/players/7-fm-26/51074470-israel-reyes,Club América,1253,//img.fminside.net/logos/Men/Clubs/Normal/1253.png,CB,68,70,45,57,65,75,64,Right,180,73,
78784,Mateo Chávez,https://ratings-images-prod.pulse.ea.com/FC25/full/player-portraits/p78784.png?padding=0.7,Mexico,83,https://drop-assets.ea.com/images/3m4cwLXvHQdesnFwv0Glk6/4adea5e8e658a7ce798dd0ba1521cdda/f_83.png,,,,LB,71,82,71,64,71,65,68,Left,177,72,Eredivisie
235844,Edson Álvarez,https://ratings-images-prod.pulse.ea.com/FC25/full/player-portraits/p235844.png?padding=0.7,Mexico,83,https://drop-assets.ea.com/images/3m4cwLXvHQdesnFwv0Glk6/4adea5e8e658a7ce798dd0ba1521cdda/f_83.png,https://drop-assets.ea.com/images/3sfoNHvqDPqhM1PsEE1sNM/b9dcc82d0e2fba3efc8e8d0ed4c216a6/l326.png,https://drop-assets.ea.com/images/3sfoNHvqDPqhM1PsEE1sNM/b9dcc82d0e2fba3efc8e8d0ed4c216a6/l326.png,https://drop-assets.ea.com/images/3sfoNHvqDPqhM1PsEE1sNM/b9dcc82d0e2fba3efc8e8d0ed4c216a6/l326.png,CDM,72,65,72,69,72,78,79,Right,187,73,Trendyol Süper Lig
224574,Orbelín Pineda,https://ratings-images-prod.pulse.ea.com/FC25/full/player-portraits/p224574.png?padding=0.7,Mexico,83,https://drop-assets.ea.com/images/3m4cwLXvHQdesnFwv0Glk6/4adea5e8e658a7ce798dd0ba1521cdda/f_83.png,https://drop-assets.ea.com/images/4qTLnCKd5EuaAqSHT6TqiQ/e696de56fdde60bfd4d62ec6b59682ee/l278.png,https://drop-assets.ea.com/images/4qTLnCKd5EuaAqSHT6TqiQ/e696de56fdde60bfd4d62ec6b59682ee/l278.png,https://drop-assets.ea.com/images/4qTLnCKd5EuaAqSHT6TqiQ/e696de56fdde60bfd4d62ec6b59682ee/l278.png,CAM,81,81,81,72,81,68,69,Right,169,63,Hellas Liga
fm_51045753,Roberto Alvarado,//img.fminside.net/facesfm26/51045753.png,Mexico,,https://fminside.net/players/7-fm-26/51045753-roberto-alvarado,Guadalajara,1255,//img.fminside.net/logos/Men/Clubs/Normal/1255.png,RM,70,70,59,70,70,37,52,Left,172,70,
fm_51042458,Luis Romo,//img.fminside.net/facesfm26/51042458.png,Mexico,,https://fminside.net/players/7-fm-26/51042458-luis-romo,Guadalajara,1255,//img.fminside.net/logos/Men/Clubs/Normal/1255.png,CDM,68,65,55,65,60,60,67,Right,182,84,
78784,Luis Chávez,https://ratings-images-prod.pulse.ea.com/FC25/full/player-portraits/p78784.png?padding=0.7,Mexico,83,https://drop-assets.ea.com/images/3m4cwLXvHQdesnFwv0Glk6/4adea5e8e658a7ce798dd0ba1521cdda/f_83.png,,,,LB,71,82,71,64,71,65,68,Left,177,72,Eredivisie
fm_51073017,Érik Lira,//img.fminside.net/facesfm26/51073017.png,Mexico,,https://fminside.net/players/7-fm-26/51073017-erik-lira,Cruz Azul,1254,//img.fminside.net/logos/Men/Clubs/Normal/1254.png,CDM,67,55,55,69,63,69,44,Right,170,70,
260984,Brian Gutiérrez,https://ratings-images-prod.pulse.ea.com/FC25/full/player-portraits/p260984.png?padding=0.7,Mexico,95,https://drop-assets.ea.com/images/7ZVadlJQIutRH5P85wr76/c2456a2d76146d19f98c2c3071136dcf/f_95.png,https://drop-assets.ea.com/images/7k2qagGU1kOmxOQfXiNYMm/dd188abb2e3ac2d56015ca1ad0115d0c/l693.png,https://drop-assets.ea.com/images/7k2qagGU1kOmxOQfXiNYMm/dd188abb2e3ac2d56015ca1ad0115d0c/l693.png,https://drop-assets.ea.com/images/7k2qagGU1kOmxOQfXiNYMm/dd188abb2e3ac2d56015ca1ad0115d0c/l693.png,LM,69,67,69,64,69,41,58,Right,178,64,MLS
fm_2000496104,Gilberto Mora,//img.fminside.net/facesfm26/2000496104.png,Mexico,,https://img.fminside.net/flag-svg/mx.svg,Tijuana,136021,//img.fminside.net/logos/Men/Clubs/Normal/136021.png,AMC,73,63,73,69,73,24,37,Right,168,63,Liga BBVA MX
263701,Obed Vargas,https://ratings-images-prod.pulse.ea.com/FC25/full/player-portraits/p263701.png?padding=0.7,Mexico,83,https://drop-assets.ea.com/images/3m4cwLXvHQdesnFwv0Glk6/4adea5e8e658a7ce798dd0ba1521cdda/f_83.png,https://drop-assets.ea.com/images/shSYfoaz73Wl4jmu7iCIe/4e5b8a5d40d573c7de9b2899452d78cf/l111144.png,https://drop-assets.ea.com/images/shSYfoaz73Wl4jmu7iCIe/4e5b8a5d40d573c7de9b2899452d78cf/l111144.png,https://drop-assets.ea.com/images/shSYfoaz73Wl4jmu7iCIe/4e5b8a5d40d573c7de9b2899452d78cf/l111144.png,CM,73,74,73,64,73,63,57,Right,175,68,MLS
fm_67225486,Álvaro Fidalgo,//img.fminside.net/facesfm26/67225486.png,Mexico,,https://img.fminside.net/flag-svg/mx.svg,Real Betis,1733,//img.fminside.net/logos/Men/Clubs/Normal/1733.png,MC,73,70,73,79,73,40,45,Right,166,61,LaLiga
204838,Raúl Jiménez,https://ratings-images-prod.pulse.ea.com/FC25/full/player-portraits/p204838.png?padding=0.7,Mexico,83,https://drop-assets.ea.com/images/3m4cwLXvHQdesnFwv0Glk6/4adea5e8e658a7ce798dd0ba1521cdda/f_83.png,https://drop-assets.ea.com/images/1YL8ULAZyOPtffpFGZcGe8/84ec5701079276f33aa349d253fa0321/l144.png,https://drop-assets.ea.com/images/1YL8ULAZyOPtffpFGZcGe8/84ec5701079276f33aa349d253fa0321/l144.png,https://drop-assets.ea.com/images/1YL8ULAZyOPtffpFGZcGe8/84ec5701079276f33aa349d253fa0321/l144.png,ST,75,57,75,74,75,46,79,Right,190,81,Premier League
fm_51054788,Alexis Vega,//img.fminside.net/facesfm26/51054788.png,Mexico,,https://fminside.net/players/7-fm-26/51054788-alexis-vega,Toluca,102355,//img.fminside.net/logos/Men/Clubs/Normal/102355.png,CAM,72,65,67,59,71,42,65,Right,174,75,
245152,Santiago Giménez,https://ratings-images-prod.pulse.ea.com/FC25/full/player-portraits/p245152.png?padding=0.7,Mexico,83,https://drop-assets.ea.com/images/3m4cwLXvHQdesnFwv0Glk6/4adea5e8e658a7ce798dd0ba1521cdda/f_83.png,https://drop-assets.ea.com/images/6D3s1RlLRER3UOunC4Lofv/ec87a4178160a87521b0b7c688e7638e/l131681.png,https://drop-assets.ea.com/images/6D3s1RlLRER3UOunC4Lofv/ec87a4178160a87521b0b7c688e7638e/l131681.png,https://drop-assets.ea.com/images/6D3s1RlLRER3UOunC4Lofv/ec87a4178160a87521b0b7c688e7638e/l131681.png,ST,77,78,77,70,77,46,69,Left,183,68,Serie A Enilive
246289,César Huerta,https://ratings-images-prod.pulse.ea.com/FC25/full/player-portraits/p246289.png?padding=0.7,Mexico,83,https://drop-assets.ea.com/images/3m4cwLXvHQdesnFwv0Glk6/4adea5e8e658a7ce798dd0ba1521cdda/f_83.png,https://drop-assets.ea.com/images/6fPz45ZIDQWOd7Lqv0GuZF/045eacfd4e3fade98ceca05cb12b6c60/l229.png,https://drop-assets.ea.com/images/6fPz45ZIDQWOd7Lqv0GuZF/045eacfd4e3fade98ceca05cb12b6c60/l229.png,https://drop-assets.ea.com/images/6fPz45ZIDQWOd7Lqv0GuZF/045eacfd4e3fade98ceca05cb12b6c60/l229.png,LW,75,84,75,68,75,48,70,Right,171,67,1A Pro League
234579,Julián Quiñones,https://ratings-images-prod.pulse.ea.com/FC25/full/player-portraits/p234579.png?padding=0.7,Mexico,83,https://drop-assets.ea.com/images/3m4cwLXvHQdesnFwv0Glk6/4adea5e8e658a7ce798dd0ba1521cdda/f_83.png,https://drop-assets.ea.com/images/OQhve5ubflu5c5OXWRlUV/4874b82f2bab16f04e6702812ac521a6/l112391.png,https://drop-assets.ea.com/images/OQhve5ubflu5c5OXWRlUV/4874b82f2bab16f04e6702812ac521a6/l112391.png,https://drop-assets.ea.com/images/OQhve5ubflu5c5OXWRlUV/4874b82f2bab16f04e6702812ac521a6/l112391.png,ST,79,88,79,70,79,36,83,Right,180,78,ROSHN Saudi League
fm_51031041,Guillermo Martínez,//img.fminside.net/facesfm26/51031041.png,Mexico,,https://fminside.net/players/7-fm-26/51031041-guillermo-martinez,Pumas,1260,//img.fminside.net/logos/Men/Clubs/Normal/1260.png,ST,62,48,69,54,63,35,74,Left,191,93,
fm_2000129894,Armando González,//img.fminside.net/facesfm26/2000129894.png,Mexico,,https://fminside.net/players/7-fm-26/2000129894-armando-gonzalez,Guadalajara,1255,//img.fminside.net/logos/Men/Clubs/Normal/1255.png,ST,54,58,65,57,57,34,49,Right,178,68,
fm_65010145,Ronwen Williams,//img.fminside.net/facesfm26/65010145.png,South Africa,,https://img.fminside.net/flag-svg/za.svg,Sundowns,1644,//img.fminside.net/logos/Men/Clubs/Normal/1644.png,GK,60,48,60,79,60,69,60,Left,184,79,Premiership
fm_65027035,Ricardo Goss,//img.fminside.net/facesfm26/65027035.png,South Africa,,https://img.fminside.net/flag-svg/za.svg,Sundowns,1644,//img.fminside.net/logos/Men/Clubs/Normal/1644.png,GK,50,58,50,60,50,55,49,Right,181,76,Premiership
fm_65036449,Sipho Chaine,//img.fminside.net/facesfm26/65036449.png,South Africa,,https://img.fminside.net/flag-svg/za.svg,Orlando Pirates,1645,//img.fminside.net/logos/Men/Clubs/Normal/1645.png,GK,70,63,70,55,70,60,50,Right,187,82,Premiership
fm_65029935,Aubrey Modiba,//img.fminside.net/facesfm26/65029935.png,South Africa,,https://img.fminside.net/flag-svg/za.svg,Sundowns,1644,//img.fminside.net/logos/Men/Clubs/Normal/1644.png,DL,60,73,60,55,60,54,37,Left,171,66,Premiership
fm_65039447,Khuliso Mudau,//img.fminside.net/facesfm26/65039447.png,South Africa,,https://img.fminside.net/flag-svg/za.svg,Sundowns,1644,//img.fminside.net/logos/Men/Clubs/Normal/1644.png,DR,59,75,59,57,59,54,59,Right,181,76,Premiership
fm_65038281,Nkosinathi Sibisi,//img.fminside.net/facesfm26/65038281.png,South Africa,,https://img.fminside.net/flag-svg/za.svg,Orlando Pirates,1645,//img.fminside.net/logos/Men/Clubs/Normal/1645.png,DC,53,58,53,44,53,62,50,Right,177,72,Premiership
fm_2000294631,Mbekezeli Mbokazi,//img.fminside.net/faces/default-male.png,South Africa,,https://img.fminside.net/flag-svg/za.svg,Chicago Fire,108893,//img.fminside.net/logos/Men/Clubs/Normal/108893.png,DC,49,55,49,64,49,65,65,Left,180,75,MLS
79280,Ime Okon,https://ratings-images-prod.pulse.ea.com/FC25/full/player-portraits/p79280.png?padding=0.7,South Africa,140,https://drop-assets.ea.com/images/34ACNZ7mpbJrZYxcKFNic7/2bc73d69320c47475ee72071e37a71bb/f_140.png,https://drop-assets.ea.com/images/1TJxIrTqB2N7LSZZiKYoVl/f16269b889ec4647e87d35369a9adf97/l485.png,https://drop-assets.ea.com/images/1TJxIrTqB2N7LSZZiKYoVl/f16269b889ec4647e87d35369a9adf97/l485.png,https://drop-assets.ea.com/images/1TJxIrTqB2N7LSZZiKYoVl/f16269b889ec4647e87d35369a9adf97/l485.png,CB,59,77,59,44,59,68,70,Right,187,86,Bundesliga 2
77951,Samukele Kabini,https://ratings-images-prod.pulse.ea.com/FC25/full/player-portraits/p77951.png?padding=0.7,South Africa,140,https://drop-assets.ea.com/images/34ACNZ7mpbJrZYxcKFNic7/2bc73d69320c47475ee72071e37a71bb/f_140.png,https://drop-assets.ea.com/images/2q4audoCo1FZkqfch2Ykld/e91ffa1e19e9b824d5375a52dd5bbfe7/l417.png,https://drop-assets.ea.com/images/2q4audoCo1FZkqfch2Ykld/e91ffa1e19e9b824d5375a52dd5bbfe7/l417.png,https://drop-assets.ea.com/images/2q4audoCo1FZkqfch2Ykld/e91ffa1e19e9b824d5375a52dd5bbfe7/l417.png,LB,60,71,60,54,60,59,60,Left,181,72,Eliteserien
fm_2000345812,Khulumani Ndamane,//img.fminside.net/faces/default-male.png,South Africa,,https://img.fminside.net/flag-svg/za.svg,Sundowns,1644,//img.fminside.net/logos/Men/Clubs/Normal/1644.png,DC,44,70,44,27,44,67,50,Left,183,78,Premiership
fm_2000119611,Thabang Matuludi,//img.fminside.net/faces/default-male.png,South Africa,,https://img.fminside.net/flag-svg/za.svg,Polokwane City,65028128,//img.fminside.net/logos/Men/Clubs/Normal/65028128.png,DR,49,68,49,45,49,65,55,Right,186,81,Premiership
fm_2000146174,Kamogelo Sebelebele,//img.fminside.net/faces/default-male.png,South Africa,,https://img.fminside.net/flag-svg/za.svg,Orlando Pirates,1645,//img.fminside.net/logos/Men/Clubs/Normal/1645.png,WBR,55,75,55,52,55,35,35,Right,181,76,Premiership
fm_65042326,Bradley Cross,//img.fminside.net/facesfm26/65042326.png,South Africa,,https://img.fminside.net/flag-svg/za.svg,Kaizer Chiefs,1643,//img.fminside.net/logos/Men/Clubs/Normal/1643.png,DL,50,70,50,49,50,67,44,Left,183,78,Premiership
278688,Olwethu Makhanya,https://ratings-images-prod.pulse.ea.com/FC25/full/player-portraits/p278688.png?padding=0.7,South Africa,140,https://drop-assets.ea.com/images/34ACNZ7mpbJrZYxcKFNic7/2bc73d69320c47475ee72071e37a71bb/f_140.png,https://drop-assets.ea.com/images/5okVfDvo8Vcgp5mqovBHJm/c286d0caa8776d5d9a6ff7b9f43a4c3d/l112134.png,https://drop-assets.ea.com/images/5okVfDvo8Vcgp5mqovBHJm/c286d0caa8776d5d9a6ff7b9f43a4c3d/l112134.png,https://drop-assets.ea.com/images/5okVfDvo8Vcgp5mqovBHJm/c286d0caa8776d5d9a6ff7b9f43a4c3d/l112134.png,CB,44,74,44,42,44,56,64,Right,185,72,MLS
fm_65033785,Teboho Mokoena,//img.fminside.net/facesfm26/65033785.png,South Africa,,https://img.fminside.net/flag-svg/za.svg,Sundowns,1644,//img.fminside.net/logos/Men/Clubs/Normal/1644.png,DM,57,70,57,64,57,59,50,Right,176,71,Premiership
257293,Sphephelo Sithole,https://ratings-images-prod.pulse.ea.com/FC25/full/player-portraits/p257293.png?padding=0.7,South Africa,140,https://drop-assets.ea.com/images/34ACNZ7mpbJrZYxcKFNic7/2bc73d69320c47475ee72071e37a71bb/f_140.png,https://drop-assets.ea.com/images/5eGLuUQ7QJe7WZDeV8Fn68/85877ae47ca0c536e2d470e2171ad2d3/l112516.png,https://drop-assets.ea.com/images/5eGLuUQ7QJe7WZDeV8Fn68/85877ae47ca0c536e2d470e2171ad2d3/l112516.png,https://drop-assets.ea.com/images/5eGLuUQ7QJe7WZDeV8Fn68/85877ae47ca0c536e2d470e2171ad2d3/l112516.png,CDM,61,64,61,59,61,64,74,Right,188,80,Liga Portugal
fm_65043671,Thalente Mbatha,//img.fminside.net/facesfm26/65043671.png,South Africa,,https://img.fminside.net/flag-svg/za.svg,Orlando Pirates,1645,//img.fminside.net/logos/Men/Clubs/Normal/1645.png,DM,50,65,50,59,50,42,64,Right,188,83,Premiership
fm_65045638,Jayden Adams,//img.fminside.net/facesfm26/65045638.png,South Africa,,https://img.fminside.net/flag-svg/za.svg,Sundowns,1644,//img.fminside.net/logos/Men/Clubs/Normal/1644.png,AMC,58,73,58,52,58,47,60,Right,180,75,Premiership
fm_65010100,Themba Zwane,//img.fminside.net/facesfm26/65010100.png,South Africa,,https://img.fminside.net/flag-svg/za.svg,Sundowns,1644,//img.fminside.net/logos/Men/Clubs/Normal/1644.png,ML,67,73,67,74,67,45,50,Right,170,65,Premiership
241173,Lyle Foster,https://ratings-images-prod.pulse.ea.com/FC25/full/player-portraits/p241173.png?padding=0.7,South Africa,140,https://drop-assets.ea.com/images/34ACNZ7mpbJrZYxcKFNic7/2bc73d69320c47475ee72071e37a71bb/f_140.png,https://drop-assets.ea.com/images/6CqBvyQgjJzPA5vU64paT8/03d21bd0df65afa73b752f66ca5c1714/l1796.png,https://drop-assets.ea.com/images/6CqBvyQgjJzPA5vU64paT8/03d21bd0df65afa73b752f66ca5c1714/l1796.png,https://drop-assets.ea.com/images/6CqBvyQgjJzPA5vU64paT8/03d21bd0df65afa73b752f66ca5c1714/l1796.png,ST,69,81,69,61,69,36,73,Right,185,70,Premier League
fm_65045975,Evidence Makgopa,//img.fminside.net/facesfm26/65045975.png,South Africa,,https://img.fminside.net/flag-svg/za.svg,Orlando Pirates,1645,//img.fminside.net/logos/Men/Clubs/Normal/1645.png,ST,54,70,54,49,54,35,67,Right,188,83,Premiership
fm_65037417,Oswin Appollis,//img.fminside.net/facesfm26/65037417.png,South Africa,,https://img.fminside.net/flag-svg/za.svg,Orlando Pirates,1645,//img.fminside.net/logos/Men/Clubs/Normal/1645.png,AML,70,73,70,65,70,44,29,Right,171,66,Premiership
fm_65030271,Iqraam Rayners,//img.fminside.net/facesfm26/65030271.png,South Africa,,https://img.fminside.net/flag-svg/za.svg,Sundowns,1644,//img.fminside.net/logos/Men/Clubs/Normal/1644.png,AMR,58,85,58,64,58,32,44,Right,176,71,Premiership
fm_2000187005,Relebohile Mofokeng,//img.fminside.net/facesfm26/2000187005.png,South Africa,,https://img.fminside.net/flag-svg/za.svg,Orlando Pirates,1645,//img.fminside.net/logos/Men/Clubs/Normal/1645.png,AMR,61,75,61,60,61,29,34,Right,171,66,Premiership
fm_2000146196,Thapelo Maseko,//img.fminside.net/facesfm26/2000146196.png,South Africa,,https://img.fminside.net/flag-svg/za.svg,Sundowns,1644,//img.fminside.net/logos/Men/Clubs/Normal/1644.png,AMR,59,85,59,40,59,32,35,Left,178,73,Premiership
fm_2000078876,Tshepang Moremi,//img.fminside.net/facesfm26/2000078876.png,South Africa,,https://img.fminside.net/flag-svg/za.svg,Orlando Pirates,1645,//img.fminside.net/logos/Men/Clubs/Normal/1645.png,AMR,59,88,59,57,59,39,29,Left,176,71,Premiership
fm_66000930,Kim Seung-gyu,//img.fminside.net/facesfm26/66000930.png,South Korea,,https://img.fminside.net/flag-svg/kr.svg,FC Tokyo,107313,//img.fminside.net/logos/Men/Clubs/Normal/107313.png,GK,60,35,60,55,60,70,63,Right,189,84,J.League 1
212432,Jo Hyeon-woo,https://ratings-images-prod.pulse.ea.com/FC25/full/player-portraits/p212432.png?padding=0.7,South Korea,167,https://drop-assets.ea.com/images/1dVkB8X9Wb0vnMLflqc8EP/c44c481c48f80fa33f1056628596b957/f_167.png,https://drop-assets.ea.com/images/4JSzJwU0mAeHMAO6coONRs/405ce029cfc5e18af22441e2141a8a73/l1473.png,https://drop-assets.ea.com/images/4JSzJwU0mAeHMAO6coONRs/405ce029cfc5e18af22441e2141a8a73/l1473.png,https://drop-assets.ea.com/images/4JSzJwU0mAeHMAO6coONRs/405ce029cfc5e18af22441e2141a8a73/l1473.png,GK,77,79,77,62,77,51,73,Right,189,75,K League 1
238570,Song Bum-keun,https://ratings-images-prod.pulse.ea.com/FC25/full/player-portraits/p238570.png?padding=0.7,South Korea,167,https://drop-assets.ea.com/images/1dVkB8X9Wb0vnMLflqc8EP/c44c481c48f80fa33f1056628596b957/f_167.png,https://drop-assets.ea.com/images/6IFYQ6ZaqQ2I9oIzFaouTx/1a1acfce338af628fcb049aa4514a260/l1477.png,https://drop-assets.ea.com/images/6IFYQ6ZaqQ2I9oIzFaouTx/1a1acfce338af628fcb049aa4514a260/l1477.png,https://drop-assets.ea.com/images/6IFYQ6ZaqQ2I9oIzFaouTx/1a1acfce338af628fcb049aa4514a260/l1477.png,GK,76,76,76,67,76,25,72,Right,194,88,K League 1
237086,Kim Min-jae,https://ratings-images-prod.pulse.ea.com/FC25/full/player-portraits/p237086.png?padding=0.7,South Korea,167,https://drop-assets.ea.com/images/1dVkB8X9Wb0vnMLflqc8EP/c44c481c48f80fa33f1056628596b957/f_167.png,https://drop-assets.ea.com/images/3p0dv1pGWIH6lGAKZssZKH/4f70d2c5a3c147f3e006c863e85e4993/l21.png,https://drop-assets.ea.com/images/3p0dv1pGWIH6lGAKZssZKH/4f70d2c5a3c147f3e006c863e85e4993/l21.png,https://drop-assets.ea.com/images/3p0dv1pGWIH6lGAKZssZKH/4f70d2c5a3c147f3e006c863e85e4993/l21.png,CB,63,73,63,58,63,83,84,Right,190,81,Bundesliga
244800,Kim Moon-hwan,https://ratings-images-prod.pulse.ea.com/FC25/full/player-portraits/p244800.png?padding=0.7,South Korea,167,https://drop-assets.ea.com/images/1dVkB8X9Wb0vnMLflqc8EP/c44c481c48f80fa33f1056628596b957/f_167.png,https://drop-assets.ea.com/images/3M6vf1wgtgGyRj63KAD9m3/cc8481d2a07596b39d64d990fdc173b2/l980.png,https://drop-assets.ea.com/images/3M6vf1wgtgGyRj63KAD9m3/cc8481d2a07596b39d64d990fdc173b2/l980.png,https://drop-assets.ea.com/images/3M6vf1wgtgGyRj63KAD9m3/cc8481d2a07596b39d64d990fdc173b2/l980.png,RB,69,83,69,60,69,62,68,Right,173,64,K League 1
,Seol Young-woo,,South Korea,,,,,,,,,,,,,,,,,
261063,Lee Tae-seok,https://ratings-images-prod.pulse.ea.com/FC25/full/player-portraits/p261063.png?padding=0.7,South Korea,167,https://drop-assets.ea.com/images/1dVkB8X9Wb0vnMLflqc8EP/c44c481c48f80fa33f1056628596b957/f_167.png,https://drop-assets.ea.com/images/5e9jo6xN2bnrGdzPYTUxoK/6ffb19b5d1ce1b05c33f5959f39031b5/l256.png,https://drop-assets.ea.com/images/5e9jo6xN2bnrGdzPYTUxoK/6ffb19b5d1ce1b05c33f5959f39031b5/l256.png,https://drop-assets.ea.com/images/5e9jo6xN2bnrGdzPYTUxoK/6ffb19b5d1ce1b05c33f5959f39031b5/l256.png,LB,68,79,68,60,68,62,71,Left,174,70,Ö. Bundesliga
243673,Park Jin-seob,https://ratings-images-prod.pulse.ea.com/FC25/full/player-portraits/p243673.png?padding=0.7,South Korea,167,https://drop-assets.ea.com/images/1dVkB8X9Wb0vnMLflqc8EP/c44c481c48f80fa33f1056628596b957/f_167.png,https://drop-assets.ea.com/images/6IFYQ6ZaqQ2I9oIzFaouTx/1a1acfce338af628fcb049aa4514a260/l1477.png,https://drop-assets.ea.com/images/6IFYQ6ZaqQ2I9oIzFaouTx/1a1acfce338af628fcb049aa4514a260/l1477.png,https://drop-assets.ea.com/images/6IFYQ6ZaqQ2I9oIzFaouTx/1a1acfce338af628fcb049aa4514a260/l1477.png,CB,62,70,62,60,62,69,84,Right,184,80,K League 1
237091,Kim Tae-hyeon,https://ratings-images-prod.pulse.ea.com/FC25/full/player-portraits/p237091.png?padding=0.7,South Korea,167,https://drop-assets.ea.com/images/1dVkB8X9Wb0vnMLflqc8EP/c44c481c48f80fa33f1056628596b957/f_167.png,https://drop-assets.ea.com/images/3M6vf1wgtgGyRj63KAD9m3/cc8481d2a07596b39d64d990fdc173b2/l980.png,https://drop-assets.ea.com/images/3M6vf1wgtgGyRj63KAD9m3/cc8481d2a07596b39d64d990fdc173b2/l980.png,https://drop-assets.ea.com/images/3M6vf1wgtgGyRj63KAD9m3/cc8481d2a07596b39d64d990fdc173b2/l980.png,RW,71,78,71,64,71,48,58,Left,160,61,K League 1
261062,Lee Han-beom,https://ratings-images-prod.pulse.ea.com/FC25/full/player-portraits/p261062.png?padding=0.7,South Korea,167,https://drop-assets.ea.com/images/1dVkB8X9Wb0vnMLflqc8EP/c44c481c48f80fa33f1056628596b957/f_167.png,https://drop-assets.ea.com/images/3OQnXwNFwM3MRzQFROVSyX/44407183d4b263858ce9d6b2b5a50195/l1516.png,https://drop-assets.ea.com/images/3OQnXwNFwM3MRzQFROVSyX/44407183d4b263858ce9d6b2b5a50195/l1516.png,https://drop-assets.ea.com/images/3OQnXwNFwM3MRzQFROVSyX/44407183d4b263858ce9d6b2b5a50195/l1516.png,CB,58,55,58,51,58,69,71,Right,190,84,3F Superliga
264194,Jens Castrop,https://ratings-images-prod.pulse.ea.com/FC25/full/player-portraits/p264194.png?padding=0.7,South Korea,167,https://drop-assets.ea.com/images/1dVkB8X9Wb0vnMLflqc8EP/c44c481c48f80fa33f1056628596b957/f_167.png,https://drop-assets.ea.com/images/4eJmGBw11G3Rn334GUOKaV/7571515e89d9e3b02893855bbdb28dbb/l23.png,https://drop-assets.ea.com/images/4eJmGBw11G3Rn334GUOKaV/7571515e89d9e3b02893855bbdb28dbb/l23.png,https://drop-assets.ea.com/images/4eJmGBw11G3Rn334GUOKaV/7571515e89d9e3b02893855bbdb28dbb/l23.png,CM,74,80,74,67,74,62,69,Right,177,71,Bundesliga
,Lee Ki-hyuk,,South Korea,,,,,,,,,,,,,,,,,
221671,Lee Jae-sung,https://ratings-images-prod.pulse.ea.com/FC25/full/player-portraits/p221671.png?padding=0.7,South Korea,167,https://drop-assets.ea.com/images/1dVkB8X9Wb0vnMLflqc8EP/c44c481c48f80fa33f1056628596b957/f_167.png,https://drop-assets.ea.com/images/4QO9B5tBI7mcWhzDDO3b6N/f70a1fd45fb4a6dd80ceea61a3e91c4d/l169.png,https://drop-assets.ea.com/images/4QO9B5tBI7mcWhzDDO3b6N/f70a1fd45fb4a6dd80ceea61a3e91c4d/l169.png,https://drop-assets.ea.com/images/4QO9B5tBI7mcWhzDDO3b6N/f70a1fd45fb4a6dd80ceea61a3e91c4d/l169.png,CAM,81,72,81,72,81,63,66,Left,181,74,Bundesliga
226380,Hwang Hee-chan,https://ratings-images-prod.pulse.ea.com/FC25/full/player-portraits/p226380.png?padding=0.7,South Korea,167,https://drop-assets.ea.com/images/1dVkB8X9Wb0vnMLflqc8EP/c44c481c48f80fa33f1056628596b957/f_167.png,https://drop-assets.ea.com/images/3DIKyPF6XcAgIrI3Wv0UBo/4b26ac5525105f84de13860ebe177633/l110.png,https://drop-assets.ea.com/images/3DIKyPF6XcAgIrI3Wv0UBo/4b26ac5525105f84de13860ebe177633/l110.png,https://drop-assets.ea.com/images/3DIKyPF6XcAgIrI3Wv0UBo/4b26ac5525105f84de13860ebe177633/l110.png,ST,75,81,75,70,75,39,68,Right,177,77,Premier League
228010,Hwang In-beom,https://ratings-images-prod.pulse.ea.com/FC25/full/player-portraits/p228010.png?padding=0.7,South Korea,167,https://drop-assets.ea.com/images/1dVkB8X9Wb0vnMLflqc8EP/c44c481c48f80fa33f1056628596b957/f_167.png,,,,CM,77,62,77,76,77,63,65,Right,178,68,Eredivisie
243780,Lee Kang-in,https://ratings-images-prod.pulse.ea.com/FC25/full/player-portraits/p243780.png?padding=0.7,South Korea,167,https://drop-assets.ea.com/images/1dVkB8X9Wb0vnMLflqc8EP/c44c481c48f80fa33f1056628596b957/f_167.png,https://drop-assets.ea.com/images/2QwnhmHh5K7bjkfZAF7ZCi/7c53874542fb5c606ff810a4b1f6b88b/l73.png,https://drop-assets.ea.com/images/2QwnhmHh5K7bjkfZAF7ZCi/7c53874542fb5c606ff810a4b1f6b88b/l73.png,https://drop-assets.ea.com/images/2QwnhmHh5K7bjkfZAF7ZCi/7c53874542fb5c606ff810a4b1f6b88b/l73.png,RW,82,72,82,80,82,50,64,Left,173,66,Ligue 1 McDonald's
237424,Paik Seung-ho,https://ratings-images-prod.pulse.ea.com/FC25/full/player-portraits/p237424.png?padding=0.7,South Korea,167,https://drop-assets.ea.com/images/1dVkB8X9Wb0vnMLflqc8EP/c44c481c48f80fa33f1056628596b957/f_167.png,https://drop-assets.ea.com/images/thYc5t6lm0FfJimcndqwM/8cbcaf66d7ee8cc1fc07a06f79a9d53b/l88.png,https://drop-assets.ea.com/images/thYc5t6lm0FfJimcndqwM/8cbcaf66d7ee8cc1fc07a06f79a9d53b/l88.png,https://drop-assets.ea.com/images/thYc5t6lm0FfJimcndqwM/8cbcaf66d7ee8cc1fc07a06f79a9d53b/l88.png,CDM,73,67,73,70,73,66,75,Right,180,78,EFL Championship
fm_66035358,Kim Jin-gyu,//img.fminside.net/facesfm26/66035358.png,South Korea,,https://img.fminside.net/flag-svg/kr.svg,Jeonbuk,130776,//img.fminside.net/logos/Men/Clubs/Normal/130776.png,MC,65,60,65,65,65,47,49,Right,177,72,K League 1
,Lee Dong-gyeong,,South Korea,,,,,,,,,,,,,,,,,
266774,Bae Jun-ho,https://ratings-images-prod.pulse.ea.com/FC25/full/player-portraits/p266774.png?padding=0.7,South Korea,167,https://drop-assets.ea.com/images/1dVkB8X9Wb0vnMLflqc8EP/c44c481c48f80fa33f1056628596b957/f_167.png,https://drop-assets.ea.com/images/3st1bfyqsj6hKWrPlC4ifm/bc7dd0e68df131050a6b8946829261f6/l1806.png,https://drop-assets.ea.com/images/3st1bfyqsj6hKWrPlC4ifm/bc7dd0e68df131050a6b8946829261f6/l1806.png,https://drop-assets.ea.com/images/3st1bfyqsj6hKWrPlC4ifm/bc7dd0e68df131050a6b8946829261f6/l1806.png,LM,73,74,73,69,73,36,55,Right,178,70,EFL Championship
260492,Eom Ji-sung,https://ratings-images-prod.pulse.ea.com/FC25/full/player-portraits/p260492.png?padding=0.7,South Korea,167,https://drop-assets.ea.com/images/1dVkB8X9Wb0vnMLflqc8EP/c44c481c48f80fa33f1056628596b957/f_167.png,https://drop-assets.ea.com/images/60iyv11p84xXjnNC397ovE/a5a3cc893fef05eb845c27ffb893f510/l1960.png,https://drop-assets.ea.com/images/60iyv11p84xXjnNC397ovE/a5a3cc893fef05eb845c27ffb893f510/l1960.png,https://drop-assets.ea.com/images/60iyv11p84xXjnNC397ovE/a5a3cc893fef05eb845c27ffb893f510/l1960.png,LM,73,85,73,63,73,36,65,Right,178,70,EFL Championship
260397,Yang Hyun-jun,https://ratings-images-prod.pulse.ea.com/FC25/full/player-portraits/p260397.png?padding=0.7,South Korea,167,https://drop-assets.ea.com/images/1dVkB8X9Wb0vnMLflqc8EP/c44c481c48f80fa33f1056628596b957/f_167.png,https://drop-assets.ea.com/images/16GwjVn0vBxAdBx5F4uW0q/6a96b7c86f98010e0b9cd943dc48d4ca/l78.png,https://drop-assets.ea.com/images/16GwjVn0vBxAdBx5F4uW0q/6a96b7c86f98010e0b9cd943dc48d4ca/l78.png,https://drop-assets.ea.com/images/16GwjVn0vBxAdBx5F4uW0q/6a96b7c86f98010e0b9cd943dc48d4ca/l78.png,RW,74,82,74,69,74,39,69,Right,176,69,Scottish Prem
200104,Son Heung-min,https://ratings-images-prod.pulse.ea.com/FC25/full/player-portraits/p200104.png?padding=0.7,South Korea,167,https://drop-assets.ea.com/images/1dVkB8X9Wb0vnMLflqc8EP/c44c481c48f80fa33f1056628596b957/f_167.png,https://drop-assets.ea.com/images/7HVxXj38u4xwAYPYjnYeBm/dd7c8333fd89f025a52fa53a96406475/l112996.png,https://drop-assets.ea.com/images/7HVxXj38u4xwAYPYjnYeBm/dd7c8333fd89f025a52fa53a96406475/l112996.png,https://drop-assets.ea.com/images/7HVxXj38u4xwAYPYjnYeBm/dd7c8333fd89f025a52fa53a96406475/l112996.png,LW,83,84,83,81,83,42,73,Right,183,78,MLS
247686,Cho Gue-sung,https://ratings-images-prod.pulse.ea.com/FC25/full/player-portraits/p247686.png?padding=0.7,South Korea,167,https://drop-assets.ea.com/images/1dVkB8X9Wb0vnMLflqc8EP/c44c481c48f80fa33f1056628596b957/f_167.png,https://drop-assets.ea.com/images/3OQnXwNFwM3MRzQFROVSyX/44407183d4b263858ce9d6b2b5a50195/l1516.png,https://drop-assets.ea.com/images/3OQnXwNFwM3MRzQFROVSyX/44407183d4b263858ce9d6b2b5a50195/l1516.png,https://drop-assets.ea.com/images/3OQnXwNFwM3MRzQFROVSyX/44407183d4b263858ce9d6b2b5a50195/l1516.png,ST,66,75,66,52,66,30,77,Right,188,82,3F Superliga
248712,Oh Hyeon-gyu,https://ratings-images-prod.pulse.ea.com/FC25/full/player-portraits/p248712.png?padding=0.7,South Korea,167,https://drop-assets.ea.com/images/1dVkB8X9Wb0vnMLflqc8EP/c44c481c48f80fa33f1056628596b957/f_167.png,https://drop-assets.ea.com/images/2064Z9wPzJbjkzW3n9b4RQ/ef883d28dde3104b3bea959320b4597a/l673.png,https://drop-assets.ea.com/images/2064Z9wPzJbjkzW3n9b4RQ/ef883d28dde3104b3bea959320b4597a/l673.png,https://drop-assets.ea.com/images/2064Z9wPzJbjkzW3n9b4RQ/ef883d28dde3104b3bea959320b4597a/l673.png,ST,67,78,67,54,67,43,80,Right,185,83,1A Pro League
262956,Nikola Vasilj,https://ratings-images-prod.pulse.ea.com/FC25/full/player-portraits/p262956.png?padding=0.7,Bosnia and Herzegovina,8,https://drop-assets.ea.com/images/6bC2UfQHtDke2yP2reXu2h/80f6d623b8d0eb5519db30ae10f1c071/f_8.png,https://drop-assets.ea.com/images/5T624XIJuQHAzZ40IwcdRn/4413b83d7bdf21e02132fa086b4a355d/l110329.png,https://drop-assets.ea.com/images/5T624XIJuQHAzZ40IwcdRn/4413b83d7bdf21e02132fa086b4a355d/l110329.png,https://drop-assets.ea.com/images/5T624XIJuQHAzZ40IwcdRn/4413b83d7bdf21e02132fa086b4a355d/l110329.png,GK,79,77,79,65,79,34,77,Right,193,86,Bundesliga
fm_2000045461,Martin Zlomislić,//img.fminside.net/facesfm26/2000045461.png,Bosnia and Herzegovina,,https://img.fminside.net/flag-svg/ba.svg,HNK Rijeka,441,//img.fminside.net/logos/Men/Clubs/Normal/441.png,GK,58,50,58,72,58,65,62,Right,187,82,Prva HNL
fm_16083223,Osman Hadžikić,//img.fminside.net/facesfm26/16083223.png,Bosnia and Herzegovina,,https://img.fminside.net/flag-svg/ba.svg,Slaven Belupo,106749,//img.fminside.net/logos/Men/Clubs/Normal/106749.png,GK,63,53,63,52,63,64,59,Right,186,81,Prva HNL
207993,Sead Kolašinac,https://ratings-images-prod.pulse.ea.com/FC25/full/player-portraits/p207993.png?padding=0.7,Bosnia and Herzegovina,8,https://drop-assets.ea.com/images/6bC2UfQHtDke2yP2reXu2h/80f6d623b8d0eb5519db30ae10f1c071/f_8.png,https://drop-assets.ea.com/images/19gWEcyonp2fvk02MNHZOA/83b82283fc62f7010b529a53a0724eee/l115845.png,https://drop-assets.ea.com/images/19gWEcyonp2fvk02MNHZOA/83b82283fc62f7010b529a53a0724eee/l115845.png,https://drop-assets.ea.com/images/19gWEcyonp2fvk02MNHZOA/83b82283fc62f7010b529a53a0724eee/l115845.png,CB,69,61,69,68,69,79,82,Left,183,85,Serie A Enilive
fm_93060314,Dennis Hadžikadunić,//img.fminside.net/facesfm26/93060314.png,Bosnia and Herzegovina,,https://img.fminside.net/flag-svg/ba.svg,FK Rostov,1301104,//img.fminside.net/logos/Men/Clubs/Normal/1301104.png,DC,55,60,55,49,55,67,69,Right,191,86,Premier Liga
257345,Amar Dedić,https://ratings-images-prod.pulse.ea.com/FC25/full/player-portraits/p257345.png?padding=0.7,Bosnia and Herzegovina,8,https://drop-assets.ea.com/images/6bC2UfQHtDke2yP2reXu2h/80f6d623b8d0eb5519db30ae10f1c071/f_8.png,https://drop-assets.ea.com/images/2DamHkQ1ZP1CYVjFPp6ofg/3e07292021842fdadb7aaaa84e7473aa/l234.png,https://drop-assets.ea.com/images/2DamHkQ1ZP1CYVjFPp6ofg/3e07292021842fdadb7aaaa84e7473aa/l234.png,https://drop-assets.ea.com/images/2DamHkQ1ZP1CYVjFPp6ofg/3e07292021842fdadb7aaaa84e7473aa/l234.png,RB,74,83,74,68,74,66,74,Right,180,74,Liga Portugal
244204,Nikola Katić,https://ratings-images-prod.pulse.ea.com/FC25/full/player-portraits/p244204.png?padding=0.7,Bosnia and Herzegovina,8,https://drop-assets.ea.com/images/6bC2UfQHtDke2yP2reXu2h/80f6d623b8d0eb5519db30ae10f1c071/f_8.png,https://drop-assets.ea.com/images/5EKirX0RaDRkEm6Ye2TZPJ/36e510bb520335208b13ffd3c9ba1220/l34.png,https://drop-assets.ea.com/images/5EKirX0RaDRkEm6Ye2TZPJ/36e510bb520335208b13ffd3c9ba1220/l34.png,https://drop-assets.ea.com/images/5EKirX0RaDRkEm6Ye2TZPJ/36e510bb520335208b13ffd3c9ba1220/l34.png,CB,53,51,53,45,53,68,79,Right,194,90,Bundesliga 2
262027,Tarik Muharemović,https://ratings-images-prod.pulse.ea.com/FC25/full/player-portraits/p262027.png?padding=0.7,Bosnia and Herzegovina,8,https://drop-assets.ea.com/images/6bC2UfQHtDke2yP2reXu2h/80f6d623b8d0eb5519db30ae10f1c071/f_8.png,https://drop-assets.ea.com/images/1XH03NyWoyYHO0EH69QYG4/fe0a0c7effe48754e97248d04e352f4e/l111974.png,https://drop-assets.ea.com/images/1XH03NyWoyYHO0EH69QYG4/fe0a0c7effe48754e97248d04e352f4e/l111974.png,https://drop-assets.ea.com/images/1XH03NyWoyYHO0EH69QYG4/fe0a0c7effe48754e97248d04e352f4e/l111974.png,CB,56,59,56,47,56,73,67,Left,187,76,Serie A Enilive
251168,Nihad Mujakić,https://ratings-images-prod.pulse.ea.com/FC25/full/player-portraits/p251168.png?padding=0.7,Bosnia and Herzegovina,8,https://drop-assets.ea.com/images/6bC2UfQHtDke2yP2reXu2h/80f6d623b8d0eb5519db30ae10f1c071/f_8.png,https://drop-assets.ea.com/images/PWn9qDhcULfk23HjX2iml/81ded5b6a22d207286e1cbe621ee7725/l131174.png,https://drop-assets.ea.com/images/PWn9qDhcULfk23HjX2iml/81ded5b6a22d207286e1cbe621ee7725/l131174.png,https://drop-assets.ea.com/images/PWn9qDhcULfk23HjX2iml/81ded5b6a22d207286e1cbe621ee7725/l131174.png,CB,47,70,47,42,47,66,77,Left,189,78,Trendyol Süper Lig
fm_91181821,Stjepan Radeljić,//img.fminside.net/facesfm26/91181821.png,Bosnia and Herzegovina,,https://img.fminside.net/flag-svg/ba.svg,HNK Rijeka,441,//img.fminside.net/logos/Men/Clubs/Normal/441.png,DC,49,45,49,49,49,65,84,Left,201,96,Prva HNL
77056,Nidal Čelik,https://ratings-images-prod.pulse.ea.com/FC25/full/player-portraits/p77056.png?padding=0.7,Bosnia and Herzegovina,8,https://drop-assets.ea.com/images/6bC2UfQHtDke2yP2reXu2h/80f6d623b8d0eb5519db30ae10f1c071/f_8.png,https://drop-assets.ea.com/images/3HrZR8go9EdkyD4jpbWPic/0fcbfb41b4d42943916892d763af8d55/l64.png,https://drop-assets.ea.com/images/3HrZR8go9EdkyD4jpbWPic/0fcbfb41b4d42943916892d763af8d55/l64.png,https://drop-assets.ea.com/images/3HrZR8go9EdkyD4jpbWPic/0fcbfb41b4d42943916892d763af8d55/l64.png,CB,50,60,50,49,50,62,71,Right,192,80,Ligue 1 McDonald's
233053,Amir Hadžiahmetović,https://ratings-images-prod.pulse.ea.com/FC25/full/player-portraits/p233053.png?padding=0.7,Bosnia and Herzegovina,8,https://drop-assets.ea.com/images/6bC2UfQHtDke2yP2reXu2h/80f6d623b8d0eb5519db30ae10f1c071/f_8.png,https://drop-assets.ea.com/images/5Uc4aTJOQyjzSXC2vj0B5h/32ce96322eb17c65d9d1bcdc52c43985/l1952.png,https://drop-assets.ea.com/images/5Uc4aTJOQyjzSXC2vj0B5h/32ce96322eb17c65d9d1bcdc52c43985/l1952.png,https://drop-assets.ea.com/images/5Uc4aTJOQyjzSXC2vj0B5h/32ce96322eb17c65d9d1bcdc52c43985/l1952.png,CDM,72,65,72,73,72,70,73,Right,179,70,EFL Championship
272596,Benjamin Tahirović,https://ratings-images-prod.pulse.ea.com/FC25/full/player-portraits/p272596.png?padding=0.7,Bosnia and Herzegovina,8,https://drop-assets.ea.com/images/6bC2UfQHtDke2yP2reXu2h/80f6d623b8d0eb5519db30ae10f1c071/f_8.png,https://drop-assets.ea.com/images/5lfBrm7kOb7cl8l7qm4dIm/3c07a35972ab6e19f1b25e6b318866dc/l269.png,https://drop-assets.ea.com/images/5lfBrm7kOb7cl8l7qm4dIm/3c07a35972ab6e19f1b25e6b318866dc/l269.png,https://drop-assets.ea.com/images/5lfBrm7kOb7cl8l7qm4dIm/3c07a35972ab6e19f1b25e6b318866dc/l269.png,CDM,66,51,66,62,66,62,71,Right,191,77,3F Superliga
251617,Armin Gigović,https://ratings-images-prod.pulse.ea.com/FC25/full/player-portraits/p251617.png?padding=0.7,Bosnia and Herzegovina,8,https://drop-assets.ea.com/images/6bC2UfQHtDke2yP2reXu2h/80f6d623b8d0eb5519db30ae10f1c071/f_8.png,https://drop-assets.ea.com/images/8VBEw8DGcz4EDqhJUuAfw/edd537527e950001ddf4c17e470bfafb/l900.png,https://drop-assets.ea.com/images/8VBEw8DGcz4EDqhJUuAfw/edd537527e950001ddf4c17e470bfafb/l900.png,https://drop-assets.ea.com/images/8VBEw8DGcz4EDqhJUuAfw/edd537527e950001ddf4c17e470bfafb/l900.png,CM,74,65,74,70,74,60,74,Right,187,78,Brack Super League
228082,Dženis Burnić,https://ratings-images-prod.pulse.ea.com/FC25/full/player-portraits/p228082.png?padding=0.7,Bosnia and Herzegovina,8,https://drop-assets.ea.com/images/6bC2UfQHtDke2yP2reXu2h/80f6d623b8d0eb5519db30ae10f1c071/f_8.png,https://drop-assets.ea.com/images/hH4bpZJ2bDYK5biA3C9tW/3e48260efb6ce6b9751e9b87f8ddcdcf/l1832.png,https://drop-assets.ea.com/images/hH4bpZJ2bDYK5biA3C9tW/3e48260efb6ce6b9751e9b87f8ddcdcf/l1832.png,https://drop-assets.ea.com/images/hH4bpZJ2bDYK5biA3C9tW/3e48260efb6ce6b9751e9b87f8ddcdcf/l1832.png,CM,71,76,71,66,71,62,67,Left,181,73,Bundesliga 2
fm_2000044656,Ivan Bašić,//img.fminside.net/facesfm26/2000044656.png,Bosnia and Herzegovina,,https://img.fminside.net/flag-svg/ba.svg,Astana,59041139,//img.fminside.net/logos/Men/Clubs/Normal/59041139.png,DM,66,65,66,57,66,49,52,Left,178,73,Premer Lïgası
269823,Esmir Bajraktarević,https://ratings-images-prod.pulse.ea.com/FC25/full/player-portraits/p269823.png?padding=0.7,Bosnia and Herzegovina,8,https://drop-assets.ea.com/images/6bC2UfQHtDke2yP2reXu2h/80f6d623b8d0eb5519db30ae10f1c071/f_8.png,,,,RW,76,77,76,65,76,40,59,Left,175,64,Eredivisie
76602,Amar Memić,https://ratings-images-prod.pulse.ea.com/FC25/full/player-portraits/p76602.png?padding=0.7,Bosnia and Herzegovina,8,https://drop-assets.ea.com/images/6bC2UfQHtDke2yP2reXu2h/80f6d623b8d0eb5519db30ae10f1c071/f_8.png,https://drop-assets.ea.com/images/5LmNp7F4reMrhue3FZ3lD5/7222160e6e0c97516d2c783964ac3c8c/l110468.png,https://drop-assets.ea.com/images/5LmNp7F4reMrhue3FZ3lD5/7222160e6e0c97516d2c783964ac3c8c/l110468.png,https://drop-assets.ea.com/images/5LmNp7F4reMrhue3FZ3lD5/7222160e6e0c97516d2c783964ac3c8c/l110468.png,RM,73,81,73,68,73,48,61,Right,176,72,Česká Liga
fm_24039617,Ivan Šunjić,//img.fminside.net/facesfm26/24039617.png,Bosnia and Herzegovina,,https://img.fminside.net/flag-svg/ba.svg,Pafos,26031118,//img.fminside.net/logos/Men/Clubs/Normal/26031118.png,DM,51,58,51,49,51,67,59,Right,184,79,A' Katigorías
75533,Kerim Alajbegović,https://ratings-images-prod.pulse.ea.com/FC25/full/player-portraits/p75533.png?padding=0.7,Bosnia and Herzegovina,8,https://drop-assets.ea.com/images/6bC2UfQHtDke2yP2reXu2h/80f6d623b8d0eb5519db30ae10f1c071/f_8.png,https://drop-assets.ea.com/images/nNiid5nKwX6NdLfbcgqgg/aa868fc5e73791dede875c372c6ef14f/l191.png,https://drop-assets.ea.com/images/nNiid5nKwX6NdLfbcgqgg/aa868fc5e73791dede875c372c6ef14f/l191.png,https://drop-assets.ea.com/images/nNiid5nKwX6NdLfbcgqgg/aa868fc5e73791dede875c372c6ef14f/l191.png,LM,64,70,64,55,64,36,53,Right,185,70,Ö. Bundesliga
fm_2000091823,Ermin Mahmić,//img.fminside.net/facesfm26/2000091823.png,Bosnia and Herzegovina,,https://img.fminside.net/flag-svg/at.svg,Slovan Liberec,475,//img.fminside.net/logos/Men/Clubs/Normal/475.png,MC,51,68,51,52,51,30,49,Right,175,70,FORTUNA:LIGA
180930,Edin Džeko,https://ratings-images-prod.pulse.ea.com/FC25/full/player-portraits/p180930.png?padding=0.7,Bosnia and Herzegovina,8,https://drop-assets.ea.com/images/6bC2UfQHtDke2yP2reXu2h/80f6d623b8d0eb5519db30ae10f1c071/f_8.png,https://drop-assets.ea.com/images/j2Zuc19dll43zq88V7CgZ/d2e748909a451985aed5a26b122a4d8f/l110374.png,https://drop-assets.ea.com/images/j2Zuc19dll43zq88V7CgZ/d2e748909a451985aed5a26b122a4d8f/l110374.png,https://drop-assets.ea.com/images/j2Zuc19dll43zq88V7CgZ/d2e748909a451985aed5a26b122a4d8f/l110374.png,ST,77,55,77,74,77,40,72,Right,193,80,Serie A Enilive
238900,Ermedin Demirović,https://ratings-images-prod.pulse.ea.com/FC25/full/player-portraits/p238900.png?padding=0.7,Bosnia and Herzegovina,8,https://drop-assets.ea.com/images/6bC2UfQHtDke2yP2reXu2h/80f6d623b8d0eb5519db30ae10f1c071/f_8.png,https://drop-assets.ea.com/images/5kfh9LrPvDQKbQNF6k7CSF/9a70e7082aaba3b46ea8bd1e699f62de/l36.png,https://drop-assets.ea.com/images/5kfh9LrPvDQKbQNF6k7CSF/9a70e7082aaba3b46ea8bd1e699f62de/l36.png,https://drop-assets.ea.com/images/5kfh9LrPvDQKbQNF6k7CSF/9a70e7082aaba3b46ea8bd1e699f62de/l36.png,ST,78,72,78,73,78,42,78,Right,185,84,Bundesliga
72360,Samed Baždar,https://ratings-images-prod.pulse.ea.com/FC25/full/player-portraits/p72360.png?padding=0.7,Bosnia and Herzegovina,8,https://drop-assets.ea.com/images/6bC2UfQHtDke2yP2reXu2h/80f6d623b8d0eb5519db30ae10f1c071/f_8.png,https://drop-assets.ea.com/images/5f2bOjCOoPvgHb4P1Az46S/cf532789018c02fa25f07fc6336b4542/l244.png,https://drop-assets.ea.com/images/5f2bOjCOoPvgHb4P1Az46S/cf532789018c02fa25f07fc6336b4542/l244.png,https://drop-assets.ea.com/images/5f2bOjCOoPvgHb4P1Az46S/cf532789018c02fa25f07fc6336b4542/l244.png,ST,74,70,74,70,74,40,63,Right,186,74,LALIGA HYPERMOTION
212002,Haris Tabaković,https://ratings-images-prod.pulse.ea.com/FC25/full/player-portraits/p212002.png?padding=0.7,Bosnia and Herzegovina,8,https://drop-assets.ea.com/images/6bC2UfQHtDke2yP2reXu2h/80f6d623b8d0eb5519db30ae10f1c071/f_8.png,https://drop-assets.ea.com/images/4eJmGBw11G3Rn334GUOKaV/7571515e89d9e3b02893855bbdb28dbb/l23.png,https://drop-assets.ea.com/images/4eJmGBw11G3Rn334GUOKaV/7571515e89d9e3b02893855bbdb28dbb/l23.png,https://drop-assets.ea.com/images/4eJmGBw11G3Rn334GUOKaV/7571515e89d9e3b02893855bbdb28dbb/l23.png,ST,65,60,65,52,65,29,80,Right,194,90,Bundesliga
75209,Jovo Lukić,https://ratings-images-prod.pulse.ea.com/FC25/full/player-portraits/p75209.png?padding=0.7,Bosnia and Herzegovina,8,https://drop-assets.ea.com/images/6bC2UfQHtDke2yP2reXu2h/80f6d623b8d0eb5519db30ae10f1c071/f_8.png,https://drop-assets.ea.com/images/3tTKGYE6jEtvPj18LK7YxS/d7971ccc4409962d72a1d03ff6ac688a/l110751.png,https://drop-assets.ea.com/images/3tTKGYE6jEtvPj18LK7YxS/d7971ccc4409962d72a1d03ff6ac688a/l110751.png,https://drop-assets.ea.com/images/3tTKGYE6jEtvPj18LK7YxS/d7971ccc4409962d72a1d03ff6ac688a/l110751.png,ST,59,61,59,47,59,27,69,Left,190,82,SUPERLIGA
213536,Maxime Crépeau,https://ratings-images-prod.pulse.ea.com/FC25/full/player-portraits/p213536.png?padding=0.7,Canada,70,https://drop-assets.ea.com/images/6NVjftdldQXhdzrkDQccXB/0bbb62e54641cc2fc4c5e9f347319859/f_70.png,https://drop-assets.ea.com/images/7C9kkwlzZqMYICvgPuO01Q/92c49765f38b6263c9bbb8130d33c837/l111140.png,https://drop-assets.ea.com/images/7C9kkwlzZqMYICvgPuO01Q/92c49765f38b6263c9bbb8130d33c837/l111140.png,https://drop-assets.ea.com/images/7C9kkwlzZqMYICvgPuO01Q/92c49765f38b6263c9bbb8130d33c837/l111140.png,GK,72,71,72,64,72,45,66,Right,180,88,MLS
247228,Dayne St. Clair,https://ratings-images-prod.pulse.ea.com/FC25/full/player-portraits/p247228.png?padding=0.7,Canada,70,https://drop-assets.ea.com/images/6NVjftdldQXhdzrkDQccXB/0bbb62e54641cc2fc4c5e9f347319859/f_70.png,https://drop-assets.ea.com/images/632umlZ6r0HxZcYgoNFx3h/190ea770d54566bc9ea6479273ef4ed6/l111138.png,https://drop-assets.ea.com/images/632umlZ6r0HxZcYgoNFx3h/190ea770d54566bc9ea6479273ef4ed6/l111138.png,https://drop-assets.ea.com/images/632umlZ6r0HxZcYgoNFx3h/190ea770d54566bc9ea6479273ef4ed6/l111138.png,GK,76,73,76,60,76,27,72,Left,191,86,MLS
276806,Owen Goodman,https://ratings-images-prod.pulse.ea.com/FC25/full/player-portraits/p276806.png?padding=0.7,Canada,14,https://drop-assets.ea.com/images/6ZM1OFXGUFeV0ZaYVKj2z/ae88ef17f8cb179fbc1c463f7e1e4bd8/f_14.png,https://drop-assets.ea.com/images/1oUovqvMwD3jv3ZU5yMtib/55d2831929dc314e398e05b786f15927/l1939.png,https://drop-assets.ea.com/images/1oUovqvMwD3jv3ZU5yMtib/55d2831929dc314e398e05b786f15927/l1939.png,https://drop-assets.ea.com/images/1oUovqvMwD3jv3ZU5yMtib/55d2831929dc314e398e05b786f15927/l1939.png,GK,66,64,66,64,66,38,64,Left,193,84,EFL League One
232081,Richie Laryea,https://ratings-images-prod.pulse.ea.com/FC25/full/player-portraits/p232081.png?padding=0.7,Canada,70,https://drop-assets.ea.com/images/6NVjftdldQXhdzrkDQccXB/0bbb62e54641cc2fc4c5e9f347319859/f_70.png,https://drop-assets.ea.com/images/30i1VjDrANfk70TiMD5FAP/bcad393870bfc3b08eeda1507c8ca63f/l111651.png,https://drop-assets.ea.com/images/30i1VjDrANfk70TiMD5FAP/bcad393870bfc3b08eeda1507c8ca63f/l111651.png,https://drop-assets.ea.com/images/30i1VjDrANfk70TiMD5FAP/bcad393870bfc3b08eeda1507c8ca63f/l111651.png,RM,74,81,74,65,74,64,71,Right,175,70,MLS
234396,Alphonso Davies,https://ratings-images-prod.pulse.ea.com/FC25/full/player-portraits/p234396.png?padding=0.7,Canada,70,https://drop-assets.ea.com/images/6NVjftdldQXhdzrkDQccXB/0bbb62e54641cc2fc4c5e9f347319859/f_70.png,https://drop-assets.ea.com/images/3p0dv1pGWIH6lGAKZssZKH/4f70d2c5a3c147f3e006c863e85e4993/l21.png,https://drop-assets.ea.com/images/3p0dv1pGWIH6lGAKZssZKH/4f70d2c5a3c147f3e006c863e85e4993/l21.png,https://drop-assets.ea.com/images/3p0dv1pGWIH6lGAKZssZKH/4f70d2c5a3c147f3e006c863e85e4993/l21.png,LB,85,94,85,78,85,74,76,Left,185,77,Bundesliga
256107,Alistair Johnston,https://ratings-images-prod.pulse.ea.com/FC25/full/player-portraits/p256107.png?padding=0.7,Canada,70,https://drop-assets.ea.com/images/6NVjftdldQXhdzrkDQccXB/0bbb62e54641cc2fc4c5e9f347319859/f_70.png,https://drop-assets.ea.com/images/16GwjVn0vBxAdBx5F4uW0q/6a96b7c86f98010e0b9cd943dc48d4ca/l78.png,https://drop-assets.ea.com/images/16GwjVn0vBxAdBx5F4uW0q/6a96b7c86f98010e0b9cd943dc48d4ca/l78.png,https://drop-assets.ea.com/images/16GwjVn0vBxAdBx5F4uW0q/6a96b7c86f98010e0b9cd943dc48d4ca/l78.png,RB,72,82,72,73,72,73,80,Right,180,77,Scottish Prem
243009,Derek Cornelius,https://ratings-images-prod.pulse.ea.com/FC25/full/player-portraits/p243009.png?padding=0.7,Canada,70,https://drop-assets.ea.com/images/6NVjftdldQXhdzrkDQccXB/0bbb62e54641cc2fc4c5e9f347319859/f_70.png,https://drop-assets.ea.com/images/5lOjqHjEdrBuaj323x9jDf/b5504a0894594d6c3dfa97cca700e572/l86.png,https://drop-assets.ea.com/images/5lOjqHjEdrBuaj323x9jDf/b5504a0894594d6c3dfa97cca700e572/l86.png,https://drop-assets.ea.com/images/5lOjqHjEdrBuaj323x9jDf/b5504a0894594d6c3dfa97cca700e572/l86.png,CB,57,67,57,55,57,71,85,Left,187,86,Scottish Prem
274536,Moïse Bombito,https://ratings-images-prod.pulse.ea.com/FC25/full/player-portraits/p274536.png?padding=0.7,Canada,70,https://drop-assets.ea.com/images/6NVjftdldQXhdzrkDQccXB/0bbb62e54641cc2fc4c5e9f347319859/f_70.png,https://drop-assets.ea.com/images/zByYanPvcCULBfC8OITvN/a262863aa77bfb1551a403f5f9b49f28/l72.png,https://drop-assets.ea.com/images/zByYanPvcCULBfC8OITvN/a262863aa77bfb1551a403f5f9b49f28/l72.png,https://drop-assets.ea.com/images/zByYanPvcCULBfC8OITvN/a262863aa77bfb1551a403f5f9b49f28/l72.png,CB,65,93,65,58,65,75,76,Right,191,81,Ligue 1 McDonald's
275238,Niko Sigur,https://ratings-images-prod.pulse.ea.com/FC25/full/player-portraits/p275238.png?padding=0.7,Canada,70,https://drop-assets.ea.com/images/6NVjftdldQXhdzrkDQccXB/0bbb62e54641cc2fc4c5e9f347319859/f_70.png,https://drop-assets.ea.com/images/1bDWS6ltUYonMzwG7kzCXP/d426bbccb973c5e62dcd62397cd4211e/l263.png,https://drop-assets.ea.com/images/1bDWS6ltUYonMzwG7kzCXP/d426bbccb973c5e62dcd62397cd4211e/l263.png,https://drop-assets.ea.com/images/1bDWS6ltUYonMzwG7kzCXP/d426bbccb973c5e62dcd62397cd4211e/l263.png,RB,73,71,73,68,73,62,68,Right,180,68,Liga Hrvatska
255956,Joel Waterman,https://ratings-images-prod.pulse.ea.com/FC25/full/player-portraits/p255956.png?padding=0.7,Canada,70,https://drop-assets.ea.com/images/6NVjftdldQXhdzrkDQccXB/0bbb62e54641cc2fc4c5e9f347319859/f_70.png,https://drop-assets.ea.com/images/7k2qagGU1kOmxOQfXiNYMm/dd188abb2e3ac2d56015ca1ad0115d0c/l693.png,https://drop-assets.ea.com/images/7k2qagGU1kOmxOQfXiNYMm/dd188abb2e3ac2d56015ca1ad0115d0c/l693.png,https://drop-assets.ea.com/images/7k2qagGU1kOmxOQfXiNYMm/dd188abb2e3ac2d56015ca1ad0115d0c/l693.png,CB,50,43,50,58,50,68,74,Right,185,75,MLS
279008,Luc de Fougerolles,https://ratings-images-prod.pulse.ea.com/FC25/full/player-portraits/p279008.png?padding=0.7,Canada,70,https://drop-assets.ea.com/images/6NVjftdldQXhdzrkDQccXB/0bbb62e54641cc2fc4c5e9f347319859/f_70.png,https://drop-assets.ea.com/images/29uq8Oz2wV1B7Oi9DLauT/cb8b630b2977b5fc4782e58fc3b6a245/l537.png,https://drop-assets.ea.com/images/29uq8Oz2wV1B7Oi9DLauT/cb8b630b2977b5fc4782e58fc3b6a245/l537.png,https://drop-assets.ea.com/images/29uq8Oz2wV1B7Oi9DLauT/cb8b630b2977b5fc4782e58fc3b6a245/l537.png,CB,48,64,48,44,48,60,58,Right,178,72,1A Pro League
236315,Alfie Jones,https://ratings-images-prod.pulse.ea.com/FC25/full/player-portraits/p236315.png?padding=0.7,Canada,14,https://drop-assets.ea.com/images/6ZM1OFXGUFeV0ZaYVKj2z/ae88ef17f8cb179fbc1c463f7e1e4bd8/f_14.png,https://drop-assets.ea.com/images/6dWJ6rMR0DkZhJDw8C0Eux/b45a8d4c9479c72c45c3d801d29c8f26/l12.png,https://drop-assets.ea.com/images/6dWJ6rMR0DkZhJDw8C0Eux/b45a8d4c9479c72c45c3d801d29c8f26/l12.png,https://drop-assets.ea.com/images/6dWJ6rMR0DkZhJDw8C0Eux/b45a8d4c9479c72c45c3d801d29c8f26/l12.png,CB,59,64,59,59,59,71,77,Right,191,87,EFL Championship
213439,Jonathan Osorio,https://ratings-images-prod.pulse.ea.com/FC25/full/player-portraits/p213439.png?padding=0.7,Canada,70,https://drop-assets.ea.com/images/6NVjftdldQXhdzrkDQccXB/0bbb62e54641cc2fc4c5e9f347319859/f_70.png,https://drop-assets.ea.com/images/30i1VjDrANfk70TiMD5FAP/bcad393870bfc3b08eeda1507c8ca63f/l111651.png,https://drop-assets.ea.com/images/30i1VjDrANfk70TiMD5FAP/bcad393870bfc3b08eeda1507c8ca63f/l111651.png,https://drop-assets.ea.com/images/30i1VjDrANfk70TiMD5FAP/bcad393870bfc3b08eeda1507c8ca63f/l111651.png,CM,72,50,72,70,72,61,65,Right,175,68,MLS
246800,Tajon Buchanan,https://ratings-images-prod.pulse.ea.com/FC25/full/player-portraits/p246800.png?padding=0.7,Canada,70,https://drop-assets.ea.com/images/6NVjftdldQXhdzrkDQccXB/0bbb62e54641cc2fc4c5e9f347319859/f_70.png,https://drop-assets.ea.com/images/xvk9pCQTX74mWG8EjcgYU/f631ffd2c7ac06bd43f2547fc44463c4/l483.png,https://drop-assets.ea.com/images/xvk9pCQTX74mWG8EjcgYU/f631ffd2c7ac06bd43f2547fc44463c4/l483.png,https://drop-assets.ea.com/images/xvk9pCQTX74mWG8EjcgYU/f631ffd2c7ac06bd43f2547fc44463c4/l483.png,RM,74,90,74,66,74,67,73,Right,183,71,LALIGA EA SPORTS
242380,Stephen Eustáquio,https://ratings-images-prod.pulse.ea.com/FC25/full/player-portraits/p242380.png?padding=0.7,Canada,70,https://drop-assets.ea.com/images/6NVjftdldQXhdzrkDQccXB/0bbb62e54641cc2fc4c5e9f347319859/f_70.png,https://drop-assets.ea.com/images/3rIoG9U8fPPfaXZiGOGtvw/37c0c0ceefe454e9c299d4cc1852671f/l236.png,https://drop-assets.ea.com/images/3rIoG9U8fPPfaXZiGOGtvw/37c0c0ceefe454e9c299d4cc1852671f/l236.png,https://drop-assets.ea.com/images/3rIoG9U8fPPfaXZiGOGtvw/37c0c0ceefe454e9c299d4cc1852671f/l236.png,CDM,73,66,73,76,73,73,74,Right,178,67,Liga Portugal
240925,Liam Millar,https://ratings-images-prod.pulse.ea.com/FC25/full/player-portraits/p240925.png?padding=0.7,Canada,70,https://drop-assets.ea.com/images/6NVjftdldQXhdzrkDQccXB/0bbb62e54641cc2fc4c5e9f347319859/f_70.png,https://drop-assets.ea.com/images/5Uc4aTJOQyjzSXC2vj0B5h/32ce96322eb17c65d9d1bcdc52c43985/l1952.png,https://drop-assets.ea.com/images/5Uc4aTJOQyjzSXC2vj0B5h/32ce96322eb17c65d9d1bcdc52c43985/l1952.png,https://drop-assets.ea.com/images/5Uc4aTJOQyjzSXC2vj0B5h/32ce96322eb17c65d9d1bcdc52c43985/l1952.png,LM,75,85,75,66,75,52,59,Right,181,75,EFL Championship
264207,Ismaël Koné,https://ratings-images-prod.pulse.ea.com/FC25/full/player-portraits/p264207.png?padding=0.7,Canada,70,https://drop-assets.ea.com/images/6NVjftdldQXhdzrkDQccXB/0bbb62e54641cc2fc4c5e9f347319859/f_70.png,https://drop-assets.ea.com/images/1XH03NyWoyYHO0EH69QYG4/fe0a0c7effe48754e97248d04e352f4e/l111974.png,https://drop-assets.ea.com/images/1XH03NyWoyYHO0EH69QYG4/fe0a0c7effe48754e97248d04e352f4e/l111974.png,https://drop-assets.ea.com/images/1XH03NyWoyYHO0EH69QYG4/fe0a0c7effe48754e97248d04e352f4e/l111974.png,CM,71,78,71,68,71,64,69,Right,188,76,Serie A Enilive
251352,Jacob Shaffelburg,https://ratings-images-prod.pulse.ea.com/FC25/full/player-portraits/p251352.png?padding=0.7,Canada,70,https://drop-assets.ea.com/images/6NVjftdldQXhdzrkDQccXB/0bbb62e54641cc2fc4c5e9f347319859/f_70.png,https://drop-assets.ea.com/images/4FvmPxTXK6or9m3GMc0HxL/1e3e8d34f2cc18c60f7564781ff93279/l114162.png,https://drop-assets.ea.com/images/4FvmPxTXK6or9m3GMc0HxL/1e3e8d34f2cc18c60f7564781ff93279/l114162.png,https://drop-assets.ea.com/images/4FvmPxTXK6or9m3GMc0HxL/1e3e8d34f2cc18c60f7564781ff93279/l114162.png,LM,65,91,65,60,65,52,63,Left,178,74,MLS
272604,Ali Ahmed,https://ratings-images-prod.pulse.ea.com/FC25/full/player-portraits/p272604.png?padding=0.7,Canada,70,https://drop-assets.ea.com/images/6NVjftdldQXhdzrkDQccXB/0bbb62e54641cc2fc4c5e9f347319859/f_70.png,https://drop-assets.ea.com/images/4B78Zk7BiGtY0lEDTDanGT/ba8604b69a6cab6fd0c668aefebc800c/l101112.png,https://drop-assets.ea.com/images/4B78Zk7BiGtY0lEDTDanGT/ba8604b69a6cab6fd0c668aefebc800c/l101112.png,https://drop-assets.ea.com/images/4B78Zk7BiGtY0lEDTDanGT/ba8604b69a6cab6fd0c668aefebc800c/l101112.png,CM,72,78,72,65,72,61,65,Right,180,70,MLS
244680,Mathieu Choinière,https://ratings-images-prod.pulse.ea.com/FC25/full/player-portraits/p244680.png?padding=0.7,Canada,70,https://drop-assets.ea.com/images/6NVjftdldQXhdzrkDQccXB/0bbb62e54641cc2fc4c5e9f347319859/f_70.png,https://drop-assets.ea.com/images/7HVxXj38u4xwAYPYjnYeBm/dd7c8333fd89f025a52fa53a96406475/l112996.png,https://drop-assets.ea.com/images/7HVxXj38u4xwAYPYjnYeBm/dd7c8333fd89f025a52fa53a96406475/l112996.png,https://drop-assets.ea.com/images/7HVxXj38u4xwAYPYjnYeBm/dd7c8333fd89f025a52fa53a96406475/l112996.png,CM,66,60,66,66,66,62,59,Right,174,71,MLS
260398,Nathan Saliba,https://ratings-images-prod.pulse.ea.com/FC25/full/player-portraits/p260398.png?padding=0.7,Canada,70,https://drop-assets.ea.com/images/6NVjftdldQXhdzrkDQccXB/0bbb62e54641cc2fc4c5e9f347319859/f_70.png,https://drop-assets.ea.com/images/6fPz45ZIDQWOd7Lqv0GuZF/045eacfd4e3fade98ceca05cb12b6c60/l229.png,https://drop-assets.ea.com/images/6fPz45ZIDQWOd7Lqv0GuZF/045eacfd4e3fade98ceca05cb12b6c60/l229.png,https://drop-assets.ea.com/images/6fPz45ZIDQWOd7Lqv0GuZF/045eacfd4e3fade98ceca05cb12b6c60/l229.png,CM,74,67,74,67,74,58,64,Right,173,71,1A Pro League
226777,Cyle Larin,https://ratings-images-prod.pulse.ea.com/FC25/full/player-portraits/p226777.png?padding=0.7,Canada,70,https://drop-assets.ea.com/images/6NVjftdldQXhdzrkDQccXB/0bbb62e54641cc2fc4c5e9f347319859/f_70.png,,,,ST,71,70,71,68,71,28,78,Right,188,90,Eredivisie
243630,Jonathan David,https://ratings-images-prod.pulse.ea.com/FC25/full/player-portraits/p243630.png?padding=0.7,Canada,70,https://drop-assets.ea.com/images/6NVjftdldQXhdzrkDQccXB/0bbb62e54641cc2fc4c5e9f347319859/f_70.png,https://drop-assets.ea.com/images/6zWQmPATtK8lpsiXbKb3mY/6b2d1dab08ef14f63271a5cd70a0db0d/l45.png,https://drop-assets.ea.com/images/6zWQmPATtK8lpsiXbKb3mY/6b2d1dab08ef14f63271a5cd70a0db0d/l45.png,https://drop-assets.ea.com/images/6zWQmPATtK8lpsiXbKb3mY/6b2d1dab08ef14f63271a5cd70a0db0d/l45.png,ST,80,81,80,71,80,34,78,Right,178,81,Serie A Enilive
271108,Tani Oluwaseyi,https://ratings-images-prod.pulse.ea.com/FC25/full/player-portraits/p271108.png?padding=0.7,Canada,70,https://drop-assets.ea.com/images/6NVjftdldQXhdzrkDQccXB/0bbb62e54641cc2fc4c5e9f347319859/f_70.png,https://drop-assets.ea.com/images/xvk9pCQTX74mWG8EjcgYU/f631ffd2c7ac06bd43f2547fc44463c4/l483.png,https://drop-assets.ea.com/images/xvk9pCQTX74mWG8EjcgYU/f631ffd2c7ac06bd43f2547fc44463c4/l483.png,https://drop-assets.ea.com/images/xvk9pCQTX74mWG8EjcgYU/f631ffd2c7ac06bd43f2547fc44463c4/l483.png,ST,66,85,66,54,66,31,67,Right,188,77,LALIGA EA SPORTS
73070,Promise David,https://ratings-images-prod.pulse.ea.com/FC25/full/player-portraits/p73070.png?padding=0.7,Canada,70,https://drop-assets.ea.com/images/6NVjftdldQXhdzrkDQccXB/0bbb62e54641cc2fc4c5e9f347319859/f_70.png,https://drop-assets.ea.com/images/6qEBd0g4qIBH3X6KtaTayV/e7405958edc583e79f63c0e71e560c77/l2014.png,https://drop-assets.ea.com/images/6qEBd0g4qIBH3X6KtaTayV/e7405958edc583e79f63c0e71e560c77/l2014.png,https://drop-assets.ea.com/images/6qEBd0g4qIBH3X6KtaTayV/e7405958edc583e79f63c0e71e560c77/l2014.png,ST,64,62,64,59,64,29,84,Right,195,91,1A Pro League
,Meshaal Barsham,,Qatar,,,,,,,,,,,,,,,,,
fm_18111375,Salah Zakaria,//img.fminside.net/facesfm26/18111375.png,Qatar,,https://img.fminside.net/flag-svg/qa.svg,Al-Duhail,23404990,//img.fminside.net/logos/Men/Clubs/Normal/23404990.png,GK,58,50,58,55,58,55,59,Right,187,82,Stars League
,Mahmud Abunada,,Qatar,,,,,,,,,,,,,,,,,
fm_12038077,Boualem Khoukhi,//img.fminside.net/facesfm26/12038077.png,Qatar,,https://img.fminside.net/flag-svg/qa.svg,Al-Sadd,102853,//img.fminside.net/logos/Men/Clubs/Normal/102853.png,DC,57,53,57,54,57,65,62,Right,184,79,Stars League
230824,Pedro Miguel,https://ratings-images-prod.pulse.ea.com/FC25/full/player-portraits/p230824.png?padding=0.7,Qatar,38,https://drop-assets.ea.com/images/3CxRD7XqY2NSlZ3628fY4S/abf38470644ee334e6a425b9272f7767/f_38.png,https://drop-assets.ea.com/images/6t1WNcDGvcaieGkH024w94/9e81e554812c5e31cf0a57e434ef9b87/l101025.png,https://drop-assets.ea.com/images/6t1WNcDGvcaieGkH024w94/9e81e554812c5e31cf0a57e434ef9b87/l101025.png,https://drop-assets.ea.com/images/6t1WNcDGvcaieGkH024w94/9e81e554812c5e31cf0a57e434ef9b87/l101025.png,RB,69,70,69,69,69,73,69,Right,185,77,Trendyol Süper Lig
fm_23439033,Homam Ahmed,//img.fminside.net/facesfm26/23439033.png,Qatar,,https://img.fminside.net/flag-svg/qa.svg,Al-Duhail,23404990,//img.fminside.net/logos/Men/Clubs/Normal/23404990.png,DL,60,65,60,57,60,49,64,Left,188,83,Stars League
fm_19073476,Lucas Mendes,//img.fminside.net/facesfm26/19073476.png,Qatar,,https://img.fminside.net/flag-svg/qa.svg,Al-Wakrah,135411,//img.fminside.net/logos/Men/Clubs/Normal/135411.png,DC,55,50,55,57,55,65,65,Left,183,78,Stars League
fm_67222155,Sultan Al-Brake,//img.fminside.net/facesfm26/67222155.png,Qatar,,https://img.fminside.net/flag-svg/qa.svg,Al-Duhail,23404990,//img.fminside.net/logos/Men/Clubs/Normal/23404990.png,DL,59,58,59,49,59,54,47,Left,175,70,Stars League
,Al-Hashmi Al-Hussain,,Qatar,,,,,,,,,,,,,,,,,
fm_2000256409,Ayoub Al-Oui,//img.fminside.net/facesfm26/2000256409.png,Qatar,,https://img.fminside.net/flag-svg/qa.svg,Al-Gharafa,1026831,//img.fminside.net/logos/Men/Clubs/Normal/1026831.png,DC,49,63,49,49,49,59,62,Right,188,83,Stars League
fm_2000399569,Issa Laye,//img.fminside.net/faces/default-male.png,Qatar,,https://img.fminside.net/flag-svg/sn.svg,Al-Arabi,102859,//img.fminside.net/logos/Men/Clubs/Normal/102859.png,DC,45,60,45,39,45,60,65,Left,188,83,Stars League
fm_23117278,Abdulaziz Hatem,//img.fminside.net/facesfm26/23117278.png,Qatar,,https://img.fminside.net/flag-svg/qa.svg,Al-Rayyan,3400801,//img.fminside.net/logos/Men/Clubs/Normal/3400801.png,MC,57,45,57,64,57,60,55,Left,181,76,Stars League
fm_85027981,Karim Boudiaf,//img.fminside.net/facesfm26/85027981.png,Qatar,,https://img.fminside.net/flag-svg/qa.svg,Al-Duhail,23404990,//img.fminside.net/logos/Men/Clubs/Normal/23404990.png,DM,58,50,58,64,58,60,69,Right,190,85,Stars League
fm_16170436,Assim Madibo,//img.fminside.net/facesfm26/16170436.png,Qatar,,https://img.fminside.net/flag-svg/qa.svg,Al-Duhail,23404990,//img.fminside.net/logos/Men/Clubs/Normal/23404990.png,DM,61,53,61,52,61,64,45,Right,168,63,Stars League
fm_8626308,Ahmed Fathy,//img.fminside.net/facesfm26/8626308.png,Qatar,,https://img.fminside.net/flag-svg/eg.svg,,,,DR,35,50,35,42,35,62,49,Right,175,70,
,Jassem Gaber,,Qatar,,,,,,,,,,,,,,,,,
,Mohamed Al-Mannai,,Qatar,,,,,,,,,,,,,,,,,
,Tahsin Jamshid,,Qatar,,,,,,,,,,,,,,,,,
fm_23046562,Hassan Al-Haydos,//img.fminside.net/facesfm26/23046562.png,Qatar,,https://img.fminside.net/flag-svg/qa.svg,Al-Sadd,102853,//img.fminside.net/logos/Men/Clubs/Normal/102853.png,AMR,70,53,70,67,70,34,42,Right,174,69,Stars League
fm_18091019,Akram Afif,//img.fminside.net/facesfm26/18091019.png,Qatar,,https://img.fminside.net/flag-svg/qa.svg,Al-Sadd,102853,//img.fminside.net/logos/Men/Clubs/Normal/102853.png,AML,77,75,77,65,77,25,50,Right,177,72,Stars League
fm_16183022,Almoez Ali,//img.fminside.net/facesfm26/16183022.png,Qatar,,https://img.fminside.net/flag-svg/qa.svg,Al-Duhail,23404990,//img.fminside.net/logos/Men/Clubs/Normal/23404990.png,AMR,66,68,66,57,66,35,57,Right,180,75,Stars League
fm_23245775,Mohammed Muntari,//img.fminside.net/facesfm26/23245775.png,Qatar,,https://img.fminside.net/flag-svg/qa.svg,Al-Gharafa,1026831,//img.fminside.net/logos/Men/Clubs/Normal/1026831.png,ST,54,60,54,47,54,34,65,Right,192,87,Stars League
fm_23155788,Ahmed Alaaeldin,//img.fminside.net/facesfm26/23155788.png,Qatar,,https://img.fminside.net/flag-svg/qa.svg,Al-Rayyan,3400801,//img.fminside.net/logos/Men/Clubs/Normal/3400801.png,ST,59,58,59,52,59,42,55,Right,179,74,Stars League
fm_2000105542,Yusuf Abdurisag,//img.fminside.net/facesfm26/2000105542.png,Qatar,,https://img.fminside.net/flag-svg/qa.svg,Al-Sadd,102853,//img.fminside.net/logos/Men/Clubs/Normal/102853.png,AML,61,63,61,50,61,40,47,Right,175,70,Stars League
fm_18032150,Edmilson Junior,//img.fminside.net/facesfm26/18032150.png,Qatar,,https://img.fminside.net/flag-svg/qa.svg,Al-Duhail,23404990,//img.fminside.net/logos/Men/Clubs/Normal/23404990.png,AML,69,63,69,65,69,30,52,Right,181,76,Stars League
fm_2000043695,Ahmed Al-Ganehi,//img.fminside.net/facesfm26/2000043695.png,Qatar,,https://img.fminside.net/flag-svg/qa.svg,Al-Gharafa,1026831,//img.fminside.net/logos/Men/Clubs/Normal/1026831.png,AMR,65,68,65,54,65,37,49,Right,174,69,Stars League
235073,Gregor Kobel,https://ratings-images-prod.pulse.ea.com/FC25/full/player-portraits/p235073.png?padding=0.7,Switzerland,47,https://drop-assets.ea.com/images/4CseD8PxDZqObA1huFIws0/f30914625e329de69ffdd60f3c334a88/f_47.png,https://drop-assets.ea.com/images/TmqxUZk2FrbFXOK1kdE89/3dce225926ac7cfd9f283ecd731fa710/l22.png,https://drop-assets.ea.com/images/TmqxUZk2FrbFXOK1kdE89/3dce225926ac7cfd9f283ecd731fa710/l22.png,https://drop-assets.ea.com/images/TmqxUZk2FrbFXOK1kdE89/3dce225926ac7cfd9f283ecd731fa710/l22.png,GK,87,87,87,64,87,44,86,Right,195,88,Bundesliga
232839,Miro Muheim,https://ratings-images-prod.pulse.ea.com/FC25/full/player-portraits/p232839.png?padding=0.7,Switzerland,47,https://drop-assets.ea.com/images/4CseD8PxDZqObA1huFIws0/f30914625e329de69ffdd60f3c334a88/f_47.png,https://drop-assets.ea.com/images/Vwj9mu65nCqScjLevwVoY/37cf47cedf66f85ed8078fe491b122a7/l28.png,https://drop-assets.ea.com/images/Vwj9mu65nCqScjLevwVoY/37cf47cedf66f85ed8078fe491b122a7/l28.png,https://drop-assets.ea.com/images/Vwj9mu65nCqScjLevwVoY/37cf47cedf66f85ed8078fe491b122a7/l28.png,LB,73,73,73,73,73,71,73,Left,182,77,Bundesliga
216158,Silvan Widmer,https://ratings-images-prod.pulse.ea.com/FC25/full/player-portraits/p216158.png?padding=0.7,Switzerland,47,https://drop-assets.ea.com/images/4CseD8PxDZqObA1huFIws0/f30914625e329de69ffdd60f3c334a88/f_47.png,https://drop-assets.ea.com/images/4QO9B5tBI7mcWhzDDO3b6N/f70a1fd45fb4a6dd80ceea61a3e91c4d/l169.png,https://drop-assets.ea.com/images/4QO9B5tBI7mcWhzDDO3b6N/f70a1fd45fb4a6dd80ceea61a3e91c4d/l169.png,https://drop-assets.ea.com/images/4QO9B5tBI7mcWhzDDO3b6N/f70a1fd45fb4a6dd80ceea61a3e91c4d/l169.png,RB,71,73,71,70,71,70,72,Right,183,80,Bundesliga
221491,Nico Elvedi,https://ratings-images-prod.pulse.ea.com/FC25/full/player-portraits/p221491.png?padding=0.7,Switzerland,47,https://drop-assets.ea.com/images/4CseD8PxDZqObA1huFIws0/f30914625e329de69ffdd60f3c334a88/f_47.png,https://drop-assets.ea.com/images/4eJmGBw11G3Rn334GUOKaV/7571515e89d9e3b02893855bbdb28dbb/l23.png,https://drop-assets.ea.com/images/4eJmGBw11G3Rn334GUOKaV/7571515e89d9e3b02893855bbdb28dbb/l23.png,https://drop-assets.ea.com/images/4eJmGBw11G3Rn334GUOKaV/7571515e89d9e3b02893855bbdb28dbb/l23.png,CB,65,70,65,63,65,78,76,Right,189,84,Bundesliga
229237,Manuel Akanji,https://ratings-images-prod.pulse.ea.com/FC25/full/player-portraits/p229237.png?padding=0.7,Switzerland,47,https://drop-assets.ea.com/images/4CseD8PxDZqObA1huFIws0/f30914625e329de69ffdd60f3c334a88/f_47.png,https://drop-assets.ea.com/images/1thPMvXN97JgFvt6ASWr4c/d2ca0a691a98c344305bc0975ab70314/l131682.png,https://drop-assets.ea.com/images/1thPMvXN97JgFvt6ASWr4c/d2ca0a691a98c344305bc0975ab70314/l131682.png,https://drop-assets.ea.com/images/1thPMvXN97JgFvt6ASWr4c/d2ca0a691a98c344305bc0975ab70314/l131682.png,CB,73,74,73,69,73,82,81,Right,187,91,Serie A Enilive
229261,Denis Zakaria,https://ratings-images-prod.pulse.ea.com/FC25/full/player-portraits/p229261.png?padding=0.7,Switzerland,47,https://drop-assets.ea.com/images/4CseD8PxDZqObA1huFIws0/f30914625e329de69ffdd60f3c334a88/f_47.png,https://drop-assets.ea.com/images/6XicH1VsjyR3WbTdpk99p3/8b11b6c53072e6c9c042eb77f3c6a8f4/l69.png,https://drop-assets.ea.com/images/6XicH1VsjyR3WbTdpk99p3/8b11b6c53072e6c9c042eb77f3c6a8f4/l69.png,https://drop-assets.ea.com/images/6XicH1VsjyR3WbTdpk99p3/8b11b6c53072e6c9c042eb77f3c6a8f4/l69.png,CDM,77,80,77,74,77,80,85,Right,190,81,Ligue 1 McDonald's
222357,Breel Embolo,https://ratings-images-prod.pulse.ea.com/FC25/full/player-portraits/p222357.png?padding=0.7,Switzerland,47,https://drop-assets.ea.com/images/4CseD8PxDZqObA1huFIws0/f30914625e329de69ffdd60f3c334a88/f_47.png,https://drop-assets.ea.com/images/7CHlTnryGZyOatI2WOFXiP/def56f5b08c456e671d09d3a47cc327b/l74.png,https://drop-assets.ea.com/images/7CHlTnryGZyOatI2WOFXiP/def56f5b08c456e671d09d3a47cc327b/l74.png,https://drop-assets.ea.com/images/7CHlTnryGZyOatI2WOFXiP/def56f5b08c456e671d09d3a47cc327b/l74.png,ST,75,78,75,70,75,51,80,Right,187,88,Ligue 1 McDonald's
202024,Remo Freuler,https://ratings-images-prod.pulse.ea.com/FC25/full/player-portraits/p202024.png?padding=0.7,Switzerland,47,https://drop-assets.ea.com/images/4CseD8PxDZqObA1huFIws0/f30914625e329de69ffdd60f3c334a88/f_47.png,https://drop-assets.ea.com/images/46WRpnCKdCAJlQHuRwlxXF/a7ac6606d8a808d382d4dd5c484eb60e/l189.png,https://drop-assets.ea.com/images/46WRpnCKdCAJlQHuRwlxXF/a7ac6606d8a808d382d4dd5c484eb60e/l189.png,https://drop-assets.ea.com/images/46WRpnCKdCAJlQHuRwlxXF/a7ac6606d8a808d382d4dd5c484eb60e/l189.png,CDM,77,58,77,76,77,77,74,Right,180,80,Serie A Enilive
276694,Johan Manzambi,https://ratings-images-prod.pulse.ea.com/FC25/full/player-portraits/p276694.png?padding=0.7,Switzerland,47,https://drop-assets.ea.com/images/4CseD8PxDZqObA1huFIws0/f30914625e329de69ffdd60f3c334a88/f_47.png,https://drop-assets.ea.com/images/TnclXkBIoI1MtJBmRvObq/83167db02b49b274917cec5814510b79/l25.png,https://drop-assets.ea.com/images/TnclXkBIoI1MtJBmRvObq/83167db02b49b274917cec5814510b79/l25.png,https://drop-assets.ea.com/images/TnclXkBIoI1MtJBmRvObq/83167db02b49b274917cec5814510b79/l25.png,CAM,72,75,72,59,72,56,62,Right,183,75,Bundesliga
199503,Granit Xhaka,https://ratings-images-prod.pulse.ea.com/FC25/full/player-portraits/p199503.png?padding=0.7,Switzerland,47,https://drop-assets.ea.com/images/4CseD8PxDZqObA1huFIws0/f30914625e329de69ffdd60f3c334a88/f_47.png,https://drop-assets.ea.com/images/6ja62Iw2LyY8cVrud4aSHi/aa6c15e4a2ceed66f92099108bea9dfa/l106.png,https://drop-assets.ea.com/images/6ja62Iw2LyY8cVrud4aSHi/aa6c15e4a2ceed66f92099108bea9dfa/l106.png,https://drop-assets.ea.com/images/6ja62Iw2LyY8cVrud4aSHi/aa6c15e4a2ceed66f92099108bea9dfa/l106.png,CDM,74,47,74,85,74,78,82,Left,186,80,Premier League
257980,Dan Ndoye,https://ratings-images-prod.pulse.ea.com/FC25/full/player-portraits/p257980.png?padding=0.7,Switzerland,47,https://drop-assets.ea.com/images/4CseD8PxDZqObA1huFIws0/f30914625e329de69ffdd60f3c334a88/f_47.png,https://drop-assets.ea.com/images/60CgBQCMt7Dtcjip9xUxg8/5fa49387c380bf4772138b215ef4fd85/l14.png,https://drop-assets.ea.com/images/60CgBQCMt7Dtcjip9xUxg8/5fa49387c380bf4772138b215ef4fd85/l14.png,https://drop-assets.ea.com/images/60CgBQCMt7Dtcjip9xUxg8/5fa49387c380bf4772138b215ef4fd85/l14.png,LM,81,89,81,70,81,62,68,Right,184,79,Premier League
fm_98010645,Yvon Mvogo,//img.fminside.net/facesfm26/98010645.png,Switzerland,,https://img.fminside.net/flag-svg/ch.svg,Lorient,2005,//img.fminside.net/logos/Men/Clubs/Normal/2005.png,GK,83,68,83,62,83,52,70,Right,189,84,Ligue 1
193352,Ricardo Rodriguez,https://ratings-images-prod.pulse.ea.com/FC25/full/player-portraits/p193352.png?padding=0.7,Switzerland,47,https://drop-assets.ea.com/images/4CseD8PxDZqObA1huFIws0/f30914625e329de69ffdd60f3c334a88/f_47.png,https://drop-assets.ea.com/images/4rODtg2WvYGHhUGfPXxilW/e047163865b561a0ced87f9f593498c1/l449.png,https://drop-assets.ea.com/images/4rODtg2WvYGHhUGfPXxilW/e047163865b561a0ced87f9f593498c1/l449.png,https://drop-assets.ea.com/images/4rODtg2WvYGHhUGfPXxilW/e047163865b561a0ced87f9f593498c1/l449.png,LB,74,66,74,78,74,70,72,Left,180,78,LALIGA EA SPORTS
257186,Ardon Jashari,https://ratings-images-prod.pulse.ea.com/FC25/full/player-portraits/p257186.png?padding=0.7,Switzerland,47,https://drop-assets.ea.com/images/4CseD8PxDZqObA1huFIws0/f30914625e329de69ffdd60f3c334a88/f_47.png,https://drop-assets.ea.com/images/6D3s1RlLRER3UOunC4Lofv/ec87a4178160a87521b0b7c688e7638e/l131681.png,https://drop-assets.ea.com/images/6D3s1RlLRER3UOunC4Lofv/ec87a4178160a87521b0b7c688e7638e/l131681.png,https://drop-assets.ea.com/images/6D3s1RlLRER3UOunC4Lofv/ec87a4178160a87521b0b7c688e7638e/l131681.png,CDM,73,75,73,75,73,72,82,Left,181,82,Serie A Enilive
229752,Djibril Sow,https://ratings-images-prod.pulse.ea.com/FC25/full/player-portraits/p229752.png?padding=0.7,Switzerland,47,https://drop-assets.ea.com/images/4CseD8PxDZqObA1huFIws0/f30914625e329de69ffdd60f3c334a88/f_47.png,https://drop-assets.ea.com/images/1xocxSBJ3RrgP3Jponcw9H/b5b340790217ad2685083e1765b24273/l481.png,https://drop-assets.ea.com/images/1xocxSBJ3RrgP3Jponcw9H/b5b340790217ad2685083e1765b24273/l481.png,https://drop-assets.ea.com/images/1xocxSBJ3RrgP3Jponcw9H/b5b340790217ad2685083e1765b24273/l481.png,CM,76,78,76,73,76,74,78,Right,184,76,LALIGA EA SPORTS
234913,Christian Fassnacht,https://ratings-images-prod.pulse.ea.com/FC25/full/player-portraits/p234913.png?padding=0.7,Switzerland,47,https://drop-assets.ea.com/images/4CseD8PxDZqObA1huFIws0/f30914625e329de69ffdd60f3c334a88/f_47.png,https://drop-assets.ea.com/images/8VBEw8DGcz4EDqhJUuAfw/edd537527e950001ddf4c17e470bfafb/l900.png,https://drop-assets.ea.com/images/8VBEw8DGcz4EDqhJUuAfw/edd537527e950001ddf4c17e470bfafb/l900.png,https://drop-assets.ea.com/images/8VBEw8DGcz4EDqhJUuAfw/edd537527e950001ddf4c17e470bfafb/l900.png,RM,72,76,72,68,72,36,69,Right,185,77,Brack Super League
238581,Rubén Vargas,https://ratings-images-prod.pulse.ea.com/FC25/full/player-portraits/p238581.png?padding=0.7,Switzerland,47,https://drop-assets.ea.com/images/4CseD8PxDZqObA1huFIws0/f30914625e329de69ffdd60f3c334a88/f_47.png,https://drop-assets.ea.com/images/1xocxSBJ3RrgP3Jponcw9H/b5b340790217ad2685083e1765b24273/l481.png,https://drop-assets.ea.com/images/1xocxSBJ3RrgP3Jponcw9H/b5b340790217ad2685083e1765b24273/l481.png,https://drop-assets.ea.com/images/1xocxSBJ3RrgP3Jponcw9H/b5b340790217ad2685083e1765b24273/l481.png,LM,78,84,78,69,78,54,64,Right,177,70,LALIGA EA SPORTS
233885,Eray Cömert,https://ratings-images-prod.pulse.ea.com/FC25/full/player-portraits/p233885.png?padding=0.7,Switzerland,47,https://drop-assets.ea.com/images/4CseD8PxDZqObA1huFIws0/f30914625e329de69ffdd60f3c334a88/f_47.png,https://drop-assets.ea.com/images/3rBiULK7uv6Uim0qpaPGXG/123be59c7edf775fa3df08effc267f43/l461.png,https://drop-assets.ea.com/images/3rBiULK7uv6Uim0qpaPGXG/123be59c7edf775fa3df08effc267f43/l461.png,https://drop-assets.ea.com/images/3rBiULK7uv6Uim0qpaPGXG/123be59c7edf775fa3df08effc267f43/l461.png,CB,55,66,55,61,55,72,76,Right,183,80,LALIGA EA SPORTS
242530,Noah Okafor,https://ratings-images-prod.pulse.ea.com/FC25/full/player-portraits/p242530.png?padding=0.7,Switzerland,47,https://drop-assets.ea.com/images/4CseD8PxDZqObA1huFIws0/f30914625e329de69ffdd60f3c334a88/f_47.png,https://drop-assets.ea.com/images/4GwGagnihmCNc321tRi8qB/07ddd8a7768922d58f01c2b6f2964a18/l8.png,https://drop-assets.ea.com/images/4GwGagnihmCNc321tRi8qB/07ddd8a7768922d58f01c2b6f2964a18/l8.png,https://drop-assets.ea.com/images/4GwGagnihmCNc321tRi8qB/07ddd8a7768922d58f01c2b6f2964a18/l8.png,ST,80,86,80,71,80,31,69,Right,185,85,Premier League
236898,Michel Aebischer,https://ratings-images-prod.pulse.ea.com/FC25/full/player-portraits/p236898.png?padding=0.7,Switzerland,47,https://drop-assets.ea.com/images/4CseD8PxDZqObA1huFIws0/f30914625e329de69ffdd60f3c334a88/f_47.png,https://drop-assets.ea.com/images/6DfSpNABeyrlXE4KPph3hG/2958a98dfea4d81f07b4491d3215c270/l110738.png,https://drop-assets.ea.com/images/6DfSpNABeyrlXE4KPph3hG/2958a98dfea4d81f07b4491d3215c270/l110738.png,https://drop-assets.ea.com/images/6DfSpNABeyrlXE4KPph3hG/2958a98dfea4d81f07b4491d3215c270/l110738.png,CM,75,66,75,72,75,74,70,Right,183,78,Serie A Enilive
256726,Marvin Keller,https://ratings-images-prod.pulse.ea.com/FC25/full/player-portraits/p256726.png?padding=0.7,Switzerland,47,https://drop-assets.ea.com/images/4CseD8PxDZqObA1huFIws0/f30914625e329de69ffdd60f3c334a88/f_47.png,https://drop-assets.ea.com/images/8VBEw8DGcz4EDqhJUuAfw/edd537527e950001ddf4c17e470bfafb/l900.png,https://drop-assets.ea.com/images/8VBEw8DGcz4EDqhJUuAfw/edd537527e950001ddf4c17e470bfafb/l900.png,https://drop-assets.ea.com/images/8VBEw8DGcz4EDqhJUuAfw/edd537527e950001ddf4c17e470bfafb/l900.png,GK,74,73,74,70,74,38,73,Right,189,87,Brack Super League
259306,Fabian Rieder,https://ratings-images-prod.pulse.ea.com/FC25/full/player-portraits/p259306.png?padding=0.7,Switzerland,47,https://drop-assets.ea.com/images/4CseD8PxDZqObA1huFIws0/f30914625e329de69ffdd60f3c334a88/f_47.png,https://drop-assets.ea.com/images/1LMXVBp9QlIruHH6OejXOw/97f61074046861f13beaf6216a07edb5/l100409.png,https://drop-assets.ea.com/images/1LMXVBp9QlIruHH6OejXOw/97f61074046861f13beaf6216a07edb5/l100409.png,https://drop-assets.ea.com/images/1LMXVBp9QlIruHH6OejXOw/97f61074046861f13beaf6216a07edb5/l100409.png,CAM,75,74,75,71,75,51,62,Left,179,74,Bundesliga
262642,Zeki Amdouni,https://ratings-images-prod.pulse.ea.com/FC25/full/player-portraits/p262642.png?padding=0.7,Switzerland,47,https://drop-assets.ea.com/images/4CseD8PxDZqObA1huFIws0/f30914625e329de69ffdd60f3c334a88/f_47.png,https://drop-assets.ea.com/images/6CqBvyQgjJzPA5vU64paT8/03d21bd0df65afa73b752f66ca5c1714/l1796.png,https://drop-assets.ea.com/images/6CqBvyQgjJzPA5vU64paT8/03d21bd0df65afa73b752f66ca5c1714/l1796.png,https://drop-assets.ea.com/images/6CqBvyQgjJzPA5vU64paT8/03d21bd0df65afa73b752f66ca5c1714/l1796.png,ST,76,71,76,69,76,46,70,Right,185,79,Premier League
270846,Aurèle Amenda,https://ratings-images-prod.pulse.ea.com/FC25/full/player-portraits/p270846.png?padding=0.7,Switzerland,47,https://drop-assets.ea.com/images/4CseD8PxDZqObA1huFIws0/f30914625e329de69ffdd60f3c334a88/f_47.png,https://drop-assets.ea.com/images/3KK76lJIZtlRnPaAgbD85V/5614e02825eb0ed03b69a9d078e40db9/l1824.png,https://drop-assets.ea.com/images/3KK76lJIZtlRnPaAgbD85V/5614e02825eb0ed03b69a9d078e40db9/l1824.png,https://drop-assets.ea.com/images/3KK76lJIZtlRnPaAgbD85V/5614e02825eb0ed03b69a9d078e40db9/l1824.png,CB,48,68,48,51,48,69,75,Right,194,90,Bundesliga
266685,Luca Jaquez,https://ratings-images-prod.pulse.ea.com/FC25/full/player-portraits/p266685.png?padding=0.7,Switzerland,47,https://drop-assets.ea.com/images/4CseD8PxDZqObA1huFIws0/f30914625e329de69ffdd60f3c334a88/f_47.png,https://drop-assets.ea.com/images/5kfh9LrPvDQKbQNF6k7CSF/9a70e7082aaba3b46ea8bd1e699f62de/l36.png,https://drop-assets.ea.com/images/5kfh9LrPvDQKbQNF6k7CSF/9a70e7082aaba3b46ea8bd1e699f62de/l36.png,https://drop-assets.ea.com/images/5kfh9LrPvDQKbQNF6k7CSF/9a70e7082aaba3b46ea8bd1e699f62de/l36.png,CB,62,64,62,52,62,68,71,Right,187,80,Bundesliga
233139,Cedric Itten,https://ratings-images-prod.pulse.ea.com/FC25/full/player-portraits/p233139.png?padding=0.7,Switzerland,47,https://drop-assets.ea.com/images/4CseD8PxDZqObA1huFIws0/f30914625e329de69ffdd60f3c334a88/f_47.png,https://drop-assets.ea.com/images/3dRdiefAOqkWiYbZO4e5Xo/83a09925f2b132c229c4aba1a3fd99e4/l110636.png,https://drop-assets.ea.com/images/3dRdiefAOqkWiYbZO4e5Xo/83a09925f2b132c229c4aba1a3fd99e4/l110636.png,https://drop-assets.ea.com/images/3dRdiefAOqkWiYbZO4e5Xo/83a09925f2b132c229c4aba1a3fd99e4/l110636.png,ST,66,68,66,61,66,36,79,Right,190,84,Bundesliga 2
212831,Alisson,https://ratings-images-prod.pulse.ea.com/FC25/full/player-portraits/p212831.png?padding=0.7,Brazil,54,https://drop-assets.ea.com/images/1zdNn1R9tRlfQ3lsbAOecD/a606f742789b6306363383a6e20dd003/f_54.png,https://drop-assets.ea.com/images/3mmzooNXBDCKuCy6kWcGQo/2e332a30fe2a7225a88fcb1898f48bbf/l9.png,https://drop-assets.ea.com/images/3mmzooNXBDCKuCy6kWcGQo/2e332a30fe2a7225a88fcb1898f48bbf/l9.png,https://drop-assets.ea.com/images/3mmzooNXBDCKuCy6kWcGQo/2e332a30fe2a7225a88fcb1898f48bbf/l9.png,GK,89,86,89,86,89,56,90,Right,193,91,Premier League
210257,Ederson,https://ratings-images-prod.pulse.ea.com/FC25/full/player-portraits/p210257.png?padding=0.7,Brazil,54,https://drop-assets.ea.com/images/1zdNn1R9tRlfQ3lsbAOecD/a606f742789b6306363383a6e20dd003/f_54.png,https://drop-assets.ea.com/images/3sfoNHvqDPqhM1PsEE1sNM/b9dcc82d0e2fba3efc8e8d0ed4c216a6/l326.png,https://drop-assets.ea.com/images/3sfoNHvqDPqhM1PsEE1sNM/b9dcc82d0e2fba3efc8e8d0ed4c216a6/l326.png,https://drop-assets.ea.com/images/3sfoNHvqDPqhM1PsEE1sNM/b9dcc82d0e2fba3efc8e8d0ed4c216a6/l326.png,GK,83,83,83,91,83,64,83,Left,188,86,Trendyol Süper Lig
fm_19034819,Weverton,//img.fminside.net/facesfm26/19034819.png,Brazil,,https://img.fminside.net/flag-svg/br.svg,Grêmio,324,//img.fminside.net/logos/Men/Clubs/Normal/324.png,GK,73,45,73,62,73,75,72,Right,189,84,Série A
207865,Marquinhos,https://ratings-images-prod.pulse.ea.com/FC25/full/player-portraits/p207865.png?padding=0.7,Brazil,54,https://drop-assets.ea.com/images/1zdNn1R9tRlfQ3lsbAOecD/a606f742789b6306363383a6e20dd003/f_54.png,https://drop-assets.ea.com/images/2QwnhmHh5K7bjkfZAF7ZCi/7c53874542fb5c606ff810a4b1f6b88b/l73.png,https://drop-assets.ea.com/images/2QwnhmHh5K7bjkfZAF7ZCi/7c53874542fb5c606ff810a4b1f6b88b/l73.png,https://drop-assets.ea.com/images/2QwnhmHh5K7bjkfZAF7ZCi/7c53874542fb5c606ff810a4b1f6b88b/l73.png,CB,74,78,74,75,74,89,80,Right,183,75,Ligue 1 McDonald's
,Danilo Luiz,,Brazil,,,,,,,,,,,,,,,,,
269493,Alex Sandro,https://ratings-images-prod.pulse.ea.com/FC25/full/player-portraits/p269493.png?padding=0.7,Brazil,54,https://drop-assets.ea.com/images/1zdNn1R9tRlfQ3lsbAOecD/a606f742789b6306363383a6e20dd003/f_54.png,https://drop-assets.ea.com/images/tfbRaZiFuJ9jTer1qcf0Z/95171efd06d2494735c0e8a7c5aa9df2/l65.png,https://drop-assets.ea.com/images/tfbRaZiFuJ9jTer1qcf0Z/95171efd06d2494735c0e8a7c5aa9df2/l65.png,https://drop-assets.ea.com/images/tfbRaZiFuJ9jTer1qcf0Z/95171efd06d2494735c0e8a7c5aa9df2/l65.png,CB,59,66,59,63,59,80,81,Left,191,92,Ligue 1 McDonald's
232580,Gabriel Magalhães,https://ratings-images-prod.pulse.ea.com/FC25/full/player-portraits/p232580.png?padding=0.7,Brazil,54,https://drop-assets.ea.com/images/1zdNn1R9tRlfQ3lsbAOecD/a606f742789b6306363383a6e20dd003/f_54.png,https://drop-assets.ea.com/images/2ng99bvkwKaA228PJje39i/09d2df89a78377d3f8d3f78469cbadc9/l1.png,https://drop-assets.ea.com/images/2ng99bvkwKaA228PJje39i/09d2df89a78377d3f8d3f78469cbadc9/l1.png,https://drop-assets.ea.com/images/2ng99bvkwKaA228PJje39i/09d2df89a78377d3f8d3f78469cbadc9/l1.png,CB,65,64,65,64,65,88,84,Left,190,87,Premier League
239580,Bremer,https://ratings-images-prod.pulse.ea.com/FC25/full/player-portraits/p239580.png?padding=0.7,Brazil,54,https://drop-assets.ea.com/images/1zdNn1R9tRlfQ3lsbAOecD/a606f742789b6306363383a6e20dd003/f_54.png,https://drop-assets.ea.com/images/6zWQmPATtK8lpsiXbKb3mY/6b2d1dab08ef14f63271a5cd70a0db0d/l45.png,https://drop-assets.ea.com/images/6zWQmPATtK8lpsiXbKb3mY/6b2d1dab08ef14f63271a5cd70a0db0d/l45.png,https://drop-assets.ea.com/images/6zWQmPATtK8lpsiXbKb3mY/6b2d1dab08ef14f63271a5cd70a0db0d/l45.png,CB,66,82,66,58,66,86,80,Right,187,84,Serie A Enilive
80170,Wesley,https://ratings-images-prod.pulse.ea.com/FC25/full/player-portraits/p80170.png?padding=0.7,Brazil,54,https://drop-assets.ea.com/images/1zdNn1R9tRlfQ3lsbAOecD/a606f742789b6306363383a6e20dd003/f_54.png,https://drop-assets.ea.com/images/2ruQP0TDYcCmtVFKr9qMBI/5f53795056598b1faac31300900b8671/l52.png,https://drop-assets.ea.com/images/2ruQP0TDYcCmtVFKr9qMBI/5f53795056598b1faac31300900b8671/l52.png,https://drop-assets.ea.com/images/2ruQP0TDYcCmtVFKr9qMBI/5f53795056598b1faac31300900b8671/l52.png,RB,78,89,78,70,78,73,76,Right,178,75,Serie A Enilive
247257,Roger Ibañez,https://ratings-images-prod.pulse.ea.com/FC25/full/player-portraits/p247257.png?padding=0.7,Brazil,54,https://drop-assets.ea.com/images/1zdNn1R9tRlfQ3lsbAOecD/a606f742789b6306363383a6e20dd003/f_54.png,https://drop-assets.ea.com/images/3lVk0osL7o6YMhHuK4YYD6/5e106847b59ce2a4f0bfb55988d812c3/l112387.png,https://drop-assets.ea.com/images/3lVk0osL7o6YMhHuK4YYD6/5e106847b59ce2a4f0bfb55988d812c3/l112387.png,https://drop-assets.ea.com/images/3lVk0osL7o6YMhHuK4YYD6/5e106847b59ce2a4f0bfb55988d812c3/l112387.png,CB,61,87,61,47,61,83,85,Right,185,73,ROSHN Saudi League
fm_19187721,Douglas Santos,//img.fminside.net/facesfm26/19187721.png,Brazil,,https://img.fminside.net/flag-svg/br.svg,Zenit,1301108,//img.fminside.net/logos/Men/Clubs/Normal/1301108.png,DL,69,65,69,69,69,64,54,Left,175,70,Premier Liga
fm_19219840,Léo Pereira,//img.fminside.net/facesfm26/19219840.png,Brazil,,https://img.fminside.net/flag-svg/br.svg,Flamengo,322,//img.fminside.net/logos/Men/Clubs/Normal/322.png,DC,68,65,68,59,68,74,72,Left,188,83,Série A
200145,Casemiro,https://ratings-images-prod.pulse.ea.com/FC25/full/player-portraits/p200145.png?padding=0.7,Brazil,54,https://drop-assets.ea.com/images/1zdNn1R9tRlfQ3lsbAOecD/a606f742789b6306363383a6e20dd003/f_54.png,https://drop-assets.ea.com/images/5xxJeUfFY6FEQZEJyJK35/990979becf88b88ecb6461dc441c2ebf/l11.png,https://drop-assets.ea.com/images/5xxJeUfFY6FEQZEJyJK35/990979becf88b88ecb6461dc441c2ebf/l11.png,https://drop-assets.ea.com/images/5xxJeUfFY6FEQZEJyJK35/990979becf88b88ecb6461dc441c2ebf/l11.png,CDM,69,36,69,76,69,80,76,Right,185,84,Premier League
233927,Lucas Paquetá,https://ratings-images-prod.pulse.ea.com/FC25/full/player-portraits/p233927.png?padding=0.7,Brazil,54,https://drop-assets.ea.com/images/1zdNn1R9tRlfQ3lsbAOecD/a606f742789b6306363383a6e20dd003/f_54.png,https://drop-assets.ea.com/images/60X4vXPDgGISHaqyOdUGkg/c7def9840658d49d646e4895e9e04e94/l19.png,https://drop-assets.ea.com/images/60X4vXPDgGISHaqyOdUGkg/c7def9840658d49d646e4895e9e04e94/l19.png,https://drop-assets.ea.com/images/60X4vXPDgGISHaqyOdUGkg/c7def9840658d49d646e4895e9e04e94/l19.png,CM,84,68,84,78,84,69,75,Left,180,72,Premier League
247851,Bruno Guimarães,https://ratings-images-prod.pulse.ea.com/FC25/full/player-portraits/p247851.png?padding=0.7,Brazil,54,https://drop-assets.ea.com/images/1zdNn1R9tRlfQ3lsbAOecD/a606f742789b6306363383a6e20dd003/f_54.png,https://drop-assets.ea.com/images/69fXoaX4p9zFwKaZYoNtNX/14d86649a9b5a3f7e876cc3d46357b5d/l13.png,https://drop-assets.ea.com/images/69fXoaX4p9zFwKaZYoNtNX/14d86649a9b5a3f7e876cc3d46357b5d/l13.png,https://drop-assets.ea.com/images/69fXoaX4p9zFwKaZYoNtNX/14d86649a9b5a3f7e876cc3d46357b5d/l13.png,CM,84,66,84,84,84,79,81,Right,182,74,Premier League
209499,Fabinho,https://ratings-images-prod.pulse.ea.com/FC25/full/player-portraits/p209499.png?padding=0.7,Brazil,54,https://drop-assets.ea.com/images/1zdNn1R9tRlfQ3lsbAOecD/a606f742789b6306363383a6e20dd003/f_54.png,https://drop-assets.ea.com/images/21L35ZnVrrvEeFouMeqs8Q/b631b443b4d37e1712ed79f2487d850c/l607.png,https://drop-assets.ea.com/images/21L35ZnVrrvEeFouMeqs8Q/b631b443b4d37e1712ed79f2487d850c/l607.png,https://drop-assets.ea.com/images/21L35ZnVrrvEeFouMeqs8Q/b631b443b4d37e1712ed79f2487d850c/l607.png,CDM,77,53,77,78,77,81,80,Right,188,78,ROSHN Saudi League
fm_2000284805,Danilo Santos,//img.fminside.net/facesfm26/2000284805.png,Brazil,,https://img.fminside.net/flag-svg/br.svg,North District,5638118,//img.fminside.net/logos/Men/Clubs/Normal/5638118.png,DC,44,55,44,34,44,49,59,Left,189,84,Premier League
fm_19024412,Neymar,//img.fminside.net/facesfm26/19024412.png,Brazil,,https://img.fminside.net/flag-svg/br.svg,Santos,335,//img.fminside.net/logos/Men/Clubs/Normal/335.png,AML,81,55,81,80,81,22,44,Right,175,70,Série A
238794,Vinícius Júnior,https://ratings-images-prod.pulse.ea.com/FC25/full/player-portraits/p238794.png?padding=0.7,Brazil,54,https://drop-assets.ea.com/images/1zdNn1R9tRlfQ3lsbAOecD/a606f742789b6306363383a6e20dd003/f_54.png,https://drop-assets.ea.com/images/Pk8nYrWuRt895RlhJx8jI/445d98b711f413a3a1e70c41b19b0f95/l243.png,https://drop-assets.ea.com/images/Pk8nYrWuRt895RlhJx8jI/445d98b711f413a3a1e70c41b19b0f95/l243.png,https://drop-assets.ea.com/images/Pk8nYrWuRt895RlhJx8jI/445d98b711f413a3a1e70c41b19b0f95/l243.png,LW,91,95,91,81,91,29,69,Right,176,73,LALIGA EA SPORTS
233419,Raphinha,https://ratings-images-prod.pulse.ea.com/FC25/full/player-portraits/p233419.png?padding=0.7,Brazil,54,https://drop-assets.ea.com/images/1zdNn1R9tRlfQ3lsbAOecD/a606f742789b6306363383a6e20dd003/f_54.png,https://drop-assets.ea.com/images/5VXhqALaBzgvb2YG8iJxlq/990024f3e3ecc9e6c37eae41ebef86bd/l241.png,https://drop-assets.ea.com/images/5VXhqALaBzgvb2YG8iJxlq/990024f3e3ecc9e6c37eae41ebef86bd/l241.png,https://drop-assets.ea.com/images/5VXhqALaBzgvb2YG8iJxlq/990024f3e3ecc9e6c37eae41ebef86bd/l241.png,LM,87,91,87,85,87,53,75,Left,176,68,LALIGA EA SPORTS
251566,Gabriel Martinelli,https://ratings-images-prod.pulse.ea.com/FC25/full/player-portraits/p251566.png?padding=0.7,Brazil,54,https://drop-assets.ea.com/images/1zdNn1R9tRlfQ3lsbAOecD/a606f742789b6306363383a6e20dd003/f_54.png,https://drop-assets.ea.com/images/2ng99bvkwKaA228PJje39i/09d2df89a78377d3f8d3f78469cbadc9/l1.png,https://drop-assets.ea.com/images/2ng99bvkwKaA228PJje39i/09d2df89a78377d3f8d3f78469cbadc9/l1.png,https://drop-assets.ea.com/images/2ng99bvkwKaA228PJje39i/09d2df89a78377d3f8d3f78469cbadc9/l1.png,LW,83,90,83,75,83,46,72,Right,178,75,Premier League
240243,Matheus Cunha,https://ratings-images-prod.pulse.ea.com/FC25/full/player-portraits/p240243.png?padding=0.7,Brazil,54,https://drop-assets.ea.com/images/1zdNn1R9tRlfQ3lsbAOecD/a606f742789b6306363383a6e20dd003/f_54.png,https://drop-assets.ea.com/images/5xxJeUfFY6FEQZEJyJK35/990979becf88b88ecb6461dc441c2ebf/l11.png,https://drop-assets.ea.com/images/5xxJeUfFY6FEQZEJyJK35/990979becf88b88ecb6461dc441c2ebf/l11.png,https://drop-assets.ea.com/images/5xxJeUfFY6FEQZEJyJK35/990979becf88b88ecb6461dc441c2ebf/l11.png,CAM,84,77,84,79,84,44,75,Right,183,76,Premier League
272505,Endrick,https://ratings-images-prod.pulse.ea.com/FC25/full/player-portraits/p272505.png?padding=0.7,Brazil,54,https://drop-assets.ea.com/images/1zdNn1R9tRlfQ3lsbAOecD/a606f742789b6306363383a6e20dd003/f_54.png,https://drop-assets.ea.com/images/Pk8nYrWuRt895RlhJx8jI/445d98b711f413a3a1e70c41b19b0f95/l243.png,https://drop-assets.ea.com/images/Pk8nYrWuRt895RlhJx8jI/445d98b711f413a3a1e70c41b19b0f95/l243.png,https://drop-assets.ea.com/images/Pk8nYrWuRt895RlhJx8jI/445d98b711f413a3a1e70c41b19b0f95/l243.png,ST,78,87,78,62,78,30,68,Left,173,66,LALIGA EA SPORTS
fm_19377206,Luiz Henrique,//img.fminside.net/facesfm26/19377206.png,Brazil,,https://img.fminside.net/flag-svg/br.svg,Zenit,1301108,//img.fminside.net/logos/Men/Clubs/Normal/1301108.png,AMR,76,78,76,62,76,49,64,Left,182,77,Premier Liga
275771,Igor Thiago,https://ratings-images-prod.pulse.ea.com/FC25/full/player-portraits/p275771.png?padding=0.7,Brazil,54,https://drop-assets.ea.com/images/1zdNn1R9tRlfQ3lsbAOecD/a606f742789b6306363383a6e20dd003/f_54.png,https://drop-assets.ea.com/images/3UCvZhjBB0odWNL0OPusuK/1de0f5b97a2e137201670df2cf09e1a5/l1925.png,https://drop-assets.ea.com/images/3UCvZhjBB0odWNL0OPusuK/1de0f5b97a2e137201670df2cf09e1a5/l1925.png,https://drop-assets.ea.com/images/3UCvZhjBB0odWNL0OPusuK/1de0f5b97a2e137201670df2cf09e1a5/l1925.png,ST,69,66,69,54,69,37,78,Right,191,88,Premier League
242641,Rayan,https://ratings-images-prod.pulse.ea.com/FC25/full/player-portraits/p242641.png?padding=0.7,Brazil,97,https://drop-assets.ea.com/images/7DBnvM9EEo73oK7xEvbWvJ/47a0a190f5a0092fef1bc40e7e74b8f9/f_97.png,https://drop-assets.ea.com/images/4asmNLic4aQn6cjlEg1t5u/88bea3ddd6c1f620bbf813041f248685/l10.png,https://drop-assets.ea.com/images/4asmNLic4aQn6cjlEg1t5u/88bea3ddd6c1f620bbf813041f248685/l10.png,https://drop-assets.ea.com/images/4asmNLic4aQn6cjlEg1t5u/88bea3ddd6c1f620bbf813041f248685/l10.png,LB,84,84,84,76,84,77,70,,180,70,Premier League
178363,Johny Placide,https://ratings-images-prod.pulse.ea.com/FC25/full/player-portraits/p178363.png?padding=0.7,Haiti,80,https://drop-assets.ea.com/images/6r6rAYnsUnHnZPeqku5CPp/41fc82e094f5501b924cd29d88cfc62a/f_80.png,https://drop-assets.ea.com/images/3HfllaC913vcDQdVZHlkHi/1831663ffe29ac3b45d7077138f61f3e/l58.png,https://drop-assets.ea.com/images/3HfllaC913vcDQdVZHlkHi/1831663ffe29ac3b45d7077138f61f3e/l58.png,https://drop-assets.ea.com/images/3HfllaC913vcDQdVZHlkHi/1831663ffe29ac3b45d7077138f61f3e/l58.png,GK,67,65,67,69,67,54,72,Right,181,84,Ligue 2 BKT
fm_48048204,Alexandre Pierre,//img.fminside.net/facesfm26/48048204.png,Haiti,,https://img.fminside.net/flag-svg/ht.svg,Sochaux,2009,//img.fminside.net/logos/Men/Clubs/Normal/2009.png,GK,63,48,63,47,63,52,64,Right,190,85,Championnat National
fm_83257050,Josué Duverger,//img.fminside.net/facesfm26/83257050.png,Haiti,,https://img.fminside.net/flag-svg/ht.svg,Cosmos Koblenz,2000197611,//img.fminside.net/logos/Men/Clubs/Normal/2000197611.png,GK,48,40,48,54,48,47,54,Left,188,83,Oberliga Rheinland-Pfalz/Saar
fm_82050160,Ricardo Adé,//img.fminside.net/facesfm26/82050160.png,Haiti,,https://img.fminside.net/flag-svg/ht.svg,Liga de Quito,5270338,//img.fminside.net/logos/Men/Clubs/Normal/5270338.png,DC,52,58,52,40,52,75,67,Right,190,85,Serie A
228591,Carlens Arcus,https://ratings-images-prod.pulse.ea.com/FC25/full/player-portraits/p228591.png?padding=0.7,Haiti,80,https://drop-assets.ea.com/images/6r6rAYnsUnHnZPeqku5CPp/41fc82e094f5501b924cd29d88cfc62a/f_80.png,https://drop-assets.ea.com/images/4X5jDzZlLlvjjfl3gGgWDz/cef1a10b1b5e946648957a4d1089f6ab/l1530.png,https://drop-assets.ea.com/images/4X5jDzZlLlvjjfl3gGgWDz/cef1a10b1b5e946648957a4d1089f6ab/l1530.png,https://drop-assets.ea.com/images/4X5jDzZlLlvjjfl3gGgWDz/cef1a10b1b5e946648957a4d1089f6ab/l1530.png,RB,66,75,66,66,66,66,75,Right,180,73,Ligue 1 McDonald's
78651,Martin Expérience,https://ratings-images-prod.pulse.ea.com/FC25/full/player-portraits/p78651.png?padding=0.7,Haiti,80,https://drop-assets.ea.com/images/6r6rAYnsUnHnZPeqku5CPp/41fc82e094f5501b924cd29d88cfc62a/f_80.png,https://drop-assets.ea.com/images/7MuFMkGFC3Qkljvd8CnvBO/be354ac0a0fe14ed51fe0301493b6c27/l1823.png,https://drop-assets.ea.com/images/7MuFMkGFC3Qkljvd8CnvBO/be354ac0a0fe14ed51fe0301493b6c27/l1823.png,https://drop-assets.ea.com/images/7MuFMkGFC3Qkljvd8CnvBO/be354ac0a0fe14ed51fe0301493b6c27/l1823.png,LB,59,68,59,53,59,58,64,Left,178,70,Ligue 2 BKT
229705,Jean-Kévin Duverne,https://ratings-images-prod.pulse.ea.com/FC25/full/player-portraits/p229705.png?padding=0.7,Haiti,80,https://drop-assets.ea.com/images/6r6rAYnsUnHnZPeqku5CPp/41fc82e094f5501b924cd29d88cfc62a/f_80.png,https://drop-assets.ea.com/images/6yyNmrjeahHfB0uWJP0pD/1531a54f512af00033f9dbe78c78c0bb/l674.png,https://drop-assets.ea.com/images/6yyNmrjeahHfB0uWJP0pD/1531a54f512af00033f9dbe78c78c0bb/l674.png,https://drop-assets.ea.com/images/6yyNmrjeahHfB0uWJP0pD/1531a54f512af00033f9dbe78c78c0bb/l674.png,LB,67,60,67,62,67,72,73,Right,184,71,1A Pro League
fm_20040210,Duke Lacroix,//img.fminside.net/facesfm26/20040210.png,Haiti,,https://img.fminside.net/flag-svg/ht.svg,Colorado Springs,20032628,//img.fminside.net/logos/Men/Clubs/Normal/20032628.png,DL,54,70,54,47,54,52,50,Left,176,71,USLC Western Conference
78421,Wilguens Paugain,https://ratings-images-prod.pulse.ea.com/FC25/full/player-portraits/p78421.png?padding=0.7,Haiti,80,https://drop-assets.ea.com/images/6r6rAYnsUnHnZPeqku5CPp/41fc82e094f5501b924cd29d88cfc62a/f_80.png,https://drop-assets.ea.com/images/3NjZ2azxh00kOwGoiShyIV/1e743a30c362c73f5a68701563aebc21/l15005.png,https://drop-assets.ea.com/images/3NjZ2azxh00kOwGoiShyIV/1e743a30c362c73f5a68701563aebc21/l15005.png,https://drop-assets.ea.com/images/3NjZ2azxh00kOwGoiShyIV/1e743a30c362c73f5a68701563aebc21/l15005.png,RB,50,62,50,42,50,54,63,Right,180,80,1A Pro League
237440,Hannes Delcroix,https://ratings-images-prod.pulse.ea.com/FC25/full/player-portraits/p237440.png?padding=0.7,Haiti,7,https://drop-assets.ea.com/images/7eZLPoDDyxSlQoqcS4NVA2/6fc085dc7e85ccd7519be7ff2df875ee/f_7.png,https://drop-assets.ea.com/images/6CqBvyQgjJzPA5vU64paT8/03d21bd0df65afa73b752f66ca5c1714/l1796.png,https://drop-assets.ea.com/images/6CqBvyQgjJzPA5vU64paT8/03d21bd0df65afa73b752f66ca5c1714/l1796.png,https://drop-assets.ea.com/images/6CqBvyQgjJzPA5vU64paT8/03d21bd0df65afa73b752f66ca5c1714/l1796.png,CB,61,66,61,61,61,71,70,,183,78,Premier League
fm_2000208947,Keeto Thermoncy,//img.fminside.net/faces/default-male.png,Haiti,,https://img.fminside.net/flag-svg/ht.svg,Young Boys,1847,//img.fminside.net/logos/Men/Clubs/Normal/1847.png,DC,32,48,32,19,32,62,37,Right,185,80,Super League
fm_49048290,Leverton Pierre,//img.fminside.net/facesfm26/49048290.png,Haiti,,https://img.fminside.net/flag-svg/ht.svg,Vizela,2403,//img.fminside.net/logos/Men/Clubs/Normal/2403.png,DM,58,63,58,52,58,47,55,Right,178,73,Liga Portugal 2
268805,Danley Jean Jacques,https://ratings-images-prod.pulse.ea.com/FC25/full/player-portraits/p268805.png?padding=0.7,Haiti,80,https://drop-assets.ea.com/images/6r6rAYnsUnHnZPeqku5CPp/41fc82e094f5501b924cd29d88cfc62a/f_80.png,https://drop-assets.ea.com/images/5okVfDvo8Vcgp5mqovBHJm/c286d0caa8776d5d9a6ff7b9f43a4c3d/l112134.png,https://drop-assets.ea.com/images/5okVfDvo8Vcgp5mqovBHJm/c286d0caa8776d5d9a6ff7b9f43a4c3d/l112134.png,https://drop-assets.ea.com/images/5okVfDvo8Vcgp5mqovBHJm/c286d0caa8776d5d9a6ff7b9f43a4c3d/l112134.png,CM,70,69,70,66,70,67,74,Left,182,72,MLS
fm_2000025433,Carl Sainté,//img.fminside.net/facesfm26/2000025433.png,Haiti,,https://img.fminside.net/flag-svg/ht.svg,El Paso,20046411,//img.fminside.net/logos/Men/Clubs/Normal/20046411.png,DC,48,58,48,44,48,52,62,Right,186,81,USLC Western Conference
235456,Jean-Ricner Bellegarde,https://ratings-images-prod.pulse.ea.com/FC25/full/player-portraits/p235456.png?padding=0.7,Haiti,18,https://drop-assets.ea.com/images/3ECAQzhfgSLWRf9IIHB6G8/7e235a7b2f93c1f73db7f89dc03b3657/f_18.png,https://drop-assets.ea.com/images/3DIKyPF6XcAgIrI3Wv0UBo/4b26ac5525105f84de13860ebe177633/l110.png,https://drop-assets.ea.com/images/3DIKyPF6XcAgIrI3Wv0UBo/4b26ac5525105f84de13860ebe177633/l110.png,https://drop-assets.ea.com/images/3DIKyPF6XcAgIrI3Wv0UBo/4b26ac5525105f84de13860ebe177633/l110.png,CAM,78,78,78,72,78,70,72,Right,170,70,Premier League
,Woodensky Pierre,,Haiti,,,,,,,,,,,,,,,,,
fm_2000195600,Dominique Simon,//img.fminside.net/facesfm26/2000195600.png,Haiti,,https://img.fminside.net/flag-svg/fr.svg,Pardubice,5647950,//img.fminside.net/logos/Men/Clubs/Normal/5647950.png,DM,53,55,53,49,53,52,52,Right,179,74,FORTUNA:LIGA
fm_85121512,Duckens Nazon,//img.fminside.net/facesfm26/85121512.png,Haiti,,https://img.fminside.net/flag-svg/ht.svg,Esteghlal,102856,//img.fminside.net/logos/Men/Clubs/Normal/102856.png,ST,61,63,61,42,61,44,70,Right,181,76,Pro League
244949,Frantzdy Pierrot,https://ratings-images-prod.pulse.ea.com/FC25/full/player-portraits/p244949.png?padding=0.7,Haiti,80,https://drop-assets.ea.com/images/6r6rAYnsUnHnZPeqku5CPp/41fc82e094f5501b924cd29d88cfc62a/f_80.png,https://drop-assets.ea.com/images/4qTLnCKd5EuaAqSHT6TqiQ/e696de56fdde60bfd4d62ec6b59682ee/l278.png,https://drop-assets.ea.com/images/4qTLnCKd5EuaAqSHT6TqiQ/e696de56fdde60bfd4d62ec6b59682ee/l278.png,https://drop-assets.ea.com/images/4qTLnCKd5EuaAqSHT6TqiQ/e696de56fdde60bfd4d62ec6b59682ee/l278.png,ST,62,65,62,56,62,32,82,Right,194,85,Hellas Liga
166539,Derrick Etienne Jr.,https://ratings-images-prod.pulse.ea.com/FC25/full/player-portraits/p166539.png?padding=0.7,Haiti,80,https://drop-assets.ea.com/images/6r6rAYnsUnHnZPeqku5CPp/41fc82e094f5501b924cd29d88cfc62a/f_80.png,https://drop-assets.ea.com/images/30i1VjDrANfk70TiMD5FAP/bcad393870bfc3b08eeda1507c8ca63f/l111651.png,https://drop-assets.ea.com/images/30i1VjDrANfk70TiMD5FAP/bcad393870bfc3b08eeda1507c8ca63f/l111651.png,https://drop-assets.ea.com/images/30i1VjDrANfk70TiMD5FAP/bcad393870bfc3b08eeda1507c8ca63f/l111651.png,LM,69,81,69,60,69,40,62,Right,178,77,MLS
252416,Louicius Deedson,https://ratings-images-prod.pulse.ea.com/FC25/full/player-portraits/p252416.png?padding=0.7,Haiti,80,https://drop-assets.ea.com/images/6r6rAYnsUnHnZPeqku5CPp/41fc82e094f5501b924cd29d88cfc62a/f_80.png,https://drop-assets.ea.com/images/2CowojBwwfe8I0tl2xDyEg/251f5781f470875f502bb8e708e1d5e5/l695.png,https://drop-assets.ea.com/images/2CowojBwwfe8I0tl2xDyEg/251f5781f470875f502bb8e708e1d5e5/l695.png,https://drop-assets.ea.com/images/2CowojBwwfe8I0tl2xDyEg/251f5781f470875f502bb8e708e1d5e5/l695.png,RW,66,84,66,54,66,22,57,Left,178,70,MLS
fm_49039275,Ruben Providence,//img.fminside.net/facesfm26/49039275.png,Haiti,,https://img.fminside.net/flag-svg/ht.svg,Almere City,850022,//img.fminside.net/logos/Men/Clubs/Normal/850022.png,AMR,57,65,57,49,57,22,49,Right,173,68,Eerste Divisie
260943,Josué Casimir,https://ratings-images-prod.pulse.ea.com/FC25/full/player-portraits/p260943.png?padding=0.7,Haiti,18,https://drop-assets.ea.com/images/3ECAQzhfgSLWRf9IIHB6G8/7e235a7b2f93c1f73db7f89dc03b3657/f_18.png,https://drop-assets.ea.com/images/1bqZtPlVC4DJC6d0eJ3wF3/d7b36902b29fff13d5cccba0d2b3ef21/l57.png,https://drop-assets.ea.com/images/1bqZtPlVC4DJC6d0eJ3wF3/d7b36902b29fff13d5cccba0d2b3ef21/l57.png,https://drop-assets.ea.com/images/1bqZtPlVC4DJC6d0eJ3wF3/d7b36902b29fff13d5cccba0d2b3ef21/l57.png,RM,71,82,71,63,71,43,67,Right,180,72,Ligue 1 McDonald's
fm_28106686,Yassin Fortuné,//img.fminside.net/facesfm26/28106686.png,Haiti,,https://img.fminside.net/flag-svg/ht.svg,Vizela,2403,//img.fminside.net/logos/Men/Clubs/Normal/2403.png,AMR,58,70,58,47,58,22,62,Right,186,81,Liga Portugal 2
247335,Wilson Isidor,https://ratings-images-prod.pulse.ea.com/FC25/full/player-portraits/p247335.png?padding=0.7,Haiti,18,https://drop-assets.ea.com/images/3ECAQzhfgSLWRf9IIHB6G8/7e235a7b2f93c1f73db7f89dc03b3657/f_18.png,https://drop-assets.ea.com/images/6ja62Iw2LyY8cVrud4aSHi/aa6c15e4a2ceed66f92099108bea9dfa/l106.png,https://drop-assets.ea.com/images/6ja62Iw2LyY8cVrud4aSHi/aa6c15e4a2ceed66f92099108bea9dfa/l106.png,https://drop-assets.ea.com/images/6ja62Iw2LyY8cVrud4aSHi/aa6c15e4a2ceed66f92099108bea9dfa/l106.png,ST,70,81,70,60,70,31,72,Right,186,74,Premier League
262652,Lenny Joseph,https://ratings-images-prod.pulse.ea.com/FC25/full/player-portraits/p262652.png?padding=0.7,Haiti,18,https://drop-assets.ea.com/images/3ECAQzhfgSLWRf9IIHB6G8/7e235a7b2f93c1f73db7f89dc03b3657/f_18.png,https://drop-assets.ea.com/images/7iVvbVFFpSoNI3csHutnMv/2d26c636be8aaaffe2a945ab1f2bfb3c/l1874.png,https://drop-assets.ea.com/images/7iVvbVFFpSoNI3csHutnMv/2d26c636be8aaaffe2a945ab1f2bfb3c/l1874.png,https://drop-assets.ea.com/images/7iVvbVFFpSoNI3csHutnMv/2d26c636be8aaaffe2a945ab1f2bfb3c/l1874.png,RW,71,80,71,58,71,27,64,Right,183,73,Magyar Liga
209981,Yassine Bounou,https://ratings-images-prod.pulse.ea.com/FC25/full/player-portraits/p209981.png?padding=0.7,Morocco,129,https://drop-assets.ea.com/images/47SGeQ7STCrJZQSKOVJaHA/1aa24a57a60f85051e34a5ad8205771d/f_129.png,https://drop-assets.ea.com/images/S6sbDN9mfGaVn2VJDekYR/c6f580c98a0d614b0b308a89a241c6ab/l605.png,https://drop-assets.ea.com/images/S6sbDN9mfGaVn2VJDekYR/c6f580c98a0d614b0b308a89a241c6ab/l605.png,https://drop-assets.ea.com/images/S6sbDN9mfGaVn2VJDekYR/c6f580c98a0d614b0b308a89a241c6ab/l605.png,GK,85,81,85,76,85,38,82,Left,195,78,ROSHN Saudi League
,Munir Mohamedi,,Morocco,,,,,,,,,,,,,,,,,
,Ahmed Reda Tagnaouti,,Morocco,,,,,,,,,,,,,,,,,
235212,Achraf Hakimi,https://ratings-images-prod.pulse.ea.com/FC25/full/player-portraits/p235212.png?padding=0.7,Morocco,129,https://drop-assets.ea.com/images/47SGeQ7STCrJZQSKOVJaHA/1aa24a57a60f85051e34a5ad8205771d/f_129.png,https://drop-assets.ea.com/images/2QwnhmHh5K7bjkfZAF7ZCi/7c53874542fb5c606ff810a4b1f6b88b/l73.png,https://drop-assets.ea.com/images/2QwnhmHh5K7bjkfZAF7ZCi/7c53874542fb5c606ff810a4b1f6b88b/l73.png,https://drop-assets.ea.com/images/2QwnhmHh5K7bjkfZAF7ZCi/7c53874542fb5c606ff810a4b1f6b88b/l73.png,RB,83,92,83,82,83,82,79,Right,181,73,Ligue 1 McDonald's
244749,Nayef Aguerd,https://ratings-images-prod.pulse.ea.com/FC25/full/player-portraits/p244749.png?padding=0.7,Morocco,129,https://drop-assets.ea.com/images/47SGeQ7STCrJZQSKOVJaHA/1aa24a57a60f85051e34a5ad8205771d/f_129.png,https://drop-assets.ea.com/images/3t06Qm41tT2gB8NqJYXdue/928373951a71a9a8565497e6481925d1/l219.png,https://drop-assets.ea.com/images/3t06Qm41tT2gB8NqJYXdue/928373951a71a9a8565497e6481925d1/l219.png,https://drop-assets.ea.com/images/3t06Qm41tT2gB8NqJYXdue/928373951a71a9a8565497e6481925d1/l219.png,CB,65,72,65,67,65,82,77,Left,190,76,Ligue 1 McDonald's
236401,Noussair Mazraoui,https://ratings-images-prod.pulse.ea.com/FC25/full/player-portraits/p236401.png?padding=0.7,Morocco,129,https://drop-assets.ea.com/images/47SGeQ7STCrJZQSKOVJaHA/1aa24a57a60f85051e34a5ad8205771d/f_129.png,https://drop-assets.ea.com/images/5xxJeUfFY6FEQZEJyJK35/990979becf88b88ecb6461dc441c2ebf/l11.png,https://drop-assets.ea.com/images/5xxJeUfFY6FEQZEJyJK35/990979becf88b88ecb6461dc441c2ebf/l11.png,https://drop-assets.ea.com/images/5xxJeUfFY6FEQZEJyJK35/990979becf88b88ecb6461dc441c2ebf/l11.png,RB,80,75,80,76,80,77,72,Right,183,65,Premier League
fm_13217945,Youssef Belammari,//img.fminside.net/facesfm26/13217945.png,Morocco,,https://img.fminside.net/flag-svg/ma.svg,Al-Ahly,106756,//img.fminside.net/logos/Men/Clubs/Normal/106756.png,DL,60,65,60,65,60,59,57,Left,180,75,Premier League
fm_37077855,Anass Salah-Eddine,//img.fminside.net/facesfm26/37077855.png,Morocco,,https://img.fminside.net/flag-svg/ma.svg,AS Roma,1100,//img.fminside.net/logos/Men/Clubs/Normal/1100.png,DL,66,70,66,59,66,50,59,Left,181,76,Serie A
258490,Chadi Riad,https://ratings-images-prod.pulse.ea.com/FC25/full/player-portraits/p258490.png?padding=0.7,Morocco,129,https://drop-assets.ea.com/images/47SGeQ7STCrJZQSKOVJaHA/1aa24a57a60f85051e34a5ad8205771d/f_129.png,https://drop-assets.ea.com/images/6j7pLWl2t3yl13bu6Y9s5K/91a346d14011a610d95ec956816b6a38/l1799.png,https://drop-assets.ea.com/images/6j7pLWl2t3yl13bu6Y9s5K/91a346d14011a610d95ec956816b6a38/l1799.png,https://drop-assets.ea.com/images/6j7pLWl2t3yl13bu6Y9s5K/91a346d14011a610d95ec956816b6a38/l1799.png,CB,61,60,61,57,61,71,72,Left,190,78,Premier League
231633,Issa Diop,https://ratings-images-prod.pulse.ea.com/FC25/full/player-portraits/p231633.png?padding=0.7,Morocco,18,https://drop-assets.ea.com/images/3ECAQzhfgSLWRf9IIHB6G8/7e235a7b2f93c1f73db7f89dc03b3657/f_18.png,https://drop-assets.ea.com/images/1YL8ULAZyOPtffpFGZcGe8/84ec5701079276f33aa349d253fa0321/l144.png,https://drop-assets.ea.com/images/1YL8ULAZyOPtffpFGZcGe8/84ec5701079276f33aa349d253fa0321/l144.png,https://drop-assets.ea.com/images/1YL8ULAZyOPtffpFGZcGe8/84ec5701079276f33aa349d253fa0321/l144.png,CB,55,57,55,53,55,77,78,Right,194,92,Premier League
275353,Zakaria El Ouahdi,https://ratings-images-prod.pulse.ea.com/FC25/full/player-portraits/p275353.png?padding=0.7,Morocco,129,https://drop-assets.ea.com/images/47SGeQ7STCrJZQSKOVJaHA/1aa24a57a60f85051e34a5ad8205771d/f_129.png,https://drop-assets.ea.com/images/2064Z9wPzJbjkzW3n9b4RQ/ef883d28dde3104b3bea959320b4597a/l673.png,https://drop-assets.ea.com/images/2064Z9wPzJbjkzW3n9b4RQ/ef883d28dde3104b3bea959320b4597a/l673.png,https://drop-assets.ea.com/images/2064Z9wPzJbjkzW3n9b4RQ/ef883d28dde3104b3bea959320b4597a/l673.png,RB,77,73,77,70,77,69,71,Right,172,66,1A Pro League
264657,Redouane Halhal,https://ratings-images-prod.pulse.ea.com/FC25/full/player-portraits/p264657.png?padding=0.7,Morocco,129,https://drop-assets.ea.com/images/47SGeQ7STCrJZQSKOVJaHA/1aa24a57a60f85051e34a5ad8205771d/f_129.png,https://drop-assets.ea.com/images/2WupBfXKg69mIhwL872xXS/642e54f53ded21ed63e589485a4e0798/l110724.png,https://drop-assets.ea.com/images/2WupBfXKg69mIhwL872xXS/642e54f53ded21ed63e589485a4e0798/l110724.png,https://drop-assets.ea.com/images/2WupBfXKg69mIhwL872xXS/642e54f53ded21ed63e589485a4e0798/l110724.png,CB,48,59,48,44,48,64,65,Right,187,79,1A Pro League
224158,Sofyan Amrabat,https://ratings-images-prod.pulse.ea.com/FC25/full/player-portraits/p224158.png?padding=0.7,Morocco,129,https://drop-assets.ea.com/images/47SGeQ7STCrJZQSKOVJaHA/1aa24a57a60f85051e34a5ad8205771d/f_129.png,https://drop-assets.ea.com/images/4rODtg2WvYGHhUGfPXxilW/e047163865b561a0ced87f9f593498c1/l449.png,https://drop-assets.ea.com/images/4rODtg2WvYGHhUGfPXxilW/e047163865b561a0ced87f9f593498c1/l449.png,https://drop-assets.ea.com/images/4rODtg2WvYGHhUGfPXxilW/e047163865b561a0ced87f9f593498c1/l449.png,CDM,74,61,74,73,74,75,82,Right,183,77,LALIGA EA SPORTS
255125,Azzedine Ounahi,https://ratings-images-prod.pulse.ea.com/FC25/full/player-portraits/p255125.png?padding=0.7,Morocco,129,https://drop-assets.ea.com/images/47SGeQ7STCrJZQSKOVJaHA/1aa24a57a60f85051e34a5ad8205771d/f_129.png,https://drop-assets.ea.com/images/40lM20ITshJSKsZtWMGQ8m/3f11cea65b14635cc29654b6ba13c0b6/l110062.png,https://drop-assets.ea.com/images/40lM20ITshJSKsZtWMGQ8m/3f11cea65b14635cc29654b6ba13c0b6/l110062.png,https://drop-assets.ea.com/images/40lM20ITshJSKsZtWMGQ8m/3f11cea65b14635cc29654b6ba13c0b6/l110062.png,CM,77,64,77,73,77,63,67,Right,182,62,LALIGA EA SPORTS
257504,Bilal El Khannouss,https://ratings-images-prod.pulse.ea.com/FC25/full/player-portraits/p257504.png?padding=0.7,Morocco,129,https://drop-assets.ea.com/images/47SGeQ7STCrJZQSKOVJaHA/1aa24a57a60f85051e34a5ad8205771d/f_129.png,https://drop-assets.ea.com/images/5kfh9LrPvDQKbQNF6k7CSF/9a70e7082aaba3b46ea8bd1e699f62de/l36.png,https://drop-assets.ea.com/images/5kfh9LrPvDQKbQNF6k7CSF/9a70e7082aaba3b46ea8bd1e699f62de/l36.png,https://drop-assets.ea.com/images/5kfh9LrPvDQKbQNF6k7CSF/9a70e7082aaba3b46ea8bd1e699f62de/l36.png,CAM,82,76,82,76,82,38,56,Right,180,70,Bundesliga
259480,Ismael Saibari,https://ratings-images-prod.pulse.ea.com/FC25/full/player-portraits/p259480.png?padding=0.7,Morocco,129,https://drop-assets.ea.com/images/47SGeQ7STCrJZQSKOVJaHA/1aa24a57a60f85051e34a5ad8205771d/f_129.png,,,,CAM,82,78,82,74,82,51,78,Right,185,81,Eredivisie
262745,Neil El Aynaoui,https://ratings-images-prod.pulse.ea.com/FC25/full/player-portraits/p262745.png?padding=0.7,Morocco,129,https://drop-assets.ea.com/images/47SGeQ7STCrJZQSKOVJaHA/1aa24a57a60f85051e34a5ad8205771d/f_129.png,https://drop-assets.ea.com/images/2ruQP0TDYcCmtVFKr9qMBI/5f53795056598b1faac31300900b8671/l52.png,https://drop-assets.ea.com/images/2ruQP0TDYcCmtVFKr9qMBI/5f53795056598b1faac31300900b8671/l52.png,https://drop-assets.ea.com/images/2ruQP0TDYcCmtVFKr9qMBI/5f53795056598b1faac31300900b8671/l52.png,CM,74,62,74,76,74,73,75,Right,185,77,Serie A Enilive
279702,Samir El Mourabet,https://ratings-images-prod.pulse.ea.com/FC25/full/player-portraits/p279702.png?padding=0.7,Morocco,129,https://drop-assets.ea.com/images/47SGeQ7STCrJZQSKOVJaHA/1aa24a57a60f85051e34a5ad8205771d/f_129.png,https://drop-assets.ea.com/images/5ujpJkozlZbo3FNV0Fi84H/d39ffa173bd150d5f10bcfe3392abe54/l76.png,https://drop-assets.ea.com/images/5ujpJkozlZbo3FNV0Fi84H/d39ffa173bd150d5f10bcfe3392abe54/l76.png,https://drop-assets.ea.com/images/5ujpJkozlZbo3FNV0Fi84H/d39ffa173bd150d5f10bcfe3392abe54/l76.png,CM,62,57,62,63,62,57,61,Left,186,75,Ligue 1 McDonald's
278901,Ayyoub Bouaddi,https://ratings-images-prod.pulse.ea.com/FC25/full/player-portraits/p278901.png?padding=0.7,Morocco,18,https://drop-assets.ea.com/images/3ECAQzhfgSLWRf9IIHB6G8/7e235a7b2f93c1f73db7f89dc03b3657/f_18.png,https://drop-assets.ea.com/images/tfbRaZiFuJ9jTer1qcf0Z/95171efd06d2494735c0e8a7c5aa9df2/l65.png,https://drop-assets.ea.com/images/tfbRaZiFuJ9jTer1qcf0Z/95171efd06d2494735c0e8a7c5aa9df2/l65.png,https://drop-assets.ea.com/images/tfbRaZiFuJ9jTer1qcf0Z/95171efd06d2494735c0e8a7c5aa9df2/l65.png,CM,75,75,75,72,75,67,71,Right,186,72,Ligue 1 McDonald's
243586,Ayoub El Kaabi,https://ratings-images-prod.pulse.ea.com/FC25/full/player-portraits/p243586.png?padding=0.7,Morocco,129,https://drop-assets.ea.com/images/47SGeQ7STCrJZQSKOVJaHA/1aa24a57a60f85051e34a5ad8205771d/f_129.png,https://drop-assets.ea.com/images/2hyiQlv23Ipa7IOEtN7qAv/39a4514bd5a02d0d6db09d8eb2564c8f/l280.png,https://drop-assets.ea.com/images/2hyiQlv23Ipa7IOEtN7qAv/39a4514bd5a02d0d6db09d8eb2564c8f/l280.png,https://drop-assets.ea.com/images/2hyiQlv23Ipa7IOEtN7qAv/39a4514bd5a02d0d6db09d8eb2564c8f/l280.png,ST,75,82,75,62,75,46,77,Left,182,76,Hellas Liga
264348,Soufiane Rahimi,https://ratings-images-prod.pulse.ea.com/FC25/full/player-portraits/p264348.png?padding=0.7,Morocco,129,https://drop-assets.ea.com/images/47SGeQ7STCrJZQSKOVJaHA/1aa24a57a60f85051e34a5ad8205771d/f_129.png,https://drop-assets.ea.com/images/7N0bj9ejtui6dQADUbJ4qT/60355b19aff7a02c72d8494e24de49f9/l111701.png,https://drop-assets.ea.com/images/7N0bj9ejtui6dQADUbJ4qT/60355b19aff7a02c72d8494e24de49f9/l111701.png,https://drop-assets.ea.com/images/7N0bj9ejtui6dQADUbJ4qT/60355b19aff7a02c72d8494e24de49f9/l111701.png,LM,77,85,77,72,77,38,66,Right,181,79,United Emirates League
264432,Abde Ezzalzouli,https://ratings-images-prod.pulse.ea.com/FC25/full/player-portraits/p264432.png?padding=0.7,Morocco,129,https://drop-assets.ea.com/images/47SGeQ7STCrJZQSKOVJaHA/1aa24a57a60f85051e34a5ad8205771d/f_129.png,https://drop-assets.ea.com/images/4rODtg2WvYGHhUGfPXxilW/e047163865b561a0ced87f9f593498c1/l449.png,https://drop-assets.ea.com/images/4rODtg2WvYGHhUGfPXxilW/e047163865b561a0ced87f9f593498c1/l449.png,https://drop-assets.ea.com/images/4rODtg2WvYGHhUGfPXxilW/e047163865b561a0ced87f9f593498c1/l449.png,LM,81,87,81,70,81,29,63,Right,177,72,LALIGA EA SPORTS
231410,Brahim Díaz,https://ratings-images-prod.pulse.ea.com/FC25/full/player-portraits/p231410.png?padding=0.7,Morocco,129,https://drop-assets.ea.com/images/47SGeQ7STCrJZQSKOVJaHA/1aa24a57a60f85051e34a5ad8205771d/f_129.png,https://drop-assets.ea.com/images/Pk8nYrWuRt895RlhJx8jI/445d98b711f413a3a1e70c41b19b0f95/l243.png,https://drop-assets.ea.com/images/Pk8nYrWuRt895RlhJx8jI/445d98b711f413a3a1e70c41b19b0f95/l243.png,https://drop-assets.ea.com/images/Pk8nYrWuRt895RlhJx8jI/445d98b711f413a3a1e70c41b19b0f95/l243.png,RM,85,82,85,79,85,31,58,Right,170,68,LALIGA EA SPORTS
275048,Chemsdine Talbi,https://ratings-images-prod.pulse.ea.com/FC25/full/player-portraits/p275048.png?padding=0.7,Morocco,129,https://drop-assets.ea.com/images/47SGeQ7STCrJZQSKOVJaHA/1aa24a57a60f85051e34a5ad8205771d/f_129.png,https://drop-assets.ea.com/images/6ja62Iw2LyY8cVrud4aSHi/aa6c15e4a2ceed66f92099108bea9dfa/l106.png,https://drop-assets.ea.com/images/6ja62Iw2LyY8cVrud4aSHi/aa6c15e4a2ceed66f92099108bea9dfa/l106.png,https://drop-assets.ea.com/images/6ja62Iw2LyY8cVrud4aSHi/aa6c15e4a2ceed66f92099108bea9dfa/l106.png,RM,79,90,79,64,79,47,57,Right,175,64,Premier League
70017,Gessime Yassine,https://ratings-images-prod.pulse.ea.com/FC25/full/player-portraits/p70017.png?padding=0.7,Morocco,18,https://drop-assets.ea.com/images/3ECAQzhfgSLWRf9IIHB6G8/7e235a7b2f93c1f73db7f89dc03b3657/f_18.png,https://drop-assets.ea.com/images/Yl41sv4yRyM5iHXVwfxOE/b0f38acf2b93ae20b1c35c185467056a/l111276.png,https://drop-assets.ea.com/images/Yl41sv4yRyM5iHXVwfxOE/b0f38acf2b93ae20b1c35c185467056a/l111276.png,https://drop-assets.ea.com/images/Yl41sv4yRyM5iHXVwfxOE/b0f38acf2b93ae20b1c35c185467056a/l111276.png,RM,74,66,74,62,74,40,43,,173,59,Ligue 2 BKT
78474,Ayoube Amaimouni,https://ratings-images-prod.pulse.ea.com/FC25/full/player-portraits/p78474.png?padding=0.7,Morocco,129,https://drop-assets.ea.com/images/47SGeQ7STCrJZQSKOVJaHA/1aa24a57a60f85051e34a5ad8205771d/f_129.png,https://drop-assets.ea.com/images/vGnDwsydHaT5Zg0USaVdY/32baa1e03f1ac0e2ac2e7aa477998ea3/l110685.png,https://drop-assets.ea.com/images/vGnDwsydHaT5Zg0USaVdY/32baa1e03f1ac0e2ac2e7aa477998ea3/l110685.png,https://drop-assets.ea.com/images/vGnDwsydHaT5Zg0USaVdY/32baa1e03f1ac0e2ac2e7aa477998ea3/l110685.png,RW,68,71,68,57,68,21,50,Left,178,70,3. Liga
53110,Craig Gordon,https://ratings-images-prod.pulse.ea.com/FC25/full/player-portraits/p53110.png?padding=0.7,Scotland,42,https://drop-assets.ea.com/images/3LfmKqyBykOGZyfdSpENTr/ec3733dfa9526c8f6da96bf0f8c7448e/f_42.png,https://drop-assets.ea.com/images/2mfFbaE9ByqIuH2By4SYxe/1356a36b8760e0fc252a07e4892efffd/l80.png,https://drop-assets.ea.com/images/2mfFbaE9ByqIuH2By4SYxe/1356a36b8760e0fc252a07e4892efffd/l80.png,https://drop-assets.ea.com/images/2mfFbaE9ByqIuH2By4SYxe/1356a36b8760e0fc252a07e4892efffd/l80.png,GK,68,67,68,63,68,26,66,Left,193,83,Scottish Prem
216325,Angus Gunn,https://ratings-images-prod.pulse.ea.com/FC25/full/player-portraits/p216325.png?padding=0.7,Scotland,42,https://drop-assets.ea.com/images/3LfmKqyBykOGZyfdSpENTr/ec3733dfa9526c8f6da96bf0f8c7448e/f_42.png,https://drop-assets.ea.com/images/60CgBQCMt7Dtcjip9xUxg8/5fa49387c380bf4772138b215ef4fd85/l14.png,https://drop-assets.ea.com/images/60CgBQCMt7Dtcjip9xUxg8/5fa49387c380bf4772138b215ef4fd85/l14.png,https://drop-assets.ea.com/images/60CgBQCMt7Dtcjip9xUxg8/5fa49387c380bf4772138b215ef4fd85/l14.png,GK,74,73,74,70,74,48,70,Right,196,77,Premier League
225203,Liam Kelly,https://ratings-images-prod.pulse.ea.com/FC25/full/player-portraits/p225203.png?padding=0.7,Scotland,42,https://drop-assets.ea.com/images/3LfmKqyBykOGZyfdSpENTr/ec3733dfa9526c8f6da96bf0f8c7448e/f_42.png,https://drop-assets.ea.com/images/5lOjqHjEdrBuaj323x9jDf/b5504a0894594d6c3dfa97cca700e572/l86.png,https://drop-assets.ea.com/images/5lOjqHjEdrBuaj323x9jDf/b5504a0894594d6c3dfa97cca700e572/l86.png,https://drop-assets.ea.com/images/5lOjqHjEdrBuaj323x9jDf/b5504a0894594d6c3dfa97cca700e572/l86.png,GK,69,68,69,67,69,33,66,Right,184,85,Scottish Prem
216267,Andy Robertson,https://ratings-images-prod.pulse.ea.com/FC25/full/player-portraits/p216267.png?padding=0.7,Scotland,42,https://drop-assets.ea.com/images/3LfmKqyBykOGZyfdSpENTr/ec3733dfa9526c8f6da96bf0f8c7448e/f_42.png,https://drop-assets.ea.com/images/3mmzooNXBDCKuCy6kWcGQo/2e332a30fe2a7225a88fcb1898f48bbf/l9.png,https://drop-assets.ea.com/images/3mmzooNXBDCKuCy6kWcGQo/2e332a30fe2a7225a88fcb1898f48bbf/l9.png,https://drop-assets.ea.com/images/3mmzooNXBDCKuCy6kWcGQo/2e332a30fe2a7225a88fcb1898f48bbf/l9.png,LB,77,74,77,80,77,79,75,Left,178,64,Premier League
198904,Grant Hanley,https://ratings-images-prod.pulse.ea.com/FC25/full/player-portraits/p198904.png?padding=0.7,Scotland,42,https://drop-assets.ea.com/images/3LfmKqyBykOGZyfdSpENTr/ec3733dfa9526c8f6da96bf0f8c7448e/f_42.png,https://drop-assets.ea.com/images/6o5W9nuyQPZWVQ7qcjIURb/8481fa31adff16242528f72db25befe0/l81.png,https://drop-assets.ea.com/images/6o5W9nuyQPZWVQ7qcjIURb/8481fa31adff16242528f72db25befe0/l81.png,https://drop-assets.ea.com/images/6o5W9nuyQPZWVQ7qcjIURb/8481fa31adff16242528f72db25befe0/l81.png,CB,49,52,49,47,49,71,78,Right,187,81,Scottish Prem
226491,Kieran Tierney,https://ratings-images-prod.pulse.ea.com/FC25/full/player-portraits/p226491.png?padding=0.7,Scotland,42,https://drop-assets.ea.com/images/3LfmKqyBykOGZyfdSpENTr/ec3733dfa9526c8f6da96bf0f8c7448e/f_42.png,https://drop-assets.ea.com/images/16GwjVn0vBxAdBx5F4uW0q/6a96b7c86f98010e0b9cd943dc48d4ca/l78.png,https://drop-assets.ea.com/images/16GwjVn0vBxAdBx5F4uW0q/6a96b7c86f98010e0b9cd943dc48d4ca/l78.png,https://drop-assets.ea.com/images/16GwjVn0vBxAdBx5F4uW0q/6a96b7c86f98010e0b9cd943dc48d4ca/l78.png,LB,76,76,76,75,76,75,73,Left,180,73,Scottish Prem
225974,Scott McKenna,https://ratings-images-prod.pulse.ea.com/FC25/full/player-portraits/p225974.png?padding=0.7,Scotland,42,https://drop-assets.ea.com/images/3LfmKqyBykOGZyfdSpENTr/ec3733dfa9526c8f6da96bf0f8c7448e/f_42.png,https://drop-assets.ea.com/images/2xEcSelhmWxCdUWZosWED0/a0ddc6b9cc62ea75de64dc65762a827d/l211.png,https://drop-assets.ea.com/images/2xEcSelhmWxCdUWZosWED0/a0ddc6b9cc62ea75de64dc65762a827d/l211.png,https://drop-assets.ea.com/images/2xEcSelhmWxCdUWZosWED0/a0ddc6b9cc62ea75de64dc65762a827d/l211.png,CB,56,60,56,51,56,76,80,Left,189,89,Liga Hrvatska
225316,Jack Hendry,https://ratings-images-prod.pulse.ea.com/FC25/full/player-portraits/p225316.png?padding=0.7,Scotland,42,https://drop-assets.ea.com/images/3LfmKqyBykOGZyfdSpENTr/ec3733dfa9526c8f6da96bf0f8c7448e/f_42.png,https://drop-assets.ea.com/images/4iiu5yKgXLP6VztXNaebb1/19909c746281492a1191662354871832/l112096.png,https://drop-assets.ea.com/images/4iiu5yKgXLP6VztXNaebb1/19909c746281492a1191662354871832/l112096.png,https://drop-assets.ea.com/images/4iiu5yKgXLP6VztXNaebb1/19909c746281492a1191662354871832/l112096.png,CB,64,73,64,63,64,71,82,Right,195,88,ROSHN Saudi League
257896,Nathan Patterson,https://ratings-images-prod.pulse.ea.com/FC25/full/player-portraits/p257896.png?padding=0.7,Scotland,42,https://drop-assets.ea.com/images/3LfmKqyBykOGZyfdSpENTr/ec3733dfa9526c8f6da96bf0f8c7448e/f_42.png,https://drop-assets.ea.com/images/6Cth6wtCt1i37ZjPMZKIm3/4c68def58bf71a34afa1870cad4d5cfe/l7.png,https://drop-assets.ea.com/images/6Cth6wtCt1i37ZjPMZKIm3/4c68def58bf71a34afa1870cad4d5cfe/l7.png,https://drop-assets.ea.com/images/6Cth6wtCt1i37ZjPMZKIm3/4c68def58bf71a34afa1870cad4d5cfe/l7.png,RB,70,71,70,63,70,70,69,Right,183,80,Premier League
234072,Anthony Ralston,https://ratings-images-prod.pulse.ea.com/FC25/full/player-portraits/p234072.png?padding=0.7,Scotland,42,https://drop-assets.ea.com/images/3LfmKqyBykOGZyfdSpENTr/ec3733dfa9526c8f6da96bf0f8c7448e/f_42.png,https://drop-assets.ea.com/images/16GwjVn0vBxAdBx5F4uW0q/6a96b7c86f98010e0b9cd943dc48d4ca/l78.png,https://drop-assets.ea.com/images/16GwjVn0vBxAdBx5F4uW0q/6a96b7c86f98010e0b9cd943dc48d4ca/l78.png,https://drop-assets.ea.com/images/16GwjVn0vBxAdBx5F4uW0q/6a96b7c86f98010e0b9cd943dc48d4ca/l78.png,RB,70,76,70,69,70,64,78,Right,183,78,Scottish Prem
212516,John Souttar,https://ratings-images-prod.pulse.ea.com/FC25/full/player-portraits/p212516.png?padding=0.7,Scotland,42,https://drop-assets.ea.com/images/3LfmKqyBykOGZyfdSpENTr/ec3733dfa9526c8f6da96bf0f8c7448e/f_42.png,https://drop-assets.ea.com/images/5lOjqHjEdrBuaj323x9jDf/b5504a0894594d6c3dfa97cca700e572/l86.png,https://drop-assets.ea.com/images/5lOjqHjEdrBuaj323x9jDf/b5504a0894594d6c3dfa97cca700e572/l86.png,https://drop-assets.ea.com/images/5lOjqHjEdrBuaj323x9jDf/b5504a0894594d6c3dfa97cca700e572/l86.png,CB,70,73,70,63,70,72,77,Right,186,75,Scottish Prem
248808,Aaron Hickey,https://ratings-images-prod.pulse.ea.com/FC25/full/player-portraits/p248808.png?padding=0.7,Scotland,42,https://drop-assets.ea.com/images/3LfmKqyBykOGZyfdSpENTr/ec3733dfa9526c8f6da96bf0f8c7448e/f_42.png,https://drop-assets.ea.com/images/3UCvZhjBB0odWNL0OPusuK/1de0f5b97a2e137201670df2cf09e1a5/l1925.png,https://drop-assets.ea.com/images/3UCvZhjBB0odWNL0OPusuK/1de0f5b97a2e137201670df2cf09e1a5/l1925.png,https://drop-assets.ea.com/images/3UCvZhjBB0odWNL0OPusuK/1de0f5b97a2e137201670df2cf09e1a5/l1925.png,RB,73,71,73,70,73,74,64,Right,185,72,Premier League
221281,Dominic Hyam,https://ratings-images-prod.pulse.ea.com/FC25/full/player-portraits/p221281.png?padding=0.7,Scotland,42,https://drop-assets.ea.com/images/3LfmKqyBykOGZyfdSpENTr/ec3733dfa9526c8f6da96bf0f8c7448e/f_42.png,https://drop-assets.ea.com/images/27xBPh99UFnzjmeNtXu5Gm/fc4ec58e1b91de3cbca90ab18f802320/l1947.png,https://drop-assets.ea.com/images/27xBPh99UFnzjmeNtXu5Gm/fc4ec58e1b91de3cbca90ab18f802320/l1947.png,https://drop-assets.ea.com/images/27xBPh99UFnzjmeNtXu5Gm/fc4ec58e1b91de3cbca90ab18f802320/l1947.png,CB,58,51,58,54,58,71,76,Right,188,79,EFL Championship
210881,John McGinn,https://ratings-images-prod.pulse.ea.com/FC25/full/player-portraits/p210881.png?padding=0.7,Scotland,42,https://drop-assets.ea.com/images/3LfmKqyBykOGZyfdSpENTr/ec3733dfa9526c8f6da96bf0f8c7448e/f_42.png,https://drop-assets.ea.com/images/57c0ppYsEA88xL0gxqce8K/99605df97c6a96ea3b6e8a424c217af0/l2.png,https://drop-assets.ea.com/images/57c0ppYsEA88xL0gxqce8K/99605df97c6a96ea3b6e8a424c217af0/l2.png,https://drop-assets.ea.com/images/57c0ppYsEA88xL0gxqce8K/99605df97c6a96ea3b6e8a424c217af0/l2.png,LM,80,69,80,78,80,77,83,Left,178,68,Premier League
237238,Scott McTominay,https://ratings-images-prod.pulse.ea.com/FC25/full/player-portraits/p237238.png?padding=0.7,Scotland,42,https://drop-assets.ea.com/images/3LfmKqyBykOGZyfdSpENTr/ec3733dfa9526c8f6da96bf0f8c7448e/f_42.png,https://drop-assets.ea.com/images/2FIV26KpnSXl3Nv8Ar6jk3/d8461aa150da3d433fccc34bc80c978f/l48.png,https://drop-assets.ea.com/images/2FIV26KpnSXl3Nv8Ar6jk3/d8461aa150da3d433fccc34bc80c978f/l48.png,https://drop-assets.ea.com/images/2FIV26KpnSXl3Nv8Ar6jk3/d8461aa150da3d433fccc34bc80c978f/l48.png,CM,80,76,80,77,80,80,85,Right,193,88,Serie A Enilive
213884,Ryan Christie,https://ratings-images-prod.pulse.ea.com/FC25/full/player-portraits/p213884.png?padding=0.7,Scotland,42,https://drop-assets.ea.com/images/3LfmKqyBykOGZyfdSpENTr/ec3733dfa9526c8f6da96bf0f8c7448e/f_42.png,https://drop-assets.ea.com/images/5Z6J6MhqjuJVwE7SVnfr5E/6075ff3239d67bdf8258a067ed93ccdb/l1943.png,https://drop-assets.ea.com/images/5Z6J6MhqjuJVwE7SVnfr5E/6075ff3239d67bdf8258a067ed93ccdb/l1943.png,https://drop-assets.ea.com/images/5Z6J6MhqjuJVwE7SVnfr5E/6075ff3239d67bdf8258a067ed93ccdb/l1943.png,CDM,78,69,78,77,78,74,76,Left,178,70,Premier League
201368,Kenny McLean,https://ratings-images-prod.pulse.ea.com/FC25/full/player-portraits/p201368.png?padding=0.7,Scotland,42,https://drop-assets.ea.com/images/3LfmKqyBykOGZyfdSpENTr/ec3733dfa9526c8f6da96bf0f8c7448e/f_42.png,https://drop-assets.ea.com/images/7o6o0SBCe2scNTDZcX13sy/1f3e34348bf728dbac2afb6b3f67d680/l1792.png,https://drop-assets.ea.com/images/7o6o0SBCe2scNTDZcX13sy/1f3e34348bf728dbac2afb6b3f67d680/l1792.png,https://drop-assets.ea.com/images/7o6o0SBCe2scNTDZcX13sy/1f3e34348bf728dbac2afb6b3f67d680/l1792.png,CDM,71,58,71,68,71,66,73,Left,183,70,EFL Championship
242280,Lewis Ferguson,https://ratings-images-prod.pulse.ea.com/FC25/full/player-portraits/p242280.png?padding=0.7,Scotland,42,https://drop-assets.ea.com/images/3LfmKqyBykOGZyfdSpENTr/ec3733dfa9526c8f6da96bf0f8c7448e/f_42.png,https://drop-assets.ea.com/images/46WRpnCKdCAJlQHuRwlxXF/a7ac6606d8a808d382d4dd5c484eb60e/l189.png,https://drop-assets.ea.com/images/46WRpnCKdCAJlQHuRwlxXF/a7ac6606d8a808d382d4dd5c484eb60e/l189.png,https://drop-assets.ea.com/images/46WRpnCKdCAJlQHuRwlxXF/a7ac6606d8a808d382d4dd5c484eb60e/l189.png,CM,78,72,78,74,78,72,75,Right,181,75,Serie A Enilive
266815,Ben Gannon-Doak,https://ratings-images-prod.pulse.ea.com/FC25/full/player-portraits/p266815.png?padding=0.7,Scotland,42,https://drop-assets.ea.com/images/3LfmKqyBykOGZyfdSpENTr/ec3733dfa9526c8f6da96bf0f8c7448e/f_42.png,https://drop-assets.ea.com/images/5Z6J6MhqjuJVwE7SVnfr5E/6075ff3239d67bdf8258a067ed93ccdb/l1943.png,https://drop-assets.ea.com/images/5Z6J6MhqjuJVwE7SVnfr5E/6075ff3239d67bdf8258a067ed93ccdb/l1943.png,https://drop-assets.ea.com/images/5Z6J6MhqjuJVwE7SVnfr5E/6075ff3239d67bdf8258a067ed93ccdb/l1943.png,RM,75,89,75,63,75,28,60,Right,176,64,Premier League
76784,Findlay Curtis,https://ratings-images-prod.pulse.ea.com/FC25/full/player-portraits/p76784.png?padding=0.7,Scotland,42,https://drop-assets.ea.com/images/3LfmKqyBykOGZyfdSpENTr/ec3733dfa9526c8f6da96bf0f8c7448e/f_42.png,https://drop-assets.ea.com/images/5lOjqHjEdrBuaj323x9jDf/b5504a0894594d6c3dfa97cca700e572/l86.png,https://drop-assets.ea.com/images/5lOjqHjEdrBuaj323x9jDf/b5504a0894594d6c3dfa97cca700e572/l86.png,https://drop-assets.ea.com/images/5lOjqHjEdrBuaj323x9jDf/b5504a0894594d6c3dfa97cca700e572/l86.png,LW,66,63,66,61,66,34,44,Right,180,66,Scottish Prem
247279,Lyndon Dykes,https://ratings-images-prod.pulse.ea.com/FC25/full/player-portraits/p247279.png?padding=0.7,Scotland,42,https://drop-assets.ea.com/images/3LfmKqyBykOGZyfdSpENTr/ec3733dfa9526c8f6da96bf0f8c7448e/f_42.png,https://drop-assets.ea.com/images/thYc5t6lm0FfJimcndqwM/8cbcaf66d7ee8cc1fc07a06f79a9d53b/l88.png,https://drop-assets.ea.com/images/thYc5t6lm0FfJimcndqwM/8cbcaf66d7ee8cc1fc07a06f79a9d53b/l88.png,https://drop-assets.ea.com/images/thYc5t6lm0FfJimcndqwM/8cbcaf66d7ee8cc1fc07a06f79a9d53b/l88.png,ST,64,66,64,52,64,29,82,Right,188,84,EFL Championship
226093,Ché Adams,https://ratings-images-prod.pulse.ea.com/FC25/full/player-portraits/p226093.png?padding=0.7,Scotland,42,https://drop-assets.ea.com/images/3LfmKqyBykOGZyfdSpENTr/ec3733dfa9526c8f6da96bf0f8c7448e/f_42.png,https://drop-assets.ea.com/images/hSLWPIkJFJBzTMyk85qej/40d38d4675390d6677c4f17dddae5627/l54.png,https://drop-assets.ea.com/images/hSLWPIkJFJBzTMyk85qej/40d38d4675390d6677c4f17dddae5627/l54.png,https://drop-assets.ea.com/images/hSLWPIkJFJBzTMyk85qej/40d38d4675390d6677c4f17dddae5627/l54.png,ST,77,82,77,64,77,43,72,Right,175,70,Serie A Enilive
216218,Lawrence Shankland,https://ratings-images-prod.pulse.ea.com/FC25/full/player-portraits/p216218.png?padding=0.7,Scotland,42,https://drop-assets.ea.com/images/3LfmKqyBykOGZyfdSpENTr/ec3733dfa9526c8f6da96bf0f8c7448e/f_42.png,https://drop-assets.ea.com/images/2mfFbaE9ByqIuH2By4SYxe/1356a36b8760e0fc252a07e4892efffd/l80.png,https://drop-assets.ea.com/images/2mfFbaE9ByqIuH2By4SYxe/1356a36b8760e0fc252a07e4892efffd/l80.png,https://drop-assets.ea.com/images/2mfFbaE9ByqIuH2By4SYxe/1356a36b8760e0fc252a07e4892efffd/l80.png,ST,72,63,72,66,72,28,80,Right,185,80,Scottish Prem
233602,George Hirst,https://ratings-images-prod.pulse.ea.com/FC25/full/player-portraits/p233602.png?padding=0.7,Scotland,42,https://drop-assets.ea.com/images/3LfmKqyBykOGZyfdSpENTr/ec3733dfa9526c8f6da96bf0f8c7448e/f_42.png,https://drop-assets.ea.com/images/7fIdsybp17hzndBNSrJIR/b7e1786480ee521c6dca3d3ec45e8d48/l94.png,https://drop-assets.ea.com/images/7fIdsybp17hzndBNSrJIR/b7e1786480ee521c6dca3d3ec45e8d48/l94.png,https://drop-assets.ea.com/images/7fIdsybp17hzndBNSrJIR/b7e1786480ee521c6dca3d3ec45e8d48/l94.png,ST,66,73,66,55,66,43,74,Right,191,81,EFL Championship
244319,Ross Stewart,https://ratings-images-prod.pulse.ea.com/FC25/full/player-portraits/p244319.png?padding=0.7,Scotland,42,https://drop-assets.ea.com/images/3LfmKqyBykOGZyfdSpENTr/ec3733dfa9526c8f6da96bf0f8c7448e/f_42.png,https://drop-assets.ea.com/images/3OnFJRNzgcEJCYie4l5hMX/6b5cac084db188e258168b4fc3b4a72d/l17.png,https://drop-assets.ea.com/images/3OnFJRNzgcEJCYie4l5hMX/6b5cac084db188e258168b4fc3b4a72d/l17.png,https://drop-assets.ea.com/images/3OnFJRNzgcEJCYie4l5hMX/6b5cac084db188e258168b4fc3b4a72d/l17.png,ST,64,68,64,57,64,30,70,Right,188,81,EFL Championship
193241,Gatito Fernández,https://ratings-images-prod.pulse.ea.com/FC25/full/player-portraits/p193241.png?padding=0.7,Paraguay,58,https://drop-assets.ea.com/images/7GnvdwxPnTAwltd8pd67fA/a7696e8a25b652f669ef48e55b92b1f5/f_58.png,,,,GK,71,71,71,64,71,44,69,Right,191,80,Libertadores
75260,Orlando Gill,https://ratings-images-prod.pulse.ea.com/FC25/full/player-portraits/p75260.png?padding=0.7,Paraguay,58,https://drop-assets.ea.com/images/7GnvdwxPnTAwltd8pd67fA/a7696e8a25b652f669ef48e55b92b1f5/f_58.png,https://drop-assets.ea.com/images/3KG1XvmWFfY1Xp5QJk34KJ/f9dc8f3b7f55053c525a4a44a0c4eb52/l1013.png,https://drop-assets.ea.com/images/3KG1XvmWFfY1Xp5QJk34KJ/f9dc8f3b7f55053c525a4a44a0c4eb52/l1013.png,https://drop-assets.ea.com/images/3KG1XvmWFfY1Xp5QJk34KJ/f9dc8f3b7f55053c525a4a44a0c4eb52/l1013.png,GK,62,63,62,60,62,24,63,Left,198,82,LPF
fm_78064358,Gastón Olveira,//img.fminside.net/facesfm26/78064358.png,Paraguay,,https://img.fminside.net/flag-svg/uy.svg,Olimpia,102924,//img.fminside.net/logos/Men/Clubs/Normal/102924.png,GK,70,53,70,59,70,59,62,Right,191,86,Primera División
78198,Gustavo Gómez,https://ratings-images-prod.pulse.ea.com/FC25/full/player-portraits/p78198.png?padding=0.7,Paraguay,58,https://drop-assets.ea.com/images/7GnvdwxPnTAwltd8pd67fA/a7696e8a25b652f669ef48e55b92b1f5/f_58.png,,,,RB,48,79,48,41,48,57,52,Right,175,63,Libertadores
fm_79024221,Júnior Alonso,//img.fminside.net/facesfm26/79024221.png,Paraguay,,https://img.fminside.net/flag-svg/py.svg,Atlético Mineiro,314,//img.fminside.net/logos/Men/Clubs/Normal/314.png,DC,52,58,52,59,52,72,65,Left,184,79,Série A
fm_79013838,Fabián Balbuena,//img.fminside.net/facesfm26/79013838.png,Paraguay,,https://img.fminside.net/flag-svg/py.svg,Grêmio,324,//img.fminside.net/logos/Men/Clubs/Normal/324.png,DC,48,50,48,42,48,70,62,Right,188,83,Série A
240359,Omar Alderete,https://ratings-images-prod.pulse.ea.com/FC25/full/player-portraits/p240359.png?padding=0.7,Paraguay,58,https://drop-assets.ea.com/images/7GnvdwxPnTAwltd8pd67fA/a7696e8a25b652f669ef48e55b92b1f5/f_58.png,https://drop-assets.ea.com/images/6ja62Iw2LyY8cVrud4aSHi/aa6c15e4a2ceed66f92099108bea9dfa/l106.png,https://drop-assets.ea.com/images/6ja62Iw2LyY8cVrud4aSHi/aa6c15e4a2ceed66f92099108bea9dfa/l106.png,https://drop-assets.ea.com/images/6ja62Iw2LyY8cVrud4aSHi/aa6c15e4a2ceed66f92099108bea9dfa/l106.png,CB,69,60,69,62,69,79,78,Left,188,77,Premier League
77792,Juan José Cáceres,https://ratings-images-prod.pulse.ea.com/FC25/full/player-portraits/p77792.png?padding=0.7,Paraguay,58,https://drop-assets.ea.com/images/7GnvdwxPnTAwltd8pd67fA/a7696e8a25b652f669ef48e55b92b1f5/f_58.png,,,,ST,52,63,52,47,52,32,60,Right,181,81,Sudamericana
246696,Gustavo Velázquez,https://ratings-images-prod.pulse.ea.com/FC25/full/player-portraits/p246696.png?padding=0.7,Paraguay,58,https://drop-assets.ea.com/images/7GnvdwxPnTAwltd8pd67fA/a7696e8a25b652f669ef48e55b92b1f5/f_58.png,,,,CB,55,74,55,47,55,72,78,Right,179,83,Libertadores
253238,José Canale,https://ratings-images-prod.pulse.ea.com/FC25/full/player-portraits/p253238.png?padding=0.7,Paraguay,58,https://drop-assets.ea.com/images/7GnvdwxPnTAwltd8pd67fA/a7696e8a25b652f669ef48e55b92b1f5/f_58.png,https://drop-assets.ea.com/images/3YdIDtCdoAVx6qHfneuLay/c0dc2285e2422882233c8137a4f40606/l110395.png,https://drop-assets.ea.com/images/3YdIDtCdoAVx6qHfneuLay/c0dc2285e2422882233c8137a4f40606/l110395.png,https://drop-assets.ea.com/images/3YdIDtCdoAVx6qHfneuLay/c0dc2285e2422882233c8137a4f40606/l110395.png,CB,49,63,49,49,49,69,73,Left,185,80,LPF
77972,Alexandro Maidana,https://ratings-images-prod.pulse.ea.com/FC25/full/player-portraits/p77972.png?padding=0.7,Paraguay,58,https://drop-assets.ea.com/images/7GnvdwxPnTAwltd8pd67fA/a7696e8a25b652f669ef48e55b92b1f5/f_58.png,,,,LB,56,73,56,54,56,51,55,Left,173,73,Sudamericana
230977,Miguel Almirón,https://ratings-images-prod.pulse.ea.com/FC25/full/player-portraits/p230977.png?padding=0.7,Paraguay,58,https://drop-assets.ea.com/images/7GnvdwxPnTAwltd8pd67fA/a7696e8a25b652f669ef48e55b92b1f5/f_58.png,https://drop-assets.ea.com/images/7eEpDrKitxMaqo5dk0Kude/7c71b8ba391e5c5cd891bdc1fc5f1111/l112885.png,https://drop-assets.ea.com/images/7eEpDrKitxMaqo5dk0Kude/7c71b8ba391e5c5cd891bdc1fc5f1111/l112885.png,https://drop-assets.ea.com/images/7eEpDrKitxMaqo5dk0Kude/7c71b8ba391e5c5cd891bdc1fc5f1111/l112885.png,RW,79,87,79,70,79,57,64,Left,174,70,MLS
226376,Kaku,https://ratings-images-prod.pulse.ea.com/FC25/full/player-portraits/p226376.png?padding=0.7,Paraguay,58,https://drop-assets.ea.com/images/7GnvdwxPnTAwltd8pd67fA/a7696e8a25b652f669ef48e55b92b1f5/f_58.png,https://drop-assets.ea.com/images/7N0bj9ejtui6dQADUbJ4qT/60355b19aff7a02c72d8494e24de49f9/l111701.png,https://drop-assets.ea.com/images/7N0bj9ejtui6dQADUbJ4qT/60355b19aff7a02c72d8494e24de49f9/l111701.png,https://drop-assets.ea.com/images/7N0bj9ejtui6dQADUbJ4qT/60355b19aff7a02c72d8494e24de49f9/l111701.png,CAM,80,81,80,81,80,52,64,Left,171,67,United Emirates League
222429,Andrés Cubas,https://ratings-images-prod.pulse.ea.com/FC25/full/player-portraits/p222429.png?padding=0.7,Paraguay,58,https://drop-assets.ea.com/images/7GnvdwxPnTAwltd8pd67fA/a7696e8a25b652f669ef48e55b92b1f5/f_58.png,https://drop-assets.ea.com/images/4B78Zk7BiGtY0lEDTDanGT/ba8604b69a6cab6fd0c668aefebc800c/l101112.png,https://drop-assets.ea.com/images/4B78Zk7BiGtY0lEDTDanGT/ba8604b69a6cab6fd0c668aefebc800c/l101112.png,https://drop-assets.ea.com/images/4B78Zk7BiGtY0lEDTDanGT/ba8604b69a6cab6fd0c668aefebc800c/l101112.png,CDM,71,69,71,66,71,73,56,Right,165,58,MLS
fm_2000017278,Ramón Sosa,//img.fminside.net/facesfm26/2000017278.png,Paraguay,,https://img.fminside.net/flag-svg/py.svg,Palmeiras,329,//img.fminside.net/logos/Men/Clubs/Normal/329.png,AMR,66,78,66,62,66,42,55,Right,179,74,Série A
269278,Diego Gómez,https://ratings-images-prod.pulse.ea.com/FC25/full/player-portraits/p269278.png?padding=0.7,Paraguay,58,https://drop-assets.ea.com/images/7GnvdwxPnTAwltd8pd67fA/a7696e8a25b652f669ef48e55b92b1f5/f_58.png,https://drop-assets.ea.com/images/1mFLMjuFkxQjbRaTLKZ8Gm/277b9eb6d29d37064d1d82063b06f681/l1808.png,https://drop-assets.ea.com/images/1mFLMjuFkxQjbRaTLKZ8Gm/277b9eb6d29d37064d1d82063b06f681/l1808.png,https://drop-assets.ea.com/images/1mFLMjuFkxQjbRaTLKZ8Gm/277b9eb6d29d37064d1d82063b06f681/l1808.png,CM,75,69,75,71,75,72,75,Right,183,77,Premier League
fm_2000084596,Damián Bobadilla,//img.fminside.net/facesfm26/2000084596.png,Paraguay,,https://img.fminside.net/flag-svg/py.svg,São Paulo,337,//img.fminside.net/logos/Men/Clubs/Normal/337.png,MC,62,63,62,64,62,60,57,Right,181,76,Série A
248870,Braian Ojeda,https://ratings-images-prod.pulse.ea.com/FC25/full/player-portraits/p248870.png?padding=0.7,Paraguay,58,https://drop-assets.ea.com/images/7GnvdwxPnTAwltd8pd67fA/a7696e8a25b652f669ef48e55b92b1f5/f_58.png,https://drop-assets.ea.com/images/3eUFG3nUjsAlEkWJfLf0L2/50dda64859401b5180ff6b5352a98b5c/l111065.png,https://drop-assets.ea.com/images/3eUFG3nUjsAlEkWJfLf0L2/50dda64859401b5180ff6b5352a98b5c/l111065.png,https://drop-assets.ea.com/images/3eUFG3nUjsAlEkWJfLf0L2/50dda64859401b5180ff6b5352a98b5c/l111065.png,CDM,72,67,72,64,72,66,73,Right,173,68,MLS
278020,Matías Galarza,https://ratings-images-prod.pulse.ea.com/FC25/full/player-portraits/p278020.png?padding=0.7,Paraguay,58,https://drop-assets.ea.com/images/7GnvdwxPnTAwltd8pd67fA/a7696e8a25b652f669ef48e55b92b1f5/f_58.png,https://drop-assets.ea.com/images/3a9cbBltvLpgMO1eByYVRq/bc311aba63f687dc0480c592dfeca1b4/l1876.png,https://drop-assets.ea.com/images/3a9cbBltvLpgMO1eByYVRq/bc311aba63f687dc0480c592dfeca1b4/l1876.png,https://drop-assets.ea.com/images/3a9cbBltvLpgMO1eByYVRq/bc311aba63f687dc0480c592dfeca1b4/l1876.png,CM,76,63,76,70,76,65,58,Left,177,76,LPF
226798,Maurício,https://ratings-images-prod.pulse.ea.com/FC25/full/player-portraits/p226798.png?padding=0.7,Paraguay,52,https://drop-assets.ea.com/images/4xMXjEt7CFJ6JENYeG45Sk/836d733dc1642c5e4ab3338d91481436/f_52.png,https://drop-assets.ea.com/images/InPYiKZbKde1NUlkdacCB/fb7a07ab161894e723272605a3ae24db/l111716.png,https://drop-assets.ea.com/images/InPYiKZbKde1NUlkdacCB/fb7a07ab161894e723272605a3ae24db/l111716.png,https://drop-assets.ea.com/images/InPYiKZbKde1NUlkdacCB/fb7a07ab161894e723272605a3ae24db/l111716.png,CDM,69,53,69,67,69,66,80,Right,183,80,LPF
219932,Antonio Sanabria,https://ratings-images-prod.pulse.ea.com/FC25/full/player-portraits/p219932.png?padding=0.7,Paraguay,58,https://drop-assets.ea.com/images/7GnvdwxPnTAwltd8pd67fA/a7696e8a25b652f669ef48e55b92b1f5/f_58.png,https://drop-assets.ea.com/images/5qGQiqAc43aS9qGMCgpOAT/60c44a125cdec67fa0bae64fb42aa10a/l111434.png,https://drop-assets.ea.com/images/5qGQiqAc43aS9qGMCgpOAT/60c44a125cdec67fa0bae64fb42aa10a/l111434.png,https://drop-assets.ea.com/images/5qGQiqAc43aS9qGMCgpOAT/60c44a125cdec67fa0bae64fb42aa10a/l111434.png,ST,79,75,79,68,79,32,57,Right,180,70,Serie A Enilive
255434,Julio Enciso,https://ratings-images-prod.pulse.ea.com/FC25/full/player-portraits/p255434.png?padding=0.7,Paraguay,58,https://drop-assets.ea.com/images/7GnvdwxPnTAwltd8pd67fA/a7696e8a25b652f669ef48e55b92b1f5/f_58.png,https://drop-assets.ea.com/images/5ujpJkozlZbo3FNV0Fi84H/d39ffa173bd150d5f10bcfe3392abe54/l76.png,https://drop-assets.ea.com/images/5ujpJkozlZbo3FNV0Fi84H/d39ffa173bd150d5f10bcfe3392abe54/l76.png,https://drop-assets.ea.com/images/5ujpJkozlZbo3FNV0Fi84H/d39ffa173bd150d5f10bcfe3392abe54/l76.png,CAM,78,74,78,70,78,33,51,Right,173,64,Ligue 1 McDonald's
226286,Gabriel Ávalos,https://ratings-images-prod.pulse.ea.com/FC25/full/player-portraits/p226286.png?padding=0.7,Paraguay,58,https://drop-assets.ea.com/images/7GnvdwxPnTAwltd8pd67fA/a7696e8a25b652f669ef48e55b92b1f5/f_58.png,https://drop-assets.ea.com/images/1jWKtSnzOJLCUGQjgSw9B6/1c59266ca28d3abb505fb74ca58f12df/l110093.png,https://drop-assets.ea.com/images/1jWKtSnzOJLCUGQjgSw9B6/1c59266ca28d3abb505fb74ca58f12df/l110093.png,https://drop-assets.ea.com/images/1jWKtSnzOJLCUGQjgSw9B6/1c59266ca28d3abb505fb74ca58f12df/l110093.png,ST,73,67,73,63,73,45,84,Right,188,91,LPF
273843,Álex Arce,https://ratings-images-prod.pulse.ea.com/FC25/full/player-portraits/p273843.png?padding=0.7,Paraguay,58,https://drop-assets.ea.com/images/7GnvdwxPnTAwltd8pd67fA/a7696e8a25b652f669ef48e55b92b1f5/f_58.png,https://drop-assets.ea.com/images/5EPl32mUWnIxS5jFIbwwLh/ffcc8957706ba4a68145dabcdbb77211/l111020.png,https://drop-assets.ea.com/images/5EPl32mUWnIxS5jFIbwwLh/ffcc8957706ba4a68145dabcdbb77211/l111020.png,https://drop-assets.ea.com/images/5EPl32mUWnIxS5jFIbwwLh/ffcc8957706ba4a68145dabcdbb77211/l111020.png,ST,70,59,70,50,70,23,64,Right,187,80,LPF
fm_79033532,Isidro Pitta,//img.fminside.net/facesfm26/79033532.png,Paraguay,,https://img.fminside.net/flag-svg/py.svg,Bragantino,317,//img.fminside.net/logos/Men/Clubs/Normal/317.png,ST,62,63,62,60,62,55,70,Right,183,78,Série A
248868,Gustavo Caballero,https://ratings-images-prod.pulse.ea.com/FC25/full/player-portraits/p248868.png?padding=0.7,Paraguay,58,https://drop-assets.ea.com/images/7GnvdwxPnTAwltd8pd67fA/a7696e8a25b652f669ef48e55b92b1f5/f_58.png,,,,CDM,64,53,64,59,64,70,65,Right,181,76,Libertadores
226300,Uğurcan Çakır,https://ratings-images-prod.pulse.ea.com/FC25/full/player-portraits/p226300.png?padding=0.7,Turkey,48,https://drop-assets.ea.com/images/501PnaP87pzjR8dKEQ20OT/7f0fd5c896b732a094222cbf0560b4c2/f_48.png,https://drop-assets.ea.com/images/6P5sN0m3ZRE23vjlT8gh5q/f7f9acf3a7be5ea12f889d93dbdfd48f/l325.png,https://drop-assets.ea.com/images/6P5sN0m3ZRE23vjlT8gh5q/f7f9acf3a7be5ea12f889d93dbdfd48f/l325.png,https://drop-assets.ea.com/images/6P5sN0m3ZRE23vjlT8gh5q/f7f9acf3a7be5ea12f889d93dbdfd48f/l325.png,GK,79,81,79,74,79,54,80,Right,191,82,Trendyol Süper Lig
190113,Mert Günok,https://ratings-images-prod.pulse.ea.com/FC25/full/player-portraits/p190113.png?padding=0.7,Turkey,48,https://drop-assets.ea.com/images/501PnaP87pzjR8dKEQ20OT/7f0fd5c896b732a094222cbf0560b4c2/f_48.png,https://drop-assets.ea.com/images/Sx4dfrxgLrl3y1lm5Wj8p/fe2d92ed674ea49ea5ee3ac8d9842897/l327.png,https://drop-assets.ea.com/images/Sx4dfrxgLrl3y1lm5Wj8p/fe2d92ed674ea49ea5ee3ac8d9842897/l327.png,https://drop-assets.ea.com/images/Sx4dfrxgLrl3y1lm5Wj8p/fe2d92ed674ea49ea5ee3ac8d9842897/l327.png,GK,78,76,78,79,78,56,77,Right,196,92,Trendyol Süper Lig
243647,Altay Bayındır,https://ratings-images-prod.pulse.ea.com/FC25/full/player-portraits/p243647.png?padding=0.7,Turkey,48,https://drop-assets.ea.com/images/501PnaP87pzjR8dKEQ20OT/7f0fd5c896b732a094222cbf0560b4c2/f_48.png,https://drop-assets.ea.com/images/5xxJeUfFY6FEQZEJyJK35/990979becf88b88ecb6461dc441c2ebf/l11.png,https://drop-assets.ea.com/images/5xxJeUfFY6FEQZEJyJK35/990979becf88b88ecb6461dc441c2ebf/l11.png,https://drop-assets.ea.com/images/5xxJeUfFY6FEQZEJyJK35/990979becf88b88ecb6461dc441c2ebf/l11.png,GK,77,77,77,70,77,30,75,Right,198,88,Premier League
245370,Ersin Destanoğlu,https://ratings-images-prod.pulse.ea.com/FC25/full/player-portraits/p245370.png?padding=0.7,Turkey,48,https://drop-assets.ea.com/images/501PnaP87pzjR8dKEQ20OT/7f0fd5c896b732a094222cbf0560b4c2/f_48.png,https://drop-assets.ea.com/images/Sx4dfrxgLrl3y1lm5Wj8p/fe2d92ed674ea49ea5ee3ac8d9842897/l327.png,https://drop-assets.ea.com/images/Sx4dfrxgLrl3y1lm5Wj8p/fe2d92ed674ea49ea5ee3ac8d9842897/l327.png,https://drop-assets.ea.com/images/Sx4dfrxgLrl3y1lm5Wj8p/fe2d92ed674ea49ea5ee3ac8d9842897/l327.png,GK,71,70,71,68,71,38,72,Right,195,88,Trendyol Süper Lig
235931,Muhammed Şengezer,https://ratings-images-prod.pulse.ea.com/FC25/full/player-portraits/p235931.png?padding=0.7,Turkey,48,https://drop-assets.ea.com/images/501PnaP87pzjR8dKEQ20OT/7f0fd5c896b732a094222cbf0560b4c2/f_48.png,https://drop-assets.ea.com/images/zVaLMDwzieKwlZFk2bZ6K/58d008680451b4cf46041e38987cf69b/l101014.png,https://drop-assets.ea.com/images/zVaLMDwzieKwlZFk2bZ6K/58d008680451b4cf46041e38987cf69b/l101014.png,https://drop-assets.ea.com/images/zVaLMDwzieKwlZFk2bZ6K/58d008680451b4cf46041e38987cf69b/l101014.png,GK,72,71,72,66,72,35,70,Right,192,80,Trendyol Süper Lig
238160,Merih Demiral,https://ratings-images-prod.pulse.ea.com/FC25/full/player-portraits/p238160.png?padding=0.7,Turkey,48,https://drop-assets.ea.com/images/501PnaP87pzjR8dKEQ20OT/7f0fd5c896b732a094222cbf0560b4c2/f_48.png,https://drop-assets.ea.com/images/3lVk0osL7o6YMhHuK4YYD6/5e106847b59ce2a4f0bfb55988d812c3/l112387.png,https://drop-assets.ea.com/images/3lVk0osL7o6YMhHuK4YYD6/5e106847b59ce2a4f0bfb55988d812c3/l112387.png,https://drop-assets.ea.com/images/3lVk0osL7o6YMhHuK4YYD6/5e106847b59ce2a4f0bfb55988d812c3/l112387.png,CB,61,73,61,49,61,79,81,Right,190,86,ROSHN Saudi League
224490,Zeki Çelik,https://ratings-images-prod.pulse.ea.com/FC25/full/player-portraits/p224490.png?padding=0.7,Turkey,48,https://drop-assets.ea.com/images/501PnaP87pzjR8dKEQ20OT/7f0fd5c896b732a094222cbf0560b4c2/f_48.png,https://drop-assets.ea.com/images/2ruQP0TDYcCmtVFKr9qMBI/5f53795056598b1faac31300900b8671/l52.png,https://drop-assets.ea.com/images/2ruQP0TDYcCmtVFKr9qMBI/5f53795056598b1faac31300900b8671/l52.png,https://drop-assets.ea.com/images/2ruQP0TDYcCmtVFKr9qMBI/5f53795056598b1faac31300900b8671/l52.png,RB,73,72,73,69,73,73,74,Right,180,78,Serie A Enilive
232119,Çağlar Söyüncü,https://ratings-images-prod.pulse.ea.com/FC25/full/player-portraits/p232119.png?padding=0.7,Turkey,48,https://drop-assets.ea.com/images/501PnaP87pzjR8dKEQ20OT/7f0fd5c896b732a094222cbf0560b4c2/f_48.png,https://drop-assets.ea.com/images/3sfoNHvqDPqhM1PsEE1sNM/b9dcc82d0e2fba3efc8e8d0ed4c216a6/l326.png,https://drop-assets.ea.com/images/3sfoNHvqDPqhM1PsEE1sNM/b9dcc82d0e2fba3efc8e8d0ed4c216a6/l326.png,https://drop-assets.ea.com/images/3sfoNHvqDPqhM1PsEE1sNM/b9dcc82d0e2fba3efc8e8d0ed4c216a6/l326.png,CB,65,69,65,58,65,77,80,Right,185,82,Trendyol Süper Lig
243526,Mert Müldür,https://ratings-images-prod.pulse.ea.com/FC25/full/player-portraits/p243526.png?padding=0.7,Turkey,48,https://drop-assets.ea.com/images/501PnaP87pzjR8dKEQ20OT/7f0fd5c896b732a094222cbf0560b4c2/f_48.png,https://drop-assets.ea.com/images/3sfoNHvqDPqhM1PsEE1sNM/b9dcc82d0e2fba3efc8e8d0ed4c216a6/l326.png,https://drop-assets.ea.com/images/3sfoNHvqDPqhM1PsEE1sNM/b9dcc82d0e2fba3efc8e8d0ed4c216a6/l326.png,https://drop-assets.ea.com/images/3sfoNHvqDPqhM1PsEE1sNM/b9dcc82d0e2fba3efc8e8d0ed4c216a6/l326.png,RB,73,76,73,65,73,71,75,Right,188,74,Trendyol Süper Lig
235152,Ferdi Kadıoğlu,https://ratings-images-prod.pulse.ea.com/FC25/full/player-portraits/p235152.png?padding=0.7,Turkey,48,https://drop-assets.ea.com/images/501PnaP87pzjR8dKEQ20OT/7f0fd5c896b732a094222cbf0560b4c2/f_48.png,https://drop-assets.ea.com/images/1mFLMjuFkxQjbRaTLKZ8Gm/277b9eb6d29d37064d1d82063b06f681/l1808.png,https://drop-assets.ea.com/images/1mFLMjuFkxQjbRaTLKZ8Gm/277b9eb6d29d37064d1d82063b06f681/l1808.png,https://drop-assets.ea.com/images/1mFLMjuFkxQjbRaTLKZ8Gm/277b9eb6d29d37064d1d82063b06f681/l1808.png,RB,80,82,80,74,80,76,67,Right,174,68,Premier League
239890,Ozan Kabak,https://ratings-images-prod.pulse.ea.com/FC25/full/player-portraits/p239890.png?padding=0.7,Turkey,48,https://drop-assets.ea.com/images/501PnaP87pzjR8dKEQ20OT/7f0fd5c896b732a094222cbf0560b4c2/f_48.png,https://drop-assets.ea.com/images/1ylwMQ1ia5SGcXYoIKhtdK/b24a8fed6fb30e01ea3fd15184b0046c/l10029.png,https://drop-assets.ea.com/images/1ylwMQ1ia5SGcXYoIKhtdK/b24a8fed6fb30e01ea3fd15184b0046c/l10029.png,https://drop-assets.ea.com/images/1ylwMQ1ia5SGcXYoIKhtdK/b24a8fed6fb30e01ea3fd15184b0046c/l10029.png,CB,66,60,66,59,66,74,79,Right,186,86,Bundesliga
229905,Abdülkerim Bardakcı,https://ratings-images-prod.pulse.ea.com/FC25/full/player-portraits/p229905.png?padding=0.7,Turkey,48,https://drop-assets.ea.com/images/501PnaP87pzjR8dKEQ20OT/7f0fd5c896b732a094222cbf0560b4c2/f_48.png,https://drop-assets.ea.com/images/6P5sN0m3ZRE23vjlT8gh5q/f7f9acf3a7be5ea12f889d93dbdfd48f/l325.png,https://drop-assets.ea.com/images/6P5sN0m3ZRE23vjlT8gh5q/f7f9acf3a7be5ea12f889d93dbdfd48f/l325.png,https://drop-assets.ea.com/images/6P5sN0m3ZRE23vjlT8gh5q/f7f9acf3a7be5ea12f889d93dbdfd48f/l325.png,CB,69,59,69,70,69,81,85,Left,185,80,Trendyol Süper Lig
259754,Eren Elmalı,https://ratings-images-prod.pulse.ea.com/FC25/full/player-portraits/p259754.png?padding=0.7,Turkey,48,https://drop-assets.ea.com/images/501PnaP87pzjR8dKEQ20OT/7f0fd5c896b732a094222cbf0560b4c2/f_48.png,https://drop-assets.ea.com/images/6P5sN0m3ZRE23vjlT8gh5q/f7f9acf3a7be5ea12f889d93dbdfd48f/l325.png,https://drop-assets.ea.com/images/6P5sN0m3ZRE23vjlT8gh5q/f7f9acf3a7be5ea12f889d93dbdfd48f/l325.png,https://drop-assets.ea.com/images/6P5sN0m3ZRE23vjlT8gh5q/f7f9acf3a7be5ea12f889d93dbdfd48f/l325.png,LB,72,83,72,72,72,69,77,Left,183,76,Trendyol Süper Lig
263021,Samet Akaydin,https://ratings-images-prod.pulse.ea.com/FC25/full/player-portraits/p263021.png?padding=0.7,Turkey,48,https://drop-assets.ea.com/images/501PnaP87pzjR8dKEQ20OT/7f0fd5c896b732a094222cbf0560b4c2/f_48.png,https://drop-assets.ea.com/images/7n0Ea6O0YO0jCvir4aAuJ5/0eac5bb7245d7c5ba20fa62a773f4cee/l101037.png,https://drop-assets.ea.com/images/7n0Ea6O0YO0jCvir4aAuJ5/0eac5bb7245d7c5ba20fa62a773f4cee/l101037.png,https://drop-assets.ea.com/images/7n0Ea6O0YO0jCvir4aAuJ5/0eac5bb7245d7c5ba20fa62a773f4cee/l101037.png,CB,48,55,48,43,48,70,76,Right,190,82,Trendyol Süper Lig
279000,Yusuf Akçiçek,https://ratings-images-prod.pulse.ea.com/FC25/full/player-portraits/p279000.png?padding=0.7,Turkey,48,https://drop-assets.ea.com/images/501PnaP87pzjR8dKEQ20OT/7f0fd5c896b732a094222cbf0560b4c2/f_48.png,https://drop-assets.ea.com/images/S6sbDN9mfGaVn2VJDekYR/c6f580c98a0d614b0b308a89a241c6ab/l605.png,https://drop-assets.ea.com/images/S6sbDN9mfGaVn2VJDekYR/c6f580c98a0d614b0b308a89a241c6ab/l605.png,https://drop-assets.ea.com/images/S6sbDN9mfGaVn2VJDekYR/c6f580c98a0d614b0b308a89a241c6ab/l605.png,CB,57,64,57,49,57,64,73,Left,190,83,ROSHN Saudi League
244486,Mustafa Eskihellaç,https://ratings-images-prod.pulse.ea.com/FC25/full/player-portraits/p244486.png?padding=0.7,Turkey,48,https://drop-assets.ea.com/images/501PnaP87pzjR8dKEQ20OT/7f0fd5c896b732a094222cbf0560b4c2/f_48.png,https://drop-assets.ea.com/images/3AF1UCNvLwZs5kapbWuCk9/e1cebee09f0953e5653311d5a29365ee/l436.png,https://drop-assets.ea.com/images/3AF1UCNvLwZs5kapbWuCk9/e1cebee09f0953e5653311d5a29365ee/l436.png,https://drop-assets.ea.com/images/3AF1UCNvLwZs5kapbWuCk9/e1cebee09f0953e5653311d5a29365ee/l436.png,LB,72,86,72,64,72,66,64,Right,175,72,Trendyol Süper Lig
264728,Ahmetcan Kaplan,https://ratings-images-prod.pulse.ea.com/FC25/full/player-portraits/p264728.png?padding=0.7,Turkey,48,https://drop-assets.ea.com/images/501PnaP87pzjR8dKEQ20OT/7f0fd5c896b732a094222cbf0560b4c2/f_48.png,,,,CB,57,63,57,58,57,71,73,Left,189,75,Eredivisie
208128,Hakan Çalhanoğlu,https://ratings-images-prod.pulse.ea.com/FC25/full/player-portraits/p208128.png?padding=0.7,Turkey,48,https://drop-assets.ea.com/images/501PnaP87pzjR8dKEQ20OT/7f0fd5c896b732a094222cbf0560b4c2/f_48.png,https://drop-assets.ea.com/images/1thPMvXN97JgFvt6ASWr4c/d2ca0a691a98c344305bc0975ab70314/l131682.png,https://drop-assets.ea.com/images/1thPMvXN97JgFvt6ASWr4c/d2ca0a691a98c344305bc0975ab70314/l131682.png,https://drop-assets.ea.com/images/1thPMvXN97JgFvt6ASWr4c/d2ca0a691a98c344305bc0975ab70314/l131682.png,CDM,82,71,82,87,82,81,73,Right,178,69,Serie A Enilive
207790,Kaan Ayhan,https://ratings-images-prod.pulse.ea.com/FC25/full/player-portraits/p207790.png?padding=0.7,Turkey,48,https://drop-assets.ea.com/images/501PnaP87pzjR8dKEQ20OT/7f0fd5c896b732a094222cbf0560b4c2/f_48.png,https://drop-assets.ea.com/images/6P5sN0m3ZRE23vjlT8gh5q/f7f9acf3a7be5ea12f889d93dbdfd48f/l325.png,https://drop-assets.ea.com/images/6P5sN0m3ZRE23vjlT8gh5q/f7f9acf3a7be5ea12f889d93dbdfd48f/l325.png,https://drop-assets.ea.com/images/6P5sN0m3ZRE23vjlT8gh5q/f7f9acf3a7be5ea12f889d93dbdfd48f/l325.png,RB,69,57,69,77,69,78,77,Right,184,84,Trendyol Süper Lig
243245,Orkun Kökçü,https://ratings-images-prod.pulse.ea.com/FC25/full/player-portraits/p243245.png?padding=0.7,Turkey,48,https://drop-assets.ea.com/images/501PnaP87pzjR8dKEQ20OT/7f0fd5c896b732a094222cbf0560b4c2/f_48.png,https://drop-assets.ea.com/images/Sx4dfrxgLrl3y1lm5Wj8p/fe2d92ed674ea49ea5ee3ac8d9842897/l327.png,https://drop-assets.ea.com/images/Sx4dfrxgLrl3y1lm5Wj8p/fe2d92ed674ea49ea5ee3ac8d9842897/l327.png,https://drop-assets.ea.com/images/Sx4dfrxgLrl3y1lm5Wj8p/fe2d92ed674ea49ea5ee3ac8d9842897/l327.png,CM,80,72,80,84,80,70,79,Right,175,72,Trendyol Süper Lig
260466,İsmail Yüksek,https://ratings-images-prod.pulse.ea.com/FC25/full/player-portraits/p260466.png?padding=0.7,Turkey,48,https://drop-assets.ea.com/images/501PnaP87pzjR8dKEQ20OT/7f0fd5c896b732a094222cbf0560b4c2/f_48.png,https://drop-assets.ea.com/images/3sfoNHvqDPqhM1PsEE1sNM/b9dcc82d0e2fba3efc8e8d0ed4c216a6/l326.png,https://drop-assets.ea.com/images/3sfoNHvqDPqhM1PsEE1sNM/b9dcc82d0e2fba3efc8e8d0ed4c216a6/l326.png,https://drop-assets.ea.com/images/3sfoNHvqDPqhM1PsEE1sNM/b9dcc82d0e2fba3efc8e8d0ed4c216a6/l326.png,CDM,73,74,73,70,73,74,78,Right,183,77,Trendyol Süper Lig
235407,Salih Özcan,https://ratings-images-prod.pulse.ea.com/FC25/full/player-portraits/p235407.png?padding=0.7,Turkey,48,https://drop-assets.ea.com/images/501PnaP87pzjR8dKEQ20OT/7f0fd5c896b732a094222cbf0560b4c2/f_48.png,https://drop-assets.ea.com/images/TmqxUZk2FrbFXOK1kdE89/3dce225926ac7cfd9f283ecd731fa710/l22.png,https://drop-assets.ea.com/images/TmqxUZk2FrbFXOK1kdE89/3dce225926ac7cfd9f283ecd731fa710/l22.png,https://drop-assets.ea.com/images/TmqxUZk2FrbFXOK1kdE89/3dce225926ac7cfd9f283ecd731fa710/l22.png,CDM,73,70,73,68,73,75,79,Right,182,79,Bundesliga
239096,Atakan Karazor,https://ratings-images-prod.pulse.ea.com/FC25/full/player-portraits/p239096.png?padding=0.7,Turkey,48,https://drop-assets.ea.com/images/501PnaP87pzjR8dKEQ20OT/7f0fd5c896b732a094222cbf0560b4c2/f_48.png,https://drop-assets.ea.com/images/5kfh9LrPvDQKbQNF6k7CSF/9a70e7082aaba3b46ea8bd1e699f62de/l36.png,https://drop-assets.ea.com/images/5kfh9LrPvDQKbQNF6k7CSF/9a70e7082aaba3b46ea8bd1e699f62de/l36.png,https://drop-assets.ea.com/images/5kfh9LrPvDQKbQNF6k7CSF/9a70e7082aaba3b46ea8bd1e699f62de/l36.png,CDM,68,45,68,63,68,77,74,Right,191,76,Bundesliga
277871,Demir Ege Tıknaz,https://ratings-images-prod.pulse.ea.com/FC25/full/player-portraits/p277871.png?padding=0.7,Turkey,48,https://drop-assets.ea.com/images/501PnaP87pzjR8dKEQ20OT/7f0fd5c896b732a094222cbf0560b4c2/f_48.png,https://drop-assets.ea.com/images/Sx4dfrxgLrl3y1lm5Wj8p/fe2d92ed674ea49ea5ee3ac8d9842897/l327.png,https://drop-assets.ea.com/images/Sx4dfrxgLrl3y1lm5Wj8p/fe2d92ed674ea49ea5ee3ac8d9842897/l327.png,https://drop-assets.ea.com/images/Sx4dfrxgLrl3y1lm5Wj8p/fe2d92ed674ea49ea5ee3ac8d9842897/l327.png,CDM,69,69,69,66,69,68,75,Right,193,76,Trendyol Süper Lig
258580,Kerem Aktürkoğlu,https://ratings-images-prod.pulse.ea.com/FC25/full/player-portraits/p258580.png?padding=0.7,Turkey,48,https://drop-assets.ea.com/images/501PnaP87pzjR8dKEQ20OT/7f0fd5c896b732a094222cbf0560b4c2/f_48.png,https://drop-assets.ea.com/images/3sfoNHvqDPqhM1PsEE1sNM/b9dcc82d0e2fba3efc8e8d0ed4c216a6/l326.png,https://drop-assets.ea.com/images/3sfoNHvqDPqhM1PsEE1sNM/b9dcc82d0e2fba3efc8e8d0ed4c216a6/l326.png,https://drop-assets.ea.com/images/3sfoNHvqDPqhM1PsEE1sNM/b9dcc82d0e2fba3efc8e8d0ed4c216a6/l326.png,LW,81,85,81,74,81,41,58,Right,173,68,Trendyol Süper Lig
225403,İrfan Can Kahveci,https://ratings-images-prod.pulse.ea.com/FC25/full/player-portraits/p225403.png?padding=0.7,Turkey,48,https://drop-assets.ea.com/images/501PnaP87pzjR8dKEQ20OT/7f0fd5c896b732a094222cbf0560b4c2/f_48.png,https://drop-assets.ea.com/images/3sfoNHvqDPqhM1PsEE1sNM/b9dcc82d0e2fba3efc8e8d0ed4c216a6/l326.png,https://drop-assets.ea.com/images/3sfoNHvqDPqhM1PsEE1sNM/b9dcc82d0e2fba3efc8e8d0ed4c216a6/l326.png,https://drop-assets.ea.com/images/3sfoNHvqDPqhM1PsEE1sNM/b9dcc82d0e2fba3efc8e8d0ed4c216a6/l326.png,RW,80,73,80,81,80,58,67,Left,176,75,Trendyol Süper Lig
263205,Barış Alper Yılmaz,https://ratings-images-prod.pulse.ea.com/FC25/full/player-portraits/p263205.png?padding=0.7,Turkey,48,https://drop-assets.ea.com/images/501PnaP87pzjR8dKEQ20OT/7f0fd5c896b732a094222cbf0560b4c2/f_48.png,https://drop-assets.ea.com/images/6P5sN0m3ZRE23vjlT8gh5q/f7f9acf3a7be5ea12f889d93dbdfd48f/l325.png,https://drop-assets.ea.com/images/6P5sN0m3ZRE23vjlT8gh5q/f7f9acf3a7be5ea12f889d93dbdfd48f/l325.png,https://drop-assets.ea.com/images/6P5sN0m3ZRE23vjlT8gh5q/f7f9acf3a7be5ea12f889d93dbdfd48f/l325.png,LM,79,93,79,72,79,69,90,Right,186,80,Trendyol Süper Lig
264309,Arda Güler,https://ratings-images-prod.pulse.ea.com/FC25/full/player-portraits/p264309.png?padding=0.7,Turkey,48,https://drop-assets.ea.com/images/501PnaP87pzjR8dKEQ20OT/7f0fd5c896b732a094222cbf0560b4c2/f_48.png,https://drop-assets.ea.com/images/Pk8nYrWuRt895RlhJx8jI/445d98b711f413a3a1e70c41b19b0f95/l243.png,https://drop-assets.ea.com/images/Pk8nYrWuRt895RlhJx8jI/445d98b711f413a3a1e70c41b19b0f95/l243.png,https://drop-assets.ea.com/images/Pk8nYrWuRt895RlhJx8jI/445d98b711f413a3a1e70c41b19b0f95/l243.png,RM,83,70,83,83,83,52,50,Left,175,70,LALIGA EA SPORTS
277954,Kenan Yıldız,https://ratings-images-prod.pulse.ea.com/FC25/full/player-portraits/p277954.png?padding=0.7,Turkey,48,https://drop-assets.ea.com/images/501PnaP87pzjR8dKEQ20OT/7f0fd5c896b732a094222cbf0560b4c2/f_48.png,https://drop-assets.ea.com/images/6zWQmPATtK8lpsiXbKb3mY/6b2d1dab08ef14f63271a5cd70a0db0d/l45.png,https://drop-assets.ea.com/images/6zWQmPATtK8lpsiXbKb3mY/6b2d1dab08ef14f63271a5cd70a0db0d/l45.png,https://drop-assets.ea.com/images/6zWQmPATtK8lpsiXbKb3mY/6b2d1dab08ef14f63271a5cd70a0db0d/l45.png,CAM,83,84,83,74,83,35,66,Right,185,75,Serie A Enilive
239892,Yunus Akgün,https://ratings-images-prod.pulse.ea.com/FC25/full/player-portraits/p239892.png?padding=0.7,Turkey,48,https://drop-assets.ea.com/images/501PnaP87pzjR8dKEQ20OT/7f0fd5c896b732a094222cbf0560b4c2/f_48.png,https://drop-assets.ea.com/images/6P5sN0m3ZRE23vjlT8gh5q/f7f9acf3a7be5ea12f889d93dbdfd48f/l325.png,https://drop-assets.ea.com/images/6P5sN0m3ZRE23vjlT8gh5q/f7f9acf3a7be5ea12f889d93dbdfd48f/l325.png,https://drop-assets.ea.com/images/6P5sN0m3ZRE23vjlT8gh5q/f7f9acf3a7be5ea12f889d93dbdfd48f/l325.png,RM,81,87,81,74,81,40,61,Left,173,65,Trendyol Süper Lig
264001,Oğuz Aydın,https://ratings-images-prod.pulse.ea.com/FC25/full/player-portraits/p264001.png?padding=0.7,Turkey,48,https://drop-assets.ea.com/images/501PnaP87pzjR8dKEQ20OT/7f0fd5c896b732a094222cbf0560b4c2/f_48.png,https://drop-assets.ea.com/images/3sfoNHvqDPqhM1PsEE1sNM/b9dcc82d0e2fba3efc8e8d0ed4c216a6/l326.png,https://drop-assets.ea.com/images/3sfoNHvqDPqhM1PsEE1sNM/b9dcc82d0e2fba3efc8e8d0ed4c216a6/l326.png,https://drop-assets.ea.com/images/3sfoNHvqDPqhM1PsEE1sNM/b9dcc82d0e2fba3efc8e8d0ed4c216a6/l326.png,LW,78,85,78,71,78,56,67,Right,183,76,Trendyol Süper Lig
278587,Deniz Gül,https://ratings-images-prod.pulse.ea.com/FC25/full/player-portraits/p278587.png?padding=0.7,Turkey,48,https://drop-assets.ea.com/images/501PnaP87pzjR8dKEQ20OT/7f0fd5c896b732a094222cbf0560b4c2/f_48.png,https://drop-assets.ea.com/images/3rIoG9U8fPPfaXZiGOGtvw/37c0c0ceefe454e9c299d4cc1852671f/l236.png,https://drop-assets.ea.com/images/3rIoG9U8fPPfaXZiGOGtvw/37c0c0ceefe454e9c299d4cc1852671f/l236.png,https://drop-assets.ea.com/images/3rIoG9U8fPPfaXZiGOGtvw/37c0c0ceefe454e9c299d4cc1852671f/l236.png,ST,67,69,67,58,67,28,66,Right,190,82,Liga Portugal
241389,Yusuf Sarı,https://ratings-images-prod.pulse.ea.com/FC25/full/player-portraits/p241389.png?padding=0.7,Turkey,48,https://drop-assets.ea.com/images/501PnaP87pzjR8dKEQ20OT/7f0fd5c896b732a094222cbf0560b4c2/f_48.png,https://drop-assets.ea.com/images/zVaLMDwzieKwlZFk2bZ6K/58d008680451b4cf46041e38987cf69b/l101014.png,https://drop-assets.ea.com/images/zVaLMDwzieKwlZFk2bZ6K/58d008680451b4cf46041e38987cf69b/l101014.png,https://drop-assets.ea.com/images/zVaLMDwzieKwlZFk2bZ6K/58d008680451b4cf46041e38987cf69b/l101014.png,RM,79,85,79,70,79,33,59,Left,168,55,Trendyol Süper Lig
275328,Can Uzun,https://ratings-images-prod.pulse.ea.com/FC25/full/player-portraits/p275328.png?padding=0.7,Turkey,48,https://drop-assets.ea.com/images/501PnaP87pzjR8dKEQ20OT/7f0fd5c896b732a094222cbf0560b4c2/f_48.png,https://drop-assets.ea.com/images/3KK76lJIZtlRnPaAgbD85V/5614e02825eb0ed03b69a9d078e40db9/l1824.png,https://drop-assets.ea.com/images/3KK76lJIZtlRnPaAgbD85V/5614e02825eb0ed03b69a9d078e40db9/l1824.png,https://drop-assets.ea.com/images/3KK76lJIZtlRnPaAgbD85V/5614e02825eb0ed03b69a9d078e40db9/l1824.png,CAM,77,62,77,66,77,25,62,Right,186,70,Bundesliga
256933,Aral Şimşir,https://ratings-images-prod.pulse.ea.com/FC25/full/player-portraits/p256933.png?padding=0.7,Turkey,48,https://drop-assets.ea.com/images/501PnaP87pzjR8dKEQ20OT/7f0fd5c896b732a094222cbf0560b4c2/f_48.png,https://drop-assets.ea.com/images/3OQnXwNFwM3MRzQFROVSyX/44407183d4b263858ce9d6b2b5a50195/l1516.png,https://drop-assets.ea.com/images/3OQnXwNFwM3MRzQFROVSyX/44407183d4b263858ce9d6b2b5a50195/l1516.png,https://drop-assets.ea.com/images/3OQnXwNFwM3MRzQFROVSyX/44407183d4b263858ce9d6b2b5a50195/l1516.png,LW,75,80,75,72,75,36,66,Right,177,71,3F Superliga
233267,Matt Turner,https://ratings-images-prod.pulse.ea.com/FC25/full/player-portraits/p233267.png?padding=0.7,United States,95,https://drop-assets.ea.com/images/7ZVadlJQIutRH5P85wr76/c2456a2d76146d19f98c2c3071136dcf/f_95.png,https://drop-assets.ea.com/images/48ngeALXrPB00VU1uedurz/7841d93996c63753d1244626bbc2a3aa/l691.png,https://drop-assets.ea.com/images/48ngeALXrPB00VU1uedurz/7841d93996c63753d1244626bbc2a3aa/l691.png,https://drop-assets.ea.com/images/48ngeALXrPB00VU1uedurz/7841d93996c63753d1244626bbc2a3aa/l691.png,GK,74,74,74,67,74,40,73,Right,191,79,MLS
251804,Sergiño Dest,https://ratings-images-prod.pulse.ea.com/FC25/full/player-portraits/p251804.png?padding=0.7,United States,95,https://drop-assets.ea.com/images/7ZVadlJQIutRH5P85wr76/c2456a2d76146d19f98c2c3071136dcf/f_95.png,,,,RB,83,87,83,75,83,72,72,Right,173,68,Eredivisie
250954,Chris Richards,https://ratings-images-prod.pulse.ea.com/FC25/full/player-portraits/p250954.png?padding=0.7,United States,95,https://drop-assets.ea.com/images/7ZVadlJQIutRH5P85wr76/c2456a2d76146d19f98c2c3071136dcf/f_95.png,https://drop-assets.ea.com/images/6j7pLWl2t3yl13bu6Y9s5K/91a346d14011a610d95ec956816b6a38/l1799.png,https://drop-assets.ea.com/images/6j7pLWl2t3yl13bu6Y9s5K/91a346d14011a610d95ec956816b6a38/l1799.png,https://drop-assets.ea.com/images/6j7pLWl2t3yl13bu6Y9s5K/91a346d14011a610d95ec956816b6a38/l1799.png,CB,62,66,62,58,62,78,77,Right,188,87,Premier League
232999,Tyler Adams,https://ratings-images-prod.pulse.ea.com/FC25/full/player-portraits/p232999.png?padding=0.7,United States,95,https://drop-assets.ea.com/images/7ZVadlJQIutRH5P85wr76/c2456a2d76146d19f98c2c3071136dcf/f_95.png,https://drop-assets.ea.com/images/5Z6J6MhqjuJVwE7SVnfr5E/6075ff3239d67bdf8258a067ed93ccdb/l1943.png,https://drop-assets.ea.com/images/5Z6J6MhqjuJVwE7SVnfr5E/6075ff3239d67bdf8258a067ed93ccdb/l1943.png,https://drop-assets.ea.com/images/5Z6J6MhqjuJVwE7SVnfr5E/6075ff3239d67bdf8258a067ed93ccdb/l1943.png,CDM,75,79,75,71,75,79,75,Right,175,72,Premier League
229348,Antonee Robinson,https://ratings-images-prod.pulse.ea.com/FC25/full/player-portraits/p229348.png?padding=0.7,United States,95,https://drop-assets.ea.com/images/7ZVadlJQIutRH5P85wr76/c2456a2d76146d19f98c2c3071136dcf/f_95.png,https://drop-assets.ea.com/images/1YL8ULAZyOPtffpFGZcGe8/84ec5701079276f33aa349d253fa0321/l144.png,https://drop-assets.ea.com/images/1YL8ULAZyOPtffpFGZcGe8/84ec5701079276f33aa349d253fa0321/l144.png,https://drop-assets.ea.com/images/1YL8ULAZyOPtffpFGZcGe8/84ec5701079276f33aa349d253fa0321/l144.png,LB,77,88,77,75,77,78,80,Left,183,70,Premier League
235755,Auston Trusty,https://ratings-images-prod.pulse.ea.com/FC25/full/player-portraits/p235755.png?padding=0.7,United States,95,https://drop-assets.ea.com/images/7ZVadlJQIutRH5P85wr76/c2456a2d76146d19f98c2c3071136dcf/f_95.png,https://drop-assets.ea.com/images/16GwjVn0vBxAdBx5F4uW0q/6a96b7c86f98010e0b9cd943dc48d4ca/l78.png,https://drop-assets.ea.com/images/16GwjVn0vBxAdBx5F4uW0q/6a96b7c86f98010e0b9cd943dc48d4ca/l78.png,https://drop-assets.ea.com/images/16GwjVn0vBxAdBx5F4uW0q/6a96b7c86f98010e0b9cd943dc48d4ca/l78.png,CB,60,78,60,56,60,72,83,Left,191,85,Scottish Prem
245541,Giovanni Reyna,https://ratings-images-prod.pulse.ea.com/FC25/full/player-portraits/p245541.png?padding=0.7,United States,95,https://drop-assets.ea.com/images/7ZVadlJQIutRH5P85wr76/c2456a2d76146d19f98c2c3071136dcf/f_95.png,https://drop-assets.ea.com/images/4eJmGBw11G3Rn334GUOKaV/7571515e89d9e3b02893855bbdb28dbb/l23.png,https://drop-assets.ea.com/images/4eJmGBw11G3Rn334GUOKaV/7571515e89d9e3b02893855bbdb28dbb/l23.png,https://drop-assets.ea.com/images/4eJmGBw11G3Rn334GUOKaV/7571515e89d9e3b02893855bbdb28dbb/l23.png,RM,80,67,80,72,80,38,68,Right,185,79,Bundesliga
238744,Weston McKennie,https://ratings-images-prod.pulse.ea.com/FC25/full/player-portraits/p238744.png?padding=0.7,United States,95,https://drop-assets.ea.com/images/7ZVadlJQIutRH5P85wr76/c2456a2d76146d19f98c2c3071136dcf/f_95.png,https://drop-assets.ea.com/images/6zWQmPATtK8lpsiXbKb3mY/6b2d1dab08ef14f63271a5cd70a0db0d/l45.png,https://drop-assets.ea.com/images/6zWQmPATtK8lpsiXbKb3mY/6b2d1dab08ef14f63271a5cd70a0db0d/l45.png,https://drop-assets.ea.com/images/6zWQmPATtK8lpsiXbKb3mY/6b2d1dab08ef14f63271a5cd70a0db0d/l45.png,CM,77,77,77,77,77,80,80,Right,180,86,Serie A Enilive
251223,Ricardo Pepi,https://ratings-images-prod.pulse.ea.com/FC25/full/player-portraits/p251223.png?padding=0.7,United States,95,https://drop-assets.ea.com/images/7ZVadlJQIutRH5P85wr76/c2456a2d76146d19f98c2c3071136dcf/f_95.png,,,,ST,72,73,72,60,72,46,73,Right,185,74,Eredivisie
227796,Christian Pulisic,https://ratings-images-prod.pulse.ea.com/FC25/full/player-portraits/p227796.png?padding=0.7,United States,95,https://drop-assets.ea.com/images/7ZVadlJQIutRH5P85wr76/c2456a2d76146d19f98c2c3071136dcf/f_95.png,https://drop-assets.ea.com/images/6D3s1RlLRER3UOunC4Lofv/ec87a4178160a87521b0b7c688e7638e/l131681.png,https://drop-assets.ea.com/images/6D3s1RlLRER3UOunC4Lofv/ec87a4178160a87521b0b7c688e7638e/l131681.png,https://drop-assets.ea.com/images/6D3s1RlLRER3UOunC4Lofv/ec87a4178160a87521b0b7c688e7638e/l131681.png,RW,86,88,86,80,86,46,65,Right,178,73,Serie A Enilive
247361,Brenden Aaronson,https://ratings-images-prod.pulse.ea.com/FC25/full/player-portraits/p247361.png?padding=0.7,United States,95,https://drop-assets.ea.com/images/7ZVadlJQIutRH5P85wr76/c2456a2d76146d19f98c2c3071136dcf/f_95.png,https://drop-assets.ea.com/images/4GwGagnihmCNc321tRi8qB/07ddd8a7768922d58f01c2b6f2964a18/l8.png,https://drop-assets.ea.com/images/4GwGagnihmCNc321tRi8qB/07ddd8a7768922d58f01c2b6f2964a18/l8.png,https://drop-assets.ea.com/images/4GwGagnihmCNc321tRi8qB/07ddd8a7768922d58f01c2b6f2964a18/l8.png,CAM,78,80,78,70,78,57,61,Right,177,69,Premier League
237255,Miles Robinson,https://ratings-images-prod.pulse.ea.com/FC25/full/player-portraits/p237255.png?padding=0.7,United States,95,https://drop-assets.ea.com/images/7ZVadlJQIutRH5P85wr76/c2456a2d76146d19f98c2c3071136dcf/f_95.png,https://drop-assets.ea.com/images/6LPKd3WwcBZ8LDcUuykbnj/ff5428082b780a98ebcb981a8891c58e/l113149.png,https://drop-assets.ea.com/images/6LPKd3WwcBZ8LDcUuykbnj/ff5428082b780a98ebcb981a8891c58e/l113149.png,https://drop-assets.ea.com/images/6LPKd3WwcBZ8LDcUuykbnj/ff5428082b780a98ebcb981a8891c58e/l113149.png,CB,67,82,67,55,67,72,79,Right,188,84,MLS
198261,Tim Ream,https://ratings-images-prod.pulse.ea.com/FC25/full/player-portraits/p198261.png?padding=0.7,United States,95,https://drop-assets.ea.com/images/7ZVadlJQIutRH5P85wr76/c2456a2d76146d19f98c2c3071136dcf/f_95.png,https://drop-assets.ea.com/images/2XdxNo0fpuLxoylkpYWVlt/aeb3ddd9bb97accae5777262a7822e27/l114640.png,https://drop-assets.ea.com/images/2XdxNo0fpuLxoylkpYWVlt/aeb3ddd9bb97accae5777262a7822e27/l114640.png,https://drop-assets.ea.com/images/2XdxNo0fpuLxoylkpYWVlt/aeb3ddd9bb97accae5777262a7822e27/l114640.png,CB,60,39,60,69,60,74,73,Left,185,80,MLS
255205,Sebastian Berhalter,https://ratings-images-prod.pulse.ea.com/FC25/full/player-portraits/p255205.png?padding=0.7,United States,95,https://drop-assets.ea.com/images/7ZVadlJQIutRH5P85wr76/c2456a2d76146d19f98c2c3071136dcf/f_95.png,https://drop-assets.ea.com/images/4B78Zk7BiGtY0lEDTDanGT/ba8604b69a6cab6fd0c668aefebc800c/l101112.png,https://drop-assets.ea.com/images/4B78Zk7BiGtY0lEDTDanGT/ba8604b69a6cab6fd0c668aefebc800c/l101112.png,https://drop-assets.ea.com/images/4B78Zk7BiGtY0lEDTDanGT/ba8604b69a6cab6fd0c668aefebc800c/l101112.png,CM,67,71,67,66,67,65,71,Right,175,70,MLS
226807,Cristian Roldan,https://ratings-images-prod.pulse.ea.com/FC25/full/player-portraits/p226807.png?padding=0.7,United States,95,https://drop-assets.ea.com/images/7ZVadlJQIutRH5P85wr76/c2456a2d76146d19f98c2c3071136dcf/f_95.png,https://drop-assets.ea.com/images/shSYfoaz73Wl4jmu7iCIe/4e5b8a5d40d573c7de9b2899452d78cf/l111144.png,https://drop-assets.ea.com/images/shSYfoaz73Wl4jmu7iCIe/4e5b8a5d40d573c7de9b2899452d78cf/l111144.png,https://drop-assets.ea.com/images/shSYfoaz73Wl4jmu7iCIe/4e5b8a5d40d573c7de9b2899452d78cf/l111144.png,CDM,73,77,73,69,73,71,79,Right,172,75,MLS
267920,Alex Freeman,https://ratings-images-prod.pulse.ea.com/FC25/full/player-portraits/p267920.png?padding=0.7,United States,95,https://drop-assets.ea.com/images/7ZVadlJQIutRH5P85wr76/c2456a2d76146d19f98c2c3071136dcf/f_95.png,https://drop-assets.ea.com/images/2v0SzLTlk8reZAYV0kDrAH/39d28af286ec356ed9f70e279cf3ac22/l112606.png,https://drop-assets.ea.com/images/2v0SzLTlk8reZAYV0kDrAH/39d28af286ec356ed9f70e279cf3ac22/l112606.png,https://drop-assets.ea.com/images/2v0SzLTlk8reZAYV0kDrAH/39d28af286ec356ed9f70e279cf3ac22/l112606.png,RB,67,82,67,62,67,58,73,Right,188,78,MLS
256853,Malik Tillman,https://ratings-images-prod.pulse.ea.com/FC25/full/player-portraits/p256853.png?padding=0.7,United States,95,https://drop-assets.ea.com/images/7ZVadlJQIutRH5P85wr76/c2456a2d76146d19f98c2c3071136dcf/f_95.png,https://drop-assets.ea.com/images/mGqQw1um1ucUAshcK0Eop/9c7fe656f526c98b217ff2a052377b5c/l32.png,https://drop-assets.ea.com/images/mGqQw1um1ucUAshcK0Eop/9c7fe656f526c98b217ff2a052377b5c/l32.png,https://drop-assets.ea.com/images/mGqQw1um1ucUAshcK0Eop/9c7fe656f526c98b217ff2a052377b5c/l32.png,CAM,83,84,83,77,83,65,77,Right,187,71,Bundesliga
274535,Maximilian Arfsten,https://ratings-images-prod.pulse.ea.com/FC25/full/player-portraits/p274535.png?padding=0.7,United States,95,https://drop-assets.ea.com/images/7ZVadlJQIutRH5P85wr76/c2456a2d76146d19f98c2c3071136dcf/f_95.png,https://drop-assets.ea.com/images/3LJ9c5c9nJUBzMikYz1R6i/31afe3203efd8ab80b825008b28c9d54/l687.png,https://drop-assets.ea.com/images/3LJ9c5c9nJUBzMikYz1R6i/31afe3203efd8ab80b825008b28c9d54/l687.png,https://drop-assets.ea.com/images/3LJ9c5c9nJUBzMikYz1R6i/31afe3203efd8ab80b825008b28c9d54/l687.png,LM,69,75,69,60,69,60,65,Left,185,78,MLS
238743,Haji Wright,https://ratings-images-prod.pulse.ea.com/FC25/full/player-portraits/p238743.png?padding=0.7,United States,95,https://drop-assets.ea.com/images/7ZVadlJQIutRH5P85wr76/c2456a2d76146d19f98c2c3071136dcf/f_95.png,https://drop-assets.ea.com/images/2gQg3oJShWcRNapNPs6nwg/f151b26049eba7d246ca89edcdd19388/l1800.png,https://drop-assets.ea.com/images/2gQg3oJShWcRNapNPs6nwg/f151b26049eba7d246ca89edcdd19388/l1800.png,https://drop-assets.ea.com/images/2gQg3oJShWcRNapNPs6nwg/f151b26049eba7d246ca89edcdd19388/l1800.png,ST,71,82,71,60,71,33,76,Right,191,90,EFL Championship
247463,Folarin Balogun,https://ratings-images-prod.pulse.ea.com/FC25/full/player-portraits/p247463.png?padding=0.7,United States,95,https://drop-assets.ea.com/images/7ZVadlJQIutRH5P85wr76/c2456a2d76146d19f98c2c3071136dcf/f_95.png,https://drop-assets.ea.com/images/6XicH1VsjyR3WbTdpk99p3/8b11b6c53072e6c9c042eb77f3c6a8f4/l69.png,https://drop-assets.ea.com/images/6XicH1VsjyR3WbTdpk99p3/8b11b6c53072e6c9c042eb77f3c6a8f4/l69.png,https://drop-assets.ea.com/images/6XicH1VsjyR3WbTdpk99p3/8b11b6c53072e6c9c042eb77f3c6a8f4/l69.png,ST,77,84,77,62,77,23,68,Right,178,66,Ligue 1 McDonald's
241496,Timothy Weah,https://ratings-images-prod.pulse.ea.com/FC25/full/player-portraits/p241496.png?padding=0.7,United States,95,https://drop-assets.ea.com/images/7ZVadlJQIutRH5P85wr76/c2456a2d76146d19f98c2c3071136dcf/f_95.png,https://drop-assets.ea.com/images/3t06Qm41tT2gB8NqJYXdue/928373951a71a9a8565497e6481925d1/l219.png,https://drop-assets.ea.com/images/3t06Qm41tT2gB8NqJYXdue/928373951a71a9a8565497e6481925d1/l219.png,https://drop-assets.ea.com/images/3t06Qm41tT2gB8NqJYXdue/928373951a71a9a8565497e6481925d1/l219.png,RM,78,87,78,72,78,68,65,Right,182,66,Ligue 1 McDonald's
242195,Mark McKenzie,https://ratings-images-prod.pulse.ea.com/FC25/full/player-portraits/p242195.png?padding=0.7,United States,95,https://drop-assets.ea.com/images/7ZVadlJQIutRH5P85wr76/c2456a2d76146d19f98c2c3071136dcf/f_95.png,https://drop-assets.ea.com/images/5EcfjMCX8afaXxC2kefK7V/41323bd3f20c2b1932bf3e939ddde465/l1809.png,https://drop-assets.ea.com/images/5EcfjMCX8afaXxC2kefK7V/41323bd3f20c2b1932bf3e939ddde465/l1809.png,https://drop-assets.ea.com/images/5EcfjMCX8afaXxC2kefK7V/41323bd3f20c2b1932bf3e939ddde465/l1809.png,CB,64,80,64,50,64,73,78,Right,184,83,Ligue 1 McDonald's
243133,Joe Scally,https://ratings-images-prod.pulse.ea.com/FC25/full/player-portraits/p243133.png?padding=0.7,United States,95,https://drop-assets.ea.com/images/7ZVadlJQIutRH5P85wr76/c2456a2d76146d19f98c2c3071136dcf/f_95.png,https://drop-assets.ea.com/images/4eJmGBw11G3Rn334GUOKaV/7571515e89d9e3b02893855bbdb28dbb/l23.png,https://drop-assets.ea.com/images/4eJmGBw11G3Rn334GUOKaV/7571515e89d9e3b02893855bbdb28dbb/l23.png,https://drop-assets.ea.com/images/4eJmGBw11G3Rn334GUOKaV/7571515e89d9e3b02893855bbdb28dbb/l23.png,RB,69,83,69,60,69,71,76,Right,184,80,Bundesliga
247506,Matt Freese,https://ratings-images-prod.pulse.ea.com/FC25/full/player-portraits/p247506.png?padding=0.7,United States,95,https://drop-assets.ea.com/images/7ZVadlJQIutRH5P85wr76/c2456a2d76146d19f98c2c3071136dcf/f_95.png,https://drop-assets.ea.com/images/BJhoD5d8b2BP4SGRS7PYh/39a45c63ab3fbda10faa0d2247a77829/l112828.png,https://drop-assets.ea.com/images/BJhoD5d8b2BP4SGRS7PYh/39a45c63ab3fbda10faa0d2247a77829/l112828.png,https://drop-assets.ea.com/images/BJhoD5d8b2BP4SGRS7PYh/39a45c63ab3fbda10faa0d2247a77829/l112828.png,GK,71,70,71,68,71,29,69,Right,191,88,MLS
260982,Chris Brady,https://ratings-images-prod.pulse.ea.com/FC25/full/player-portraits/p260982.png?padding=0.7,United States,95,https://drop-assets.ea.com/images/7ZVadlJQIutRH5P85wr76/c2456a2d76146d19f98c2c3071136dcf/f_95.png,https://drop-assets.ea.com/images/7k2qagGU1kOmxOQfXiNYMm/dd188abb2e3ac2d56015ca1ad0115d0c/l693.png,https://drop-assets.ea.com/images/7k2qagGU1kOmxOQfXiNYMm/dd188abb2e3ac2d56015ca1ad0115d0c/l693.png,https://drop-assets.ea.com/images/7k2qagGU1kOmxOQfXiNYMm/dd188abb2e3ac2d56015ca1ad0115d0c/l693.png,GK,72,74,72,62,72,29,67,Right,190,77,MLS
fm_72044871,Alejandro Zendejas,//img.fminside.net/facesfm26/72044871.png,United States,,https://img.fminside.net/flag-svg/us.svg,Club América,1253,//img.fminside.net/logos/Men/Clubs/Normal/1253.png,MC,68,68,68,74,68,47,44,Left,167,62,Liga BBVA MX
fm_860472,Eloy Room,//img.fminside.net/facesfm26/860472.png,Curaçao,,https://img.fminside.net/flag-svg/cw.svg,Miami FC,20040608,//img.fminside.net/logos/Men/Clubs/Normal/20040608.png,GK,58,48,58,60,58,60,57,Right,190,85,USLC Eastern Conference
fm_37061236,Trevor Doornbusch,//img.fminside.net/facesfm26/37061236.png,Curaçao,,https://img.fminside.net/flag-svg/cw.svg,VVV-Venlo,1044,//img.fminside.net/logos/Men/Clubs/Normal/1044.png,GK,58,65,58,45,58,52,50,Right,188,83,Eerste Divisie
fm_37084990,Tyrick Bodak,//img.fminside.net/facesfm26/37084990.png,Curaçao,,https://img.fminside.net/flag-svg/cw.svg,Telstar,1043,//img.fminside.net/logos/Men/Clubs/Normal/1043.png,GK,60,50,60,44,60,40,48,Right,190,85,Eredivisie
fm_216444,Juriën Gaari,//img.fminside.net/facesfm26/216444.png,Curaçao,,https://img.fminside.net/flag-svg/cw.svg,Abha,7920353,//img.fminside.net/logos/Men/Clubs/Normal/7920353.png,DR,55,58,55,50,55,65,62,Right,183,78,First Division
fm_37059541,Roshon van Eijma,//img.fminside.net/facesfm26/37059541.png,Curaçao,,https://img.fminside.net/flag-svg/cw.svg,RKC,1032,//img.fminside.net/logos/Men/Clubs/Normal/1032.png,DC,45,53,45,39,45,59,65,Right,186,81,Eerste Divisie
233098,Sherel Floranus,https://ratings-images-prod.pulse.ea.com/FC25/full/player-portraits/p233098.png?padding=0.7,Curaçao,85,https://drop-assets.ea.com/images/2odRGVAk3KGQ0iMduOe1Ut/fd21d1a252b019a9632fa64dd943c5a3/f_85.png,,,,RB,67,82,67,55,67,62,73,Right,181,74,Eredivisie
fm_37044524,Joshua Brenet,//img.fminside.net/facesfm26/37044524.png,Curaçao,,https://img.fminside.net/flag-svg/cw.svg,Kayserispor,1875,//img.fminside.net/logos/Men/Clubs/Normal/1875.png,DR,62,65,62,59,62,47,59,Right,181,76,Süper Lig
260099,Shurandy Sambo,https://ratings-images-prod.pulse.ea.com/FC25/full/player-portraits/p260099.png?padding=0.7,Curaçao,85,https://drop-assets.ea.com/images/2odRGVAk3KGQ0iMduOe1Ut/fd21d1a252b019a9632fa64dd943c5a3/f_85.png,,,,RB,67,78,67,59,67,63,72,Right,174,70,Eredivisie
fm_37056071,Armando Obispo,//img.fminside.net/facesfm26/37056071.png,Curaçao,,https://img.fminside.net/flag-svg/cw.svg,PSV,1028,//img.fminside.net/logos/Men/Clubs/Normal/1028.png,DC,57,60,57,52,57,65,67,Left,186,81,Eredivisie
212269,Riechedly Bazoer,https://ratings-images-prod.pulse.ea.com/FC25/full/player-portraits/p212269.png?padding=0.7,Curaçao,34,https://drop-assets.ea.com/images/7LmdSUm2Ge4fzqcz0NElvq/d272142c80713dcf0e5ec0a47232aeee/f_34.png,https://drop-assets.ea.com/images/3KZwnvj4tCl6duVX44EC9G/0caeba3d1925d8649cbb4fc56345abd7/l101033.png,https://drop-assets.ea.com/images/3KZwnvj4tCl6duVX44EC9G/0caeba3d1925d8649cbb4fc56345abd7/l101033.png,https://drop-assets.ea.com/images/3KZwnvj4tCl6duVX44EC9G/0caeba3d1925d8649cbb4fc56345abd7/l101033.png,CB,74,67,74,73,74,74,74,Right,184,74,Trendyol Süper Lig
fm_2000022831,Deveron Fonville,//img.fminside.net/facesfm26/2000022831.png,Curaçao,,https://img.fminside.net/flag-svg/cw.svg,NEC,1025,//img.fminside.net/logos/Men/Clubs/Normal/1025.png,DL,62,65,62,45,62,55,50,Left,178,73,Eredivisie
fm_37019044,Leandro Bacuna,//img.fminside.net/facesfm26/37019044.png,Curaçao,,https://img.fminside.net/flag-svg/cw.svg,Iğdır FK,70108557,//img.fminside.net/logos/Men/Clubs/Normal/70108557.png,DM,58,60,58,57,58,50,62,Right,187,82,1. Lig
226677,Juninho Bacuna,https://ratings-images-prod.pulse.ea.com/FC25/full/player-portraits/p226677.png?padding=0.7,Curaçao,85,https://drop-assets.ea.com/images/2odRGVAk3KGQ0iMduOe1Ut/fd21d1a252b019a9632fa64dd943c5a3/f_85.png,https://drop-assets.ea.com/images/34vBMcAafsImubAt41dcR9/7a87c863ba62c27b426c051623d97d8e/l110776.png,https://drop-assets.ea.com/images/34vBMcAafsImubAt41dcR9/7a87c863ba62c27b426c051623d97d8e/l110776.png,https://drop-assets.ea.com/images/34vBMcAafsImubAt41dcR9/7a87c863ba62c27b426c051623d97d8e/l110776.png,CDM,72,73,72,69,72,63,76,Right,178,74,Trendyol Süper Lig
fm_37060620,Godfried Roemeratoe,//img.fminside.net/facesfm26/37060620.png,Curaçao,,https://img.fminside.net/flag-svg/cw.svg,RKC,1032,//img.fminside.net/logos/Men/Clubs/Normal/1032.png,DM,59,58,59,49,59,54,55,Right,178,73,Eerste Divisie
fm_37071912,Kevin Felida,//img.fminside.net/facesfm26/37071912.png,Curaçao,,https://img.fminside.net/flag-svg/cw.svg,FC Den Bosch,1005,//img.fminside.net/logos/Men/Clubs/Normal/1005.png,DM,59,58,59,45,59,55,59,Right,174,69,Eerste Divisie
275206,Livano Comenencia,https://ratings-images-prod.pulse.ea.com/FC25/full/player-portraits/p275206.png?padding=0.7,Curaçao,85,https://drop-assets.ea.com/images/2odRGVAk3KGQ0iMduOe1Ut/fd21d1a252b019a9632fa64dd943c5a3/f_85.png,https://drop-assets.ea.com/images/11VRGS31bjXvNE5zrW2kUh/ee28c5ebf405cce1543936f1b528bc76/l894.png,https://drop-assets.ea.com/images/11VRGS31bjXvNE5zrW2kUh/ee28c5ebf405cce1543936f1b528bc76/l894.png,https://drop-assets.ea.com/images/11VRGS31bjXvNE5zrW2kUh/ee28c5ebf405cce1543936f1b528bc76/l894.png,RB,61,74,61,55,61,57,61,Right,183,70,Brack Super League
264221,Ar'jany Martha,https://ratings-images-prod.pulse.ea.com/FC25/full/player-portraits/p264221.png?padding=0.7,Curaçao,85,https://drop-assets.ea.com/images/2odRGVAk3KGQ0iMduOe1Ut/fd21d1a252b019a9632fa64dd943c5a3/f_85.png,https://drop-assets.ea.com/images/2udXUKPzXwW4kUrzd1628Y/a5d91aa3a8fe71c21ae38bea13fb3143/l1797.png,https://drop-assets.ea.com/images/2udXUKPzXwW4kUrzd1628Y/a5d91aa3a8fe71c21ae38bea13fb3143/l1797.png,https://drop-assets.ea.com/images/2udXUKPzXwW4kUrzd1628Y/a5d91aa3a8fe71c21ae38bea13fb3143/l1797.png,LB,67,82,67,60,67,56,54,Left,180,67,EFL League One
fm_2000005990,Tyrese Noslin,//img.fminside.net/facesfm26/2000005990.png,Curaçao,,https://img.fminside.net/flag-svg/cw.svg,Telstar,1043,//img.fminside.net/logos/Men/Clubs/Normal/1043.png,DR,62,68,62,55,62,47,55,Left,183,78,Eredivisie
fm_28058332,Kenji Gorré,//img.fminside.net/facesfm26/28058332.png,Curaçao,,https://img.fminside.net/flag-svg/cw.svg,Maccabi Haifa,1093,//img.fminside.net/logos/Men/Clubs/Normal/1093.png,AMR,72,60,72,60,72,27,50,Right,178,73,Ligat Ha'Al
228666,Brandley Kuwas,https://ratings-images-prod.pulse.ea.com/FC25/full/player-portraits/p228666.png?padding=0.7,Curaçao,85,https://drop-assets.ea.com/images/2odRGVAk3KGQ0iMduOe1Ut/fd21d1a252b019a9632fa64dd943c5a3/f_85.png,,,,LM,70,71,70,65,70,33,62,Left,181,77,Eredivisie
fm_37041863,Gervane Kastaneer,//img.fminside.net/facesfm26/37041863.png,Curaçao,,https://img.fminside.net/flag-svg/cw.svg,Terengganu,135368,//img.fminside.net/logos/Men/Clubs/Normal/135368.png,AML,64,65,64,50,64,27,64,Right,189,84,Super League
fm_37078348,Jeremy Antonisse,//img.fminside.net/facesfm26/37078348.png,Curaçao,,https://img.fminside.net/flag-svg/cw.svg,Kifisia,36077318,//img.fminside.net/logos/Men/Clubs/Normal/36077318.png,AML,60,73,60,54,60,32,59,Right,184,79,Super League
fm_37070212,Jearl Margaritha,//img.fminside.net/facesfm26/37070212.png,Curaçao,,https://img.fminside.net/flag-svg/cw.svg,SK Beveren,539089,//img.fminside.net/logos/Men/Clubs/Normal/539089.png,AMR,59,78,59,55,59,25,42,Right,181,76,Proximus League
fm_37019516,Jürgen Locadia,//img.fminside.net/facesfm26/37019516.png,Curaçao,,https://img.fminside.net/flag-svg/cw.svg,Miami FC,20040608,//img.fminside.net/logos/Men/Clubs/Normal/20040608.png,AML,61,65,61,50,61,30,67,Right,185,80,USLC Eastern Conference
254752,Sontje Hansen,https://ratings-images-prod.pulse.ea.com/FC25/full/player-portraits/p254752.png?padding=0.7,Curaçao,34,https://drop-assets.ea.com/images/7LmdSUm2Ge4fzqcz0NElvq/d272142c80713dcf0e5ec0a47232aeee/f_34.png,https://drop-assets.ea.com/images/6dWJ6rMR0DkZhJDw8C0Eux/b45a8d4c9479c72c45c3d801d29c8f26/l12.png,https://drop-assets.ea.com/images/6dWJ6rMR0DkZhJDw8C0Eux/b45a8d4c9479c72c45c3d801d29c8f26/l12.png,https://drop-assets.ea.com/images/6dWJ6rMR0DkZhJDw8C0Eux/b45a8d4c9479c72c45c3d801d29c8f26/l12.png,LM,72,87,72,62,72,29,57,Right,173,69,EFL Championship
233510,Tahith Chong,https://ratings-images-prod.pulse.ea.com/FC25/full/player-portraits/p233510.png?padding=0.7,Curaçao,85,https://drop-assets.ea.com/images/2odRGVAk3KGQ0iMduOe1Ut/fd21d1a252b019a9632fa64dd943c5a3/f_85.png,https://drop-assets.ea.com/images/3QhayzKjMV2yOdihydTnVZ/c272cce245fae380f220f4c9cca689f1/l1794.png,https://drop-assets.ea.com/images/3QhayzKjMV2yOdihydTnVZ/c272cce245fae380f220f4c9cca689f1/l1794.png,https://drop-assets.ea.com/images/3QhayzKjMV2yOdihydTnVZ/c272cce245fae380f220f4c9cca689f1/l1794.png,CAM,73,77,73,70,73,54,63,Left,185,75,EFL Championship
167495,Manuel Neuer,https://ratings-images-prod.pulse.ea.com/FC25/full/player-portraits/p167495.png?padding=0.7,Germany,21,https://drop-assets.ea.com/images/6IIMMGk0Uj1rcZ6DSHTpLL/93f95b602dc62594104f418c8f80ebb3/f_21.png,https://drop-assets.ea.com/images/3p0dv1pGWIH6lGAKZssZKH/4f70d2c5a3c147f3e006c863e85e4993/l21.png,https://drop-assets.ea.com/images/3p0dv1pGWIH6lGAKZssZKH/4f70d2c5a3c147f3e006c863e85e4993/l21.png,https://drop-assets.ea.com/images/3p0dv1pGWIH6lGAKZssZKH/4f70d2c5a3c147f3e006c863e85e4993/l21.png,GK,81,81,81,90,81,31,86,Right,193,93,Bundesliga
205452,Antonio Rüdiger,https://ratings-images-prod.pulse.ea.com/FC25/full/player-portraits/p205452.png?padding=0.7,Germany,21,https://drop-assets.ea.com/images/6IIMMGk0Uj1rcZ6DSHTpLL/93f95b602dc62594104f418c8f80ebb3/f_21.png,https://drop-assets.ea.com/images/Pk8nYrWuRt895RlhJx8jI/445d98b711f413a3a1e70c41b19b0f95/l243.png,https://drop-assets.ea.com/images/Pk8nYrWuRt895RlhJx8jI/445d98b711f413a3a1e70c41b19b0f95/l243.png,https://drop-assets.ea.com/images/Pk8nYrWuRt895RlhJx8jI/445d98b711f413a3a1e70c41b19b0f95/l243.png,CB,70,79,70,72,70,84,86,Right,190,85,LALIGA EA SPORTS
229476,Waldemar Anton,https://ratings-images-prod.pulse.ea.com/FC25/full/player-portraits/p229476.png?padding=0.7,Germany,21,https://drop-assets.ea.com/images/6IIMMGk0Uj1rcZ6DSHTpLL/93f95b602dc62594104f418c8f80ebb3/f_21.png,https://drop-assets.ea.com/images/TmqxUZk2FrbFXOK1kdE89/3dce225926ac7cfd9f283ecd731fa710/l22.png,https://drop-assets.ea.com/images/TmqxUZk2FrbFXOK1kdE89/3dce225926ac7cfd9f283ecd731fa710/l22.png,https://drop-assets.ea.com/images/TmqxUZk2FrbFXOK1kdE89/3dce225926ac7cfd9f283ecd731fa710/l22.png,CB,66,69,66,67,66,84,84,Right,189,86,Bundesliga
213331,Jonathan Tah,https://ratings-images-prod.pulse.ea.com/FC25/full/player-portraits/p213331.png?padding=0.7,Germany,21,https://drop-assets.ea.com/images/6IIMMGk0Uj1rcZ6DSHTpLL/93f95b602dc62594104f418c8f80ebb3/f_21.png,https://drop-assets.ea.com/images/3p0dv1pGWIH6lGAKZssZKH/4f70d2c5a3c147f3e006c863e85e4993/l21.png,https://drop-assets.ea.com/images/3p0dv1pGWIH6lGAKZssZKH/4f70d2c5a3c147f3e006c863e85e4993/l21.png,https://drop-assets.ea.com/images/3p0dv1pGWIH6lGAKZssZKH/4f70d2c5a3c147f3e006c863e85e4993/l21.png,CB,63,63,63,60,63,87,86,Right,195,94,Bundesliga
275298,Aleksandar Pavlović,https://ratings-images-prod.pulse.ea.com/FC25/full/player-portraits/p275298.png?padding=0.7,Germany,21,https://drop-assets.ea.com/images/6IIMMGk0Uj1rcZ6DSHTpLL/93f95b602dc62594104f418c8f80ebb3/f_21.png,https://drop-assets.ea.com/images/3p0dv1pGWIH6lGAKZssZKH/4f70d2c5a3c147f3e006c863e85e4993/l21.png,https://drop-assets.ea.com/images/3p0dv1pGWIH6lGAKZssZKH/4f70d2c5a3c147f3e006c863e85e4993/l21.png,https://drop-assets.ea.com/images/3p0dv1pGWIH6lGAKZssZKH/4f70d2c5a3c147f3e006c863e85e4993/l21.png,CDM,78,62,78,79,78,76,71,Right,188,75,Bundesliga
212622,Joshua Kimmich,https://ratings-images-prod.pulse.ea.com/FC25/full/player-portraits/p212622.png?padding=0.7,Germany,21,https://drop-assets.ea.com/images/6IIMMGk0Uj1rcZ6DSHTpLL/93f95b602dc62594104f418c8f80ebb3/f_21.png,https://drop-assets.ea.com/images/3p0dv1pGWIH6lGAKZssZKH/4f70d2c5a3c147f3e006c863e85e4993/l21.png,https://drop-assets.ea.com/images/3p0dv1pGWIH6lGAKZssZKH/4f70d2c5a3c147f3e006c863e85e4993/l21.png,https://drop-assets.ea.com/images/3p0dv1pGWIH6lGAKZssZKH/4f70d2c5a3c147f3e006c863e85e4993/l21.png,CDM,84,72,84,89,84,83,79,Right,177,75,Bundesliga
235790,Kai Havertz,https://ratings-images-prod.pulse.ea.com/FC25/full/player-portraits/p235790.png?padding=0.7,Germany,21,https://drop-assets.ea.com/images/6IIMMGk0Uj1rcZ6DSHTpLL/93f95b602dc62594104f418c8f80ebb3/f_21.png,https://drop-assets.ea.com/images/2ng99bvkwKaA228PJje39i/09d2df89a78377d3f8d3f78469cbadc9/l1.png,https://drop-assets.ea.com/images/2ng99bvkwKaA228PJje39i/09d2df89a78377d3f8d3f78469cbadc9/l1.png,https://drop-assets.ea.com/images/2ng99bvkwKaA228PJje39i/09d2df89a78377d3f8d3f78469cbadc9/l1.png,ST,81,72,81,78,81,48,74,Left,193,82,Premier League
209658,Leon Goretzka,https://ratings-images-prod.pulse.ea.com/FC25/full/player-portraits/p209658.png?padding=0.7,Germany,21,https://drop-assets.ea.com/images/6IIMMGk0Uj1rcZ6DSHTpLL/93f95b602dc62594104f418c8f80ebb3/f_21.png,https://drop-assets.ea.com/images/3p0dv1pGWIH6lGAKZssZKH/4f70d2c5a3c147f3e006c863e85e4993/l21.png,https://drop-assets.ea.com/images/3p0dv1pGWIH6lGAKZssZKH/4f70d2c5a3c147f3e006c863e85e4993/l21.png,https://drop-assets.ea.com/images/3p0dv1pGWIH6lGAKZssZKH/4f70d2c5a3c147f3e006c863e85e4993/l21.png,CM,80,77,80,80,80,80,82,Right,189,82,Bundesliga
252448,Jamie Leweling,https://ratings-images-prod.pulse.ea.com/FC25/full/player-portraits/p252448.png?padding=0.7,Germany,21,https://drop-assets.ea.com/images/6IIMMGk0Uj1rcZ6DSHTpLL/93f95b602dc62594104f418c8f80ebb3/f_21.png,https://drop-assets.ea.com/images/5kfh9LrPvDQKbQNF6k7CSF/9a70e7082aaba3b46ea8bd1e699f62de/l36.png,https://drop-assets.ea.com/images/5kfh9LrPvDQKbQNF6k7CSF/9a70e7082aaba3b46ea8bd1e699f62de/l36.png,https://drop-assets.ea.com/images/5kfh9LrPvDQKbQNF6k7CSF/9a70e7082aaba3b46ea8bd1e699f62de/l36.png,RM,78,83,78,65,78,46,72,Right,185,86,Bundesliga
256790,Jamal Musiala,https://ratings-images-prod.pulse.ea.com/FC25/full/player-portraits/p256790.png?padding=0.7,Germany,21,https://drop-assets.ea.com/images/6IIMMGk0Uj1rcZ6DSHTpLL/93f95b602dc62594104f418c8f80ebb3/f_21.png,https://drop-assets.ea.com/images/3p0dv1pGWIH6lGAKZssZKH/4f70d2c5a3c147f3e006c863e85e4993/l21.png,https://drop-assets.ea.com/images/3p0dv1pGWIH6lGAKZssZKH/4f70d2c5a3c147f3e006c863e85e4993/l21.png,https://drop-assets.ea.com/images/3p0dv1pGWIH6lGAKZssZKH/4f70d2c5a3c147f3e006c863e85e4993/l21.png,CAM,90,80,90,80,90,66,65,Right,184,72,Bundesliga
254022,Nick Woltemade,https://ratings-images-prod.pulse.ea.com/FC25/full/player-portraits/p254022.png?padding=0.7,Germany,21,https://drop-assets.ea.com/images/6IIMMGk0Uj1rcZ6DSHTpLL/93f95b602dc62594104f418c8f80ebb3/f_21.png,https://drop-assets.ea.com/images/69fXoaX4p9zFwKaZYoNtNX/14d86649a9b5a3f7e876cc3d46357b5d/l13.png,https://drop-assets.ea.com/images/69fXoaX4p9zFwKaZYoNtNX/14d86649a9b5a3f7e876cc3d46357b5d/l13.png,https://drop-assets.ea.com/images/69fXoaX4p9zFwKaZYoNtNX/14d86649a9b5a3f7e876cc3d46357b5d/l13.png,ST,79,67,79,65,79,41,74,Right,199,90,Premier League
193698,Oliver Baumann,https://ratings-images-prod.pulse.ea.com/FC25/full/player-portraits/p193698.png?padding=0.7,Germany,21,https://drop-assets.ea.com/images/6IIMMGk0Uj1rcZ6DSHTpLL/93f95b602dc62594104f418c8f80ebb3/f_21.png,https://drop-assets.ea.com/images/1ylwMQ1ia5SGcXYoIKhtdK/b24a8fed6fb30e01ea3fd15184b0046c/l10029.png,https://drop-assets.ea.com/images/1ylwMQ1ia5SGcXYoIKhtdK/b24a8fed6fb30e01ea3fd15184b0046c/l10029.png,https://drop-assets.ea.com/images/1ylwMQ1ia5SGcXYoIKhtdK/b24a8fed6fb30e01ea3fd15184b0046c/l10029.png,GK,83,83,83,78,83,39,80,Right,187,82,Bundesliga
190765,Pascal Groß,https://ratings-images-prod.pulse.ea.com/FC25/full/player-portraits/p190765.png?padding=0.7,Germany,21,https://drop-assets.ea.com/images/6IIMMGk0Uj1rcZ6DSHTpLL/93f95b602dc62594104f418c8f80ebb3/f_21.png,https://drop-assets.ea.com/images/TmqxUZk2FrbFXOK1kdE89/3dce225926ac7cfd9f283ecd731fa710/l22.png,https://drop-assets.ea.com/images/TmqxUZk2FrbFXOK1kdE89/3dce225926ac7cfd9f283ecd731fa710/l22.png,https://drop-assets.ea.com/images/TmqxUZk2FrbFXOK1kdE89/3dce225926ac7cfd9f283ecd731fa710/l22.png,CDM,79,48,79,84,79,72,76,Right,181,78,Bundesliga
254117,Maximilian Beier,https://ratings-images-prod.pulse.ea.com/FC25/full/player-portraits/p254117.png?padding=0.7,Germany,21,https://drop-assets.ea.com/images/6IIMMGk0Uj1rcZ6DSHTpLL/93f95b602dc62594104f418c8f80ebb3/f_21.png,https://drop-assets.ea.com/images/TmqxUZk2FrbFXOK1kdE89/3dce225926ac7cfd9f283ecd731fa710/l22.png,https://drop-assets.ea.com/images/TmqxUZk2FrbFXOK1kdE89/3dce225926ac7cfd9f283ecd731fa710/l22.png,https://drop-assets.ea.com/images/TmqxUZk2FrbFXOK1kdE89/3dce225926ac7cfd9f283ecd731fa710/l22.png,ST,80,86,80,68,80,43,62,Right,185,72,Bundesliga
247819,Nico Schlotterbeck,https://ratings-images-prod.pulse.ea.com/FC25/full/player-portraits/p247819.png?padding=0.7,Germany,21,https://drop-assets.ea.com/images/6IIMMGk0Uj1rcZ6DSHTpLL/93f95b602dc62594104f418c8f80ebb3/f_21.png,https://drop-assets.ea.com/images/TmqxUZk2FrbFXOK1kdE89/3dce225926ac7cfd9f283ecd731fa710/l22.png,https://drop-assets.ea.com/images/TmqxUZk2FrbFXOK1kdE89/3dce225926ac7cfd9f283ecd731fa710/l22.png,https://drop-assets.ea.com/images/TmqxUZk2FrbFXOK1kdE89/3dce225926ac7cfd9f283ecd731fa710/l22.png,CB,73,74,73,75,73,85,82,Left,191,86,Bundesliga
250959,Angelo Stiller,https://ratings-images-prod.pulse.ea.com/FC25/full/player-portraits/p250959.png?padding=0.7,Germany,21,https://drop-assets.ea.com/images/6IIMMGk0Uj1rcZ6DSHTpLL/93f95b602dc62594104f418c8f80ebb3/f_21.png,https://drop-assets.ea.com/images/5kfh9LrPvDQKbQNF6k7CSF/9a70e7082aaba3b46ea8bd1e699f62de/l36.png,https://drop-assets.ea.com/images/5kfh9LrPvDQKbQNF6k7CSF/9a70e7082aaba3b46ea8bd1e699f62de/l36.png,https://drop-assets.ea.com/images/5kfh9LrPvDQKbQNF6k7CSF/9a70e7082aaba3b46ea8bd1e699f62de/l36.png,CDM,84,56,84,83,84,76,71,Left,183,77,Bundesliga
256630,Florian Wirtz,https://ratings-images-prod.pulse.ea.com/FC25/full/player-portraits/p256630.png?padding=0.7,Germany,21,https://drop-assets.ea.com/images/6IIMMGk0Uj1rcZ6DSHTpLL/93f95b602dc62594104f418c8f80ebb3/f_21.png,https://drop-assets.ea.com/images/3mmzooNXBDCKuCy6kWcGQo/2e332a30fe2a7225a88fcb1898f48bbf/l9.png,https://drop-assets.ea.com/images/3mmzooNXBDCKuCy6kWcGQo/2e332a30fe2a7225a88fcb1898f48bbf/l9.png,https://drop-assets.ea.com/images/3mmzooNXBDCKuCy6kWcGQo/2e332a30fe2a7225a88fcb1898f48bbf/l9.png,CAM,90,80,90,88,90,54,67,Right,177,71,Premier League
269701,Nathaniel Brown,https://ratings-images-prod.pulse.ea.com/FC25/full/player-portraits/p269701.png?padding=0.7,Germany,21,https://drop-assets.ea.com/images/6IIMMGk0Uj1rcZ6DSHTpLL/93f95b602dc62594104f418c8f80ebb3/f_21.png,https://drop-assets.ea.com/images/3KK76lJIZtlRnPaAgbD85V/5614e02825eb0ed03b69a9d078e40db9/l1824.png,https://drop-assets.ea.com/images/3KK76lJIZtlRnPaAgbD85V/5614e02825eb0ed03b69a9d078e40db9/l1824.png,https://drop-assets.ea.com/images/3KK76lJIZtlRnPaAgbD85V/5614e02825eb0ed03b69a9d078e40db9/l1824.png,LB,77,83,77,71,77,71,51,Left,180,64,Bundesliga
222492,Leroy Sané,https://ratings-images-prod.pulse.ea.com/FC25/full/player-portraits/p222492.png?padding=0.7,Germany,21,https://drop-assets.ea.com/images/6IIMMGk0Uj1rcZ6DSHTpLL/93f95b602dc62594104f418c8f80ebb3/f_21.png,https://drop-assets.ea.com/images/6P5sN0m3ZRE23vjlT8gh5q/f7f9acf3a7be5ea12f889d93dbdfd48f/l325.png,https://drop-assets.ea.com/images/6P5sN0m3ZRE23vjlT8gh5q/f7f9acf3a7be5ea12f889d93dbdfd48f/l325.png,https://drop-assets.ea.com/images/6P5sN0m3ZRE23vjlT8gh5q/f7f9acf3a7be5ea12f889d93dbdfd48f/l325.png,RM,85,87,85,78,85,37,68,Left,183,80,Trendyol Süper Lig
225309,Nadiem Amiri,https://ratings-images-prod.pulse.ea.com/FC25/full/player-portraits/p225309.png?padding=0.7,Germany,21,https://drop-assets.ea.com/images/6IIMMGk0Uj1rcZ6DSHTpLL/93f95b602dc62594104f418c8f80ebb3/f_21.png,https://drop-assets.ea.com/images/4QO9B5tBI7mcWhzDDO3b6N/f70a1fd45fb4a6dd80ceea61a3e91c4d/l169.png,https://drop-assets.ea.com/images/4QO9B5tBI7mcWhzDDO3b6N/f70a1fd45fb4a6dd80ceea61a3e91c4d/l169.png,https://drop-assets.ea.com/images/4QO9B5tBI7mcWhzDDO3b6N/f70a1fd45fb4a6dd80ceea61a3e91c4d/l169.png,CM,82,65,82,82,82,62,72,Right,180,76,Bundesliga
223885,Alexander Nübel,https://ratings-images-prod.pulse.ea.com/FC25/full/player-portraits/p223885.png?padding=0.7,Germany,21,https://drop-assets.ea.com/images/6IIMMGk0Uj1rcZ6DSHTpLL/93f95b602dc62594104f418c8f80ebb3/f_21.png,https://drop-assets.ea.com/images/5kfh9LrPvDQKbQNF6k7CSF/9a70e7082aaba3b46ea8bd1e699f62de/l36.png,https://drop-assets.ea.com/images/5kfh9LrPvDQKbQNF6k7CSF/9a70e7082aaba3b46ea8bd1e699f62de/l36.png,https://drop-assets.ea.com/images/5kfh9LrPvDQKbQNF6k7CSF/9a70e7082aaba3b46ea8bd1e699f62de/l36.png,GK,82,81,82,84,82,48,78,Right,193,86,Bundesliga
236703,David Raum,https://ratings-images-prod.pulse.ea.com/FC25/full/player-portraits/p236703.png?padding=0.7,Germany,21,https://drop-assets.ea.com/images/6IIMMGk0Uj1rcZ6DSHTpLL/93f95b602dc62594104f418c8f80ebb3/f_21.png,https://drop-assets.ea.com/images/1EoW6b2VkhiP3S0vqikd9s/f181f899a2037360f70a9a8aba18af30/l112172.png,https://drop-assets.ea.com/images/1EoW6b2VkhiP3S0vqikd9s/f181f899a2037360f70a9a8aba18af30/l112172.png,https://drop-assets.ea.com/images/1EoW6b2VkhiP3S0vqikd9s/f181f899a2037360f70a9a8aba18af30/l112172.png,LB,79,86,79,80,79,74,78,Left,181,83,Bundesliga
246863,Felix Nmecha,https://ratings-images-prod.pulse.ea.com/FC25/full/player-portraits/p246863.png?padding=0.7,Germany,21,https://drop-assets.ea.com/images/6IIMMGk0Uj1rcZ6DSHTpLL/93f95b602dc62594104f418c8f80ebb3/f_21.png,https://drop-assets.ea.com/images/TmqxUZk2FrbFXOK1kdE89/3dce225926ac7cfd9f283ecd731fa710/l22.png,https://drop-assets.ea.com/images/TmqxUZk2FrbFXOK1kdE89/3dce225926ac7cfd9f283ecd731fa710/l22.png,https://drop-assets.ea.com/images/TmqxUZk2FrbFXOK1kdE89/3dce225926ac7cfd9f283ecd731fa710/l22.png,CDM,81,82,81,73,81,80,86,Right,194,80,Bundesliga
256261,Malick Thiaw,https://ratings-images-prod.pulse.ea.com/FC25/full/player-portraits/p256261.png?padding=0.7,Germany,21,https://drop-assets.ea.com/images/6IIMMGk0Uj1rcZ6DSHTpLL/93f95b602dc62594104f418c8f80ebb3/f_21.png,https://drop-assets.ea.com/images/69fXoaX4p9zFwKaZYoNtNX/14d86649a9b5a3f7e876cc3d46357b5d/l13.png,https://drop-assets.ea.com/images/69fXoaX4p9zFwKaZYoNtNX/14d86649a9b5a3f7e876cc3d46357b5d/l13.png,https://drop-assets.ea.com/images/69fXoaX4p9zFwKaZYoNtNX/14d86649a9b5a3f7e876cc3d46357b5d/l13.png,CB,72,72,72,69,72,78,80,Right,194,89,Premier League
78063,Lennart Karl,https://ratings-images-prod.pulse.ea.com/FC25/full/player-portraits/p78063.png?padding=0.7,Germany,21,https://drop-assets.ea.com/images/6IIMMGk0Uj1rcZ6DSHTpLL/93f95b602dc62594104f418c8f80ebb3/f_21.png,https://drop-assets.ea.com/images/3p0dv1pGWIH6lGAKZssZKH/4f70d2c5a3c147f3e006c863e85e4993/l21.png,https://drop-assets.ea.com/images/3p0dv1pGWIH6lGAKZssZKH/4f70d2c5a3c147f3e006c863e85e4993/l21.png,https://drop-assets.ea.com/images/3p0dv1pGWIH6lGAKZssZKH/4f70d2c5a3c147f3e006c863e85e4993/l21.png,CAM,69,69,69,60,69,34,37,Left,168,67,Bundesliga
244176,Deniz Undav,https://ratings-images-prod.pulse.ea.com/FC25/full/player-portraits/p244176.png?padding=0.7,Germany,21,https://drop-assets.ea.com/images/6IIMMGk0Uj1rcZ6DSHTpLL/93f95b602dc62594104f418c8f80ebb3/f_21.png,https://drop-assets.ea.com/images/5kfh9LrPvDQKbQNF6k7CSF/9a70e7082aaba3b46ea8bd1e699f62de/l36.png,https://drop-assets.ea.com/images/5kfh9LrPvDQKbQNF6k7CSF/9a70e7082aaba3b46ea8bd1e699f62de/l36.png,https://drop-assets.ea.com/images/5kfh9LrPvDQKbQNF6k7CSF/9a70e7082aaba3b46ea8bd1e699f62de/l36.png,ST,80,66,80,74,80,33,77,Right,179,86,Bundesliga
242179,Yahia Fofana,https://ratings-images-prod.pulse.ea.com/FC25/full/player-portraits/p242179.png?padding=0.7,Ivory Coast,108,https://drop-assets.ea.com/images/6WOgIUFG0fMJWcKjih5i3K/8d09758d91059b879a2e5521f8d7e616/f_108.png,https://drop-assets.ea.com/images/7n0Ea6O0YO0jCvir4aAuJ5/0eac5bb7245d7c5ba20fa62a773f4cee/l101037.png,https://drop-assets.ea.com/images/7n0Ea6O0YO0jCvir4aAuJ5/0eac5bb7245d7c5ba20fa62a773f4cee/l101037.png,https://drop-assets.ea.com/images/7n0Ea6O0YO0jCvir4aAuJ5/0eac5bb7245d7c5ba20fa62a773f4cee/l101037.png,GK,79,78,79,70,79,41,74,Right,194,89,Trendyol Süper Lig
231691,Alban Lafont,https://ratings-images-prod.pulse.ea.com/FC25/full/player-portraits/p231691.png?padding=0.7,Ivory Coast,108,https://drop-assets.ea.com/images/6WOgIUFG0fMJWcKjih5i3K/8d09758d91059b879a2e5521f8d7e616/f_108.png,https://drop-assets.ea.com/images/zBYvcvWRAiK0eUY0XmU05/eebc4858ed03bb676b80ce8b9cef6919/l1884.png,https://drop-assets.ea.com/images/zBYvcvWRAiK0eUY0XmU05/eebc4858ed03bb676b80ce8b9cef6919/l1884.png,https://drop-assets.ea.com/images/zBYvcvWRAiK0eUY0XmU05/eebc4858ed03bb676b80ce8b9cef6919/l1884.png,GK,81,71,81,69,81,47,76,Right,196,90,Hellas Liga
263922,Mohamed Koné,https://ratings-images-prod.pulse.ea.com/FC25/full/player-portraits/p263922.png?padding=0.7,Ivory Coast,108,https://drop-assets.ea.com/images/6WOgIUFG0fMJWcKjih5i3K/8d09758d91059b879a2e5521f8d7e616/f_108.png,https://drop-assets.ea.com/images/7MZjUJqGtBBMgTBoalpeXO/0553e80b7ecd320e3ec0bba523e3757c/l670.png,https://drop-assets.ea.com/images/7MZjUJqGtBBMgTBoalpeXO/0553e80b7ecd320e3ec0bba523e3757c/l670.png,https://drop-assets.ea.com/images/7MZjUJqGtBBMgTBoalpeXO/0553e80b7ecd320e3ec0bba523e3757c/l670.png,GK,70,68,70,64,70,31,64,Right,186,78,1A Pro League
235634,Ghislain Konan,https://ratings-images-prod.pulse.ea.com/FC25/full/player-portraits/p235634.png?padding=0.7,Ivory Coast,108,https://drop-assets.ea.com/images/6WOgIUFG0fMJWcKjih5i3K/8d09758d91059b879a2e5521f8d7e616/f_108.png,https://drop-assets.ea.com/images/4NrTKZNrTGTxLhe8oMuhxP/a8334000a30c120b5387f8dbe0322574/l1888.png,https://drop-assets.ea.com/images/4NrTKZNrTGTxLhe8oMuhxP/a8334000a30c120b5387f8dbe0322574/l1888.png,https://drop-assets.ea.com/images/4NrTKZNrTGTxLhe8oMuhxP/a8334000a30c120b5387f8dbe0322574/l1888.png,LB,70,79,70,66,70,68,74,Left,176,71,Liga Portugal
246875,Odilon Kossounou,https://ratings-images-prod.pulse.ea.com/FC25/full/player-portraits/p246875.png?padding=0.7,Ivory Coast,108,https://drop-assets.ea.com/images/6WOgIUFG0fMJWcKjih5i3K/8d09758d91059b879a2e5521f8d7e616/f_108.png,https://drop-assets.ea.com/images/19gWEcyonp2fvk02MNHZOA/83b82283fc62f7010b529a53a0724eee/l115845.png,https://drop-assets.ea.com/images/19gWEcyonp2fvk02MNHZOA/83b82283fc62f7010b529a53a0724eee/l115845.png,https://drop-assets.ea.com/images/19gWEcyonp2fvk02MNHZOA/83b82283fc62f7010b529a53a0724eee/l115845.png,CB,67,80,67,64,67,81,78,Right,191,82,Serie A Enilive
252802,Wilfried Singo,https://ratings-images-prod.pulse.ea.com/FC25/full/player-portraits/p252802.png?padding=0.7,Ivory Coast,108,https://drop-assets.ea.com/images/6WOgIUFG0fMJWcKjih5i3K/8d09758d91059b879a2e5521f8d7e616/f_108.png,https://drop-assets.ea.com/images/6P5sN0m3ZRE23vjlT8gh5q/f7f9acf3a7be5ea12f889d93dbdfd48f/l325.png,https://drop-assets.ea.com/images/6P5sN0m3ZRE23vjlT8gh5q/f7f9acf3a7be5ea12f889d93dbdfd48f/l325.png,https://drop-assets.ea.com/images/6P5sN0m3ZRE23vjlT8gh5q/f7f9acf3a7be5ea12f889d93dbdfd48f/l325.png,CB,73,80,73,70,73,79,84,Right,190,79,Trendyol Süper Lig
236403,Evan Ndicka,https://ratings-images-prod.pulse.ea.com/FC25/full/player-portraits/p236403.png?padding=0.7,Ivory Coast,108,https://drop-assets.ea.com/images/6WOgIUFG0fMJWcKjih5i3K/8d09758d91059b879a2e5521f8d7e616/f_108.png,https://drop-assets.ea.com/images/2ruQP0TDYcCmtVFKr9qMBI/5f53795056598b1faac31300900b8671/l52.png,https://drop-assets.ea.com/images/2ruQP0TDYcCmtVFKr9qMBI/5f53795056598b1faac31300900b8671/l52.png,https://drop-assets.ea.com/images/2ruQP0TDYcCmtVFKr9qMBI/5f53795056598b1faac31300900b8671/l52.png,CB,69,74,69,69,69,81,82,Left,192,82,Serie A Enilive
258575,Emmanuel Agbadou,https://ratings-images-prod.pulse.ea.com/FC25/full/player-portraits/p258575.png?padding=0.7,Ivory Coast,108,https://drop-assets.ea.com/images/6WOgIUFG0fMJWcKjih5i3K/8d09758d91059b879a2e5521f8d7e616/f_108.png,https://drop-assets.ea.com/images/3DIKyPF6XcAgIrI3Wv0UBo/4b26ac5525105f84de13860ebe177633/l110.png,https://drop-assets.ea.com/images/3DIKyPF6XcAgIrI3Wv0UBo/4b26ac5525105f84de13860ebe177633/l110.png,https://drop-assets.ea.com/images/3DIKyPF6XcAgIrI3Wv0UBo/4b26ac5525105f84de13860ebe177633/l110.png,CB,66,80,66,63,66,78,83,Right,192,86,Premier League
275208,Guéla Doué,https://ratings-images-prod.pulse.ea.com/FC25/full/player-portraits/p275208.png?padding=0.7,Ivory Coast,108,https://drop-assets.ea.com/images/6WOgIUFG0fMJWcKjih5i3K/8d09758d91059b879a2e5521f8d7e616/f_108.png,https://drop-assets.ea.com/images/5ujpJkozlZbo3FNV0Fi84H/d39ffa173bd150d5f10bcfe3392abe54/l76.png,https://drop-assets.ea.com/images/5ujpJkozlZbo3FNV0Fi84H/d39ffa173bd150d5f10bcfe3392abe54/l76.png,https://drop-assets.ea.com/images/5ujpJkozlZbo3FNV0Fi84H/d39ffa173bd150d5f10bcfe3392abe54/l76.png,RB,72,72,72,70,72,74,78,Right,187,84,Ligue 1 McDonald's
270531,Ousmane Diomande,https://ratings-images-prod.pulse.ea.com/FC25/full/player-portraits/p270531.png?padding=0.7,Ivory Coast,108,https://drop-assets.ea.com/images/6WOgIUFG0fMJWcKjih5i3K/8d09758d91059b879a2e5521f8d7e616/f_108.png,https://drop-assets.ea.com/images/2bL9oGApMvbYE1o0Byl8KB/c914cde8141f11124f026cb198a0eb00/l237.png,https://drop-assets.ea.com/images/2bL9oGApMvbYE1o0Byl8KB/c914cde8141f11124f026cb198a0eb00/l237.png,https://drop-assets.ea.com/images/2bL9oGApMvbYE1o0Byl8KB/c914cde8141f11124f026cb198a0eb00/l237.png,CB,70,80,70,51,70,79,86,Right,190,93,Liga Portugal
230938,Franck Kessié,https://ratings-images-prod.pulse.ea.com/FC25/full/player-portraits/p230938.png?padding=0.7,Ivory Coast,108,https://drop-assets.ea.com/images/6WOgIUFG0fMJWcKjih5i3K/8d09758d91059b879a2e5521f8d7e616/f_108.png,https://drop-assets.ea.com/images/3lVk0osL7o6YMhHuK4YYD6/5e106847b59ce2a4f0bfb55988d812c3/l112387.png,https://drop-assets.ea.com/images/3lVk0osL7o6YMhHuK4YYD6/5e106847b59ce2a4f0bfb55988d812c3/l112387.png,https://drop-assets.ea.com/images/3lVk0osL7o6YMhHuK4YYD6/5e106847b59ce2a4f0bfb55988d812c3/l112387.png,CDM,78,78,78,73,78,78,86,Right,183,74,ROSHN Saudi League
fm_12021720,Jean Michaël Seri,//img.fminside.net/facesfm26/12021720.png,Ivory Coast,,https://img.fminside.net/flag-svg/ci.svg,Maribor,1629,//img.fminside.net/logos/Men/Clubs/Normal/1629.png,DM,68,48,68,67,68,44,42,Right,168,63,1. SNL
235173,Ibrahim Sangaré,https://ratings-images-prod.pulse.ea.com/FC25/full/player-portraits/p235173.png?padding=0.7,Ivory Coast,108,https://drop-assets.ea.com/images/6WOgIUFG0fMJWcKjih5i3K/8d09758d91059b879a2e5521f8d7e616/f_108.png,https://drop-assets.ea.com/images/60CgBQCMt7Dtcjip9xUxg8/5fa49387c380bf4772138b215ef4fd85/l14.png,https://drop-assets.ea.com/images/60CgBQCMt7Dtcjip9xUxg8/5fa49387c380bf4772138b215ef4fd85/l14.png,https://drop-assets.ea.com/images/60CgBQCMt7Dtcjip9xUxg8/5fa49387c380bf4772138b215ef4fd85/l14.png,CDM,71,58,71,72,71,77,79,Right,191,77,Premier League
216320,Seko Fofana,https://ratings-images-prod.pulse.ea.com/FC25/full/player-portraits/p216320.png?padding=0.7,Ivory Coast,108,https://drop-assets.ea.com/images/6WOgIUFG0fMJWcKjih5i3K/8d09758d91059b879a2e5521f8d7e616/f_108.png,https://drop-assets.ea.com/images/7CHlTnryGZyOatI2WOFXiP/def56f5b08c456e671d09d3a47cc327b/l74.png,https://drop-assets.ea.com/images/7CHlTnryGZyOatI2WOFXiP/def56f5b08c456e671d09d3a47cc327b/l74.png,https://drop-assets.ea.com/images/7CHlTnryGZyOatI2WOFXiP/def56f5b08c456e671d09d3a47cc327b/l74.png,CM,76,68,76,74,76,71,80,Right,185,74,Ligue 1 McDonald's
74735,Christ Inao Oulaï,https://ratings-images-prod.pulse.ea.com/FC25/full/player-portraits/p74735.png?padding=0.7,Ivory Coast,108,https://drop-assets.ea.com/images/6WOgIUFG0fMJWcKjih5i3K/8d09758d91059b879a2e5521f8d7e616/f_108.png,https://drop-assets.ea.com/images/3AF1UCNvLwZs5kapbWuCk9/e1cebee09f0953e5653311d5a29365ee/l436.png,https://drop-assets.ea.com/images/3AF1UCNvLwZs5kapbWuCk9/e1cebee09f0953e5653311d5a29365ee/l436.png,https://drop-assets.ea.com/images/3AF1UCNvLwZs5kapbWuCk9/e1cebee09f0953e5653311d5a29365ee/l436.png,CAM,69,74,69,61,69,58,49,Right,173,63,Trendyol Süper Lig
277975,Parfait Guiagon,https://ratings-images-prod.pulse.ea.com/FC25/full/player-portraits/p277975.png?padding=0.7,Ivory Coast,108,https://drop-assets.ea.com/images/6WOgIUFG0fMJWcKjih5i3K/8d09758d91059b879a2e5521f8d7e616/f_108.png,https://drop-assets.ea.com/images/7MZjUJqGtBBMgTBoalpeXO/0553e80b7ecd320e3ec0bba523e3757c/l670.png,https://drop-assets.ea.com/images/7MZjUJqGtBBMgTBoalpeXO/0553e80b7ecd320e3ec0bba523e3757c/l670.png,https://drop-assets.ea.com/images/7MZjUJqGtBBMgTBoalpeXO/0553e80b7ecd320e3ec0bba523e3757c/l670.png,LM,77,72,77,66,77,26,58,Right,169,65,1A Pro League
226110,Nicolas Pépé,https://ratings-images-prod.pulse.ea.com/FC25/full/player-portraits/p226110.png?padding=0.7,Ivory Coast,108,https://drop-assets.ea.com/images/6WOgIUFG0fMJWcKjih5i3K/8d09758d91059b879a2e5521f8d7e616/f_108.png,https://drop-assets.ea.com/images/xvk9pCQTX74mWG8EjcgYU/f631ffd2c7ac06bd43f2547fc44463c4/l483.png,https://drop-assets.ea.com/images/xvk9pCQTX74mWG8EjcgYU/f631ffd2c7ac06bd43f2547fc44463c4/l483.png,https://drop-assets.ea.com/images/xvk9pCQTX74mWG8EjcgYU/f631ffd2c7ac06bd43f2547fc44463c4/l483.png,RM,82,88,82,76,82,36,67,Left,183,73,LALIGA EA SPORTS
277178,Oumar Diakité,https://ratings-images-prod.pulse.ea.com/FC25/full/player-portraits/p277178.png?padding=0.7,Ivory Coast,108,https://drop-assets.ea.com/images/6WOgIUFG0fMJWcKjih5i3K/8d09758d91059b879a2e5521f8d7e616/f_108.png,https://drop-assets.ea.com/images/3B7cR0sHmUUw9m7fliqe2U/50001b0d0a513f9f098cbbcc10638d39/l1750.png,https://drop-assets.ea.com/images/3B7cR0sHmUUw9m7fliqe2U/50001b0d0a513f9f098cbbcc10638d39/l1750.png,https://drop-assets.ea.com/images/3B7cR0sHmUUw9m7fliqe2U/50001b0d0a513f9f098cbbcc10638d39/l1750.png,ST,70,82,70,57,70,21,71,Right,182,75,1A Pro League
260779,Simon Adingra,https://ratings-images-prod.pulse.ea.com/FC25/full/player-portraits/p260779.png?padding=0.7,Ivory Coast,108,https://drop-assets.ea.com/images/6WOgIUFG0fMJWcKjih5i3K/8d09758d91059b879a2e5521f8d7e616/f_108.png,https://drop-assets.ea.com/images/6ja62Iw2LyY8cVrud4aSHi/aa6c15e4a2ceed66f92099108bea9dfa/l106.png,https://drop-assets.ea.com/images/6ja62Iw2LyY8cVrud4aSHi/aa6c15e4a2ceed66f92099108bea9dfa/l106.png,https://drop-assets.ea.com/images/6ja62Iw2LyY8cVrud4aSHi/aa6c15e4a2ceed66f92099108bea9dfa/l106.png,RM,80,87,80,70,80,30,52,Right,175,68,Premier League
258444,Evann Guessand,https://ratings-images-prod.pulse.ea.com/FC25/full/player-portraits/p258444.png?padding=0.7,Ivory Coast,108,https://drop-assets.ea.com/images/6WOgIUFG0fMJWcKjih5i3K/8d09758d91059b879a2e5521f8d7e616/f_108.png,https://drop-assets.ea.com/images/57c0ppYsEA88xL0gxqce8K/99605df97c6a96ea3b6e8a424c217af0/l2.png,https://drop-assets.ea.com/images/57c0ppYsEA88xL0gxqce8K/99605df97c6a96ea3b6e8a424c217af0/l2.png,https://drop-assets.ea.com/images/57c0ppYsEA88xL0gxqce8K/99605df97c6a96ea3b6e8a424c217af0/l2.png,RW,79,83,79,73,79,36,77,Right,188,79,Premier League
254088,Amad Diallo,https://ratings-images-prod.pulse.ea.com/FC25/full/player-portraits/p254088.png?padding=0.7,Ivory Coast,108,https://drop-assets.ea.com/images/6WOgIUFG0fMJWcKjih5i3K/8d09758d91059b879a2e5521f8d7e616/f_108.png,https://drop-assets.ea.com/images/5xxJeUfFY6FEQZEJyJK35/990979becf88b88ecb6461dc441c2ebf/l11.png,https://drop-assets.ea.com/images/5xxJeUfFY6FEQZEJyJK35/990979becf88b88ecb6461dc441c2ebf/l11.png,https://drop-assets.ea.com/images/5xxJeUfFY6FEQZEJyJK35/990979becf88b88ecb6461dc441c2ebf/l11.png,CAM,83,85,83,75,83,54,52,Left,173,67,Premier League
78012,Yan Diomande,https://ratings-images-prod.pulse.ea.com/FC25/full/player-portraits/p78012.png?padding=0.7,Ivory Coast,108,https://drop-assets.ea.com/images/6WOgIUFG0fMJWcKjih5i3K/8d09758d91059b879a2e5521f8d7e616/f_108.png,https://drop-assets.ea.com/images/1EoW6b2VkhiP3S0vqikd9s/f181f899a2037360f70a9a8aba18af30/l112172.png,https://drop-assets.ea.com/images/1EoW6b2VkhiP3S0vqikd9s/f181f899a2037360f70a9a8aba18af30/l112172.png,https://drop-assets.ea.com/images/1EoW6b2VkhiP3S0vqikd9s/f181f899a2037360f70a9a8aba18af30/l112172.png,LM,64,71,64,62,64,25,49,Right,181,77,Bundesliga
71418,Bazoumana Touré,https://ratings-images-prod.pulse.ea.com/FC25/full/player-portraits/p71418.png?padding=0.7,Ivory Coast,108,https://drop-assets.ea.com/images/6WOgIUFG0fMJWcKjih5i3K/8d09758d91059b879a2e5521f8d7e616/f_108.png,https://drop-assets.ea.com/images/1ylwMQ1ia5SGcXYoIKhtdK/b24a8fed6fb30e01ea3fd15184b0046c/l10029.png,https://drop-assets.ea.com/images/1ylwMQ1ia5SGcXYoIKhtdK/b24a8fed6fb30e01ea3fd15184b0046c/l10029.png,https://drop-assets.ea.com/images/1ylwMQ1ia5SGcXYoIKhtdK/b24a8fed6fb30e01ea3fd15184b0046c/l10029.png,LM,71,91,71,62,71,28,51,Left,175,68,Bundesliga
260407,Elye Wahi,https://ratings-images-prod.pulse.ea.com/FC25/full/player-portraits/p260407.png?padding=0.7,Ivory Coast,18,https://drop-assets.ea.com/images/3ECAQzhfgSLWRf9IIHB6G8/7e235a7b2f93c1f73db7f89dc03b3657/f_18.png,https://drop-assets.ea.com/images/3KK76lJIZtlRnPaAgbD85V/5614e02825eb0ed03b69a9d078e40db9/l1824.png,https://drop-assets.ea.com/images/3KK76lJIZtlRnPaAgbD85V/5614e02825eb0ed03b69a9d078e40db9/l1824.png,https://drop-assets.ea.com/images/3KK76lJIZtlRnPaAgbD85V/5614e02825eb0ed03b69a9d078e40db9/l1824.png,ST,77,84,77,67,77,31,66,Right,181,77,Bundesliga
,Ange-Yoan Bonny,,Ivory Coast,,,,,,,,,,,,,,,,,
255981,Zion Suzuki,https://ratings-images-prod.pulse.ea.com/FC25/full/player-portraits/p255981.png?padding=0.7,Japan,163,https://drop-assets.ea.com/images/1aoxCwnRS4A6LGlyhrUllt/b5b0cd61a299b9996821c16cc324cc3b/f_163.png,https://drop-assets.ea.com/images/5yViIzJxGDnBEeuNhjjHJc/adbfeb6c414f290e1aa51813f26cd829/l50.png,https://drop-assets.ea.com/images/5yViIzJxGDnBEeuNhjjHJc/adbfeb6c414f290e1aa51813f26cd829/l50.png,https://drop-assets.ea.com/images/5yViIzJxGDnBEeuNhjjHJc/adbfeb6c414f290e1aa51813f26cd829/l50.png,GK,76,73,76,71,76,56,73,Right,190,91,Serie A Enilive
242916,Yukinari Sugawara,https://ratings-images-prod.pulse.ea.com/FC25/full/player-portraits/p242916.png?padding=0.7,Japan,163,https://drop-assets.ea.com/images/1aoxCwnRS4A6LGlyhrUllt/b5b0cd61a299b9996821c16cc324cc3b/f_163.png,https://drop-assets.ea.com/images/5UE88g3Vfeo6kFu8lh1s26/cfc99dce8f7c7dc22a8a39920383cf3d/l38.png,https://drop-assets.ea.com/images/5UE88g3Vfeo6kFu8lh1s26/cfc99dce8f7c7dc22a8a39920383cf3d/l38.png,https://drop-assets.ea.com/images/5UE88g3Vfeo6kFu8lh1s26/cfc99dce8f7c7dc22a8a39920383cf3d/l38.png,RB,72,75,72,73,72,69,70,Right,178,68,Bundesliga
233225,Shōgo Taniguchi,https://ratings-images-prod.pulse.ea.com/FC25/full/player-portraits/p233225.png?padding=0.7,Japan,163,https://drop-assets.ea.com/images/1aoxCwnRS4A6LGlyhrUllt/b5b0cd61a299b9996821c16cc324cc3b/f_163.png,https://drop-assets.ea.com/images/2QoYCL1jsyz3q5s1vOv5XG/b6ee322f1bb087d17f0a87b222a0992b/l680.png,https://drop-assets.ea.com/images/2QoYCL1jsyz3q5s1vOv5XG/b6ee322f1bb087d17f0a87b222a0992b/l680.png,https://drop-assets.ea.com/images/2QoYCL1jsyz3q5s1vOv5XG/b6ee322f1bb087d17f0a87b222a0992b/l680.png,CB,57,58,57,59,57,70,72,Right,183,75,1A Pro League
233152,Kō Itakura,https://ratings-images-prod.pulse.ea.com/FC25/full/player-portraits/p233152.png?padding=0.7,Japan,163,https://drop-assets.ea.com/images/1aoxCwnRS4A6LGlyhrUllt/b5b0cd61a299b9996821c16cc324cc3b/f_163.png,,,,CB,74,75,74,61,74,77,76,Right,188,80,Eredivisie
fm_45005331,Yūto Nagatomo,//img.fminside.net/facesfm26/45005331.png,Japan,,https://img.fminside.net/flag-svg/jp.svg,FC Tokyo,107313,//img.fminside.net/logos/Men/Clubs/Normal/107313.png,DR,54,70,54,49,54,60,52,Right,170,65,J.League 1
232487,Wataru Endo,https://ratings-images-prod.pulse.ea.com/FC25/full/player-portraits/p232487.png?padding=0.7,Japan,163,https://drop-assets.ea.com/images/1aoxCwnRS4A6LGlyhrUllt/b5b0cd61a299b9996821c16cc324cc3b/f_163.png,https://drop-assets.ea.com/images/3mmzooNXBDCKuCy6kWcGQo/2e332a30fe2a7225a88fcb1898f48bbf/l9.png,https://drop-assets.ea.com/images/3mmzooNXBDCKuCy6kWcGQo/2e332a30fe2a7225a88fcb1898f48bbf/l9.png,https://drop-assets.ea.com/images/3mmzooNXBDCKuCy6kWcGQo/2e332a30fe2a7225a88fcb1898f48bbf/l9.png,CDM,77,58,77,71,77,79,73,Right,178,77,Premier League
236764,Ao Tanaka,https://ratings-images-prod.pulse.ea.com/FC25/full/player-portraits/p236764.png?padding=0.7,Japan,163,https://drop-assets.ea.com/images/1aoxCwnRS4A6LGlyhrUllt/b5b0cd61a299b9996821c16cc324cc3b/f_163.png,https://drop-assets.ea.com/images/4GwGagnihmCNc321tRi8qB/07ddd8a7768922d58f01c2b6f2964a18/l8.png,https://drop-assets.ea.com/images/4GwGagnihmCNc321tRi8qB/07ddd8a7768922d58f01c2b6f2964a18/l8.png,https://drop-assets.ea.com/images/4GwGagnihmCNc321tRi8qB/07ddd8a7768922d58f01c2b6f2964a18/l8.png,CDM,77,70,77,72,77,73,71,Right,180,69,Premier League
237681,Takefusa Kubo,https://ratings-images-prod.pulse.ea.com/FC25/full/player-portraits/p237681.png?padding=0.7,Japan,163,https://drop-assets.ea.com/images/1aoxCwnRS4A6LGlyhrUllt/b5b0cd61a299b9996821c16cc324cc3b/f_163.png,https://drop-assets.ea.com/images/2ohvULVVtNoXptjhNS2dLq/08d0f2d7ecfd9e0f43ce837a4e73d139/l457.png,https://drop-assets.ea.com/images/2ohvULVVtNoXptjhNS2dLq/08d0f2d7ecfd9e0f43ce837a4e73d139/l457.png,https://drop-assets.ea.com/images/2ohvULVVtNoXptjhNS2dLq/08d0f2d7ecfd9e0f43ce837a4e73d139/l457.png,RM,85,86,85,78,85,40,64,Left,173,64,LALIGA EA SPORTS
76570,Keisuke Gotō,https://ratings-images-prod.pulse.ea.com/FC25/full/player-portraits/p76570.png?padding=0.7,Japan,163,https://drop-assets.ea.com/images/1aoxCwnRS4A6LGlyhrUllt/b5b0cd61a299b9996821c16cc324cc3b/f_163.png,https://drop-assets.ea.com/images/2QoYCL1jsyz3q5s1vOv5XG/b6ee322f1bb087d17f0a87b222a0992b/l680.png,https://drop-assets.ea.com/images/2QoYCL1jsyz3q5s1vOv5XG/b6ee322f1bb087d17f0a87b222a0992b/l680.png,https://drop-assets.ea.com/images/2QoYCL1jsyz3q5s1vOv5XG/b6ee322f1bb087d17f0a87b222a0992b/l680.png,ST,47,53,47,40,47,29,65,Right,191,85,1A Pro League
232639,Ritsu Dōan,https://ratings-images-prod.pulse.ea.com/FC25/full/player-portraits/p232639.png?padding=0.7,Japan,163,https://drop-assets.ea.com/images/1aoxCwnRS4A6LGlyhrUllt/b5b0cd61a299b9996821c16cc324cc3b/f_163.png,https://drop-assets.ea.com/images/3KK76lJIZtlRnPaAgbD85V/5614e02825eb0ed03b69a9d078e40db9/l1824.png,https://drop-assets.ea.com/images/3KK76lJIZtlRnPaAgbD85V/5614e02825eb0ed03b69a9d078e40db9/l1824.png,https://drop-assets.ea.com/images/3KK76lJIZtlRnPaAgbD85V/5614e02825eb0ed03b69a9d078e40db9/l1824.png,RM,85,82,85,78,85,41,64,Left,172,74,Bundesliga
246321,Daizen Maeda,https://ratings-images-prod.pulse.ea.com/FC25/full/player-portraits/p246321.png?padding=0.7,Japan,163,https://drop-assets.ea.com/images/1aoxCwnRS4A6LGlyhrUllt/b5b0cd61a299b9996821c16cc324cc3b/f_163.png,https://drop-assets.ea.com/images/16GwjVn0vBxAdBx5F4uW0q/6a96b7c86f98010e0b9cd943dc48d4ca/l78.png,https://drop-assets.ea.com/images/16GwjVn0vBxAdBx5F4uW0q/6a96b7c86f98010e0b9cd943dc48d4ca/l78.png,https://drop-assets.ea.com/images/16GwjVn0vBxAdBx5F4uW0q/6a96b7c86f98010e0b9cd943dc48d4ca/l78.png,LW,76,92,76,70,76,65,79,Right,173,68,Scottish Prem
fm_45112057,Keisuke Ōsako,//img.fminside.net/facesfm26/45112057.png,Japan,,https://img.fminside.net/flag-svg/jp.svg,Sanfrecce Hiroshima,1193,//img.fminside.net/logos/Men/Clubs/Normal/1193.png,GK,78,48,78,62,78,69,65,Right,188,83,J.League 1
242914,Keito Nakamura,https://ratings-images-prod.pulse.ea.com/FC25/full/player-portraits/p242914.png?padding=0.7,Japan,163,https://drop-assets.ea.com/images/1aoxCwnRS4A6LGlyhrUllt/b5b0cd61a299b9996821c16cc324cc3b/f_163.png,https://drop-assets.ea.com/images/5oKEEJDtJHf5nAnu6Y6Tjg/0e9208b1d19e95d71b98da63fc039549/l379.png,https://drop-assets.ea.com/images/5oKEEJDtJHf5nAnu6Y6Tjg/0e9208b1d19e95d71b98da63fc039549/l379.png,https://drop-assets.ea.com/images/5oKEEJDtJHf5nAnu6Y6Tjg/0e9208b1d19e95d71b98da63fc039549/l379.png,LM,77,79,77,71,77,41,74,Right,180,75,Ligue 2 BKT
232905,Junya Itō,https://ratings-images-prod.pulse.ea.com/FC25/full/player-portraits/p232905.png?padding=0.7,Japan,163,https://drop-assets.ea.com/images/1aoxCwnRS4A6LGlyhrUllt/b5b0cd61a299b9996821c16cc324cc3b/f_163.png,https://drop-assets.ea.com/images/2064Z9wPzJbjkzW3n9b4RQ/ef883d28dde3104b3bea959320b4597a/l673.png,https://drop-assets.ea.com/images/2064Z9wPzJbjkzW3n9b4RQ/ef883d28dde3104b3bea959320b4597a/l673.png,https://drop-assets.ea.com/images/2064Z9wPzJbjkzW3n9b4RQ/ef883d28dde3104b3bea959320b4597a/l673.png,RM,78,86,78,72,78,58,70,Right,176,66,1A Pro League
232730,Daichi Kamada,https://ratings-images-prod.pulse.ea.com/FC25/full/player-portraits/p232730.png?padding=0.7,Japan,163,https://drop-assets.ea.com/images/1aoxCwnRS4A6LGlyhrUllt/b5b0cd61a299b9996821c16cc324cc3b/f_163.png,https://drop-assets.ea.com/images/6j7pLWl2t3yl13bu6Y9s5K/91a346d14011a610d95ec956816b6a38/l1799.png,https://drop-assets.ea.com/images/6j7pLWl2t3yl13bu6Y9s5K/91a346d14011a610d95ec956816b6a38/l1799.png,https://drop-assets.ea.com/images/6j7pLWl2t3yl13bu6Y9s5K/91a346d14011a610d95ec956816b6a38/l1799.png,CM,78,71,78,77,78,64,66,Right,184,72,Premier League
246826,Tsuyoshi Watanabe,https://ratings-images-prod.pulse.ea.com/FC25/full/player-portraits/p246826.png?padding=0.7,Japan,163,https://drop-assets.ea.com/images/1aoxCwnRS4A6LGlyhrUllt/b5b0cd61a299b9996821c16cc324cc3b/f_163.png,,,,CB,59,76,59,52,59,76,78,Right,186,78,Eredivisie
255185,Yuito Suzuki,https://ratings-images-prod.pulse.ea.com/FC25/full/player-portraits/p255185.png?padding=0.7,Japan,163,https://drop-assets.ea.com/images/1aoxCwnRS4A6LGlyhrUllt/b5b0cd61a299b9996821c16cc324cc3b/f_163.png,https://drop-assets.ea.com/images/TnclXkBIoI1MtJBmRvObq/83167db02b49b274917cec5814510b79/l25.png,https://drop-assets.ea.com/images/TnclXkBIoI1MtJBmRvObq/83167db02b49b274917cec5814510b79/l25.png,https://drop-assets.ea.com/images/TnclXkBIoI1MtJBmRvObq/83167db02b49b274917cec5814510b79/l25.png,CAM,74,83,74,65,74,48,57,Right,175,66,Bundesliga
252162,Ayase Ueda,https://ratings-images-prod.pulse.ea.com/FC25/full/player-portraits/p252162.png?padding=0.7,Japan,163,https://drop-assets.ea.com/images/1aoxCwnRS4A6LGlyhrUllt/b5b0cd61a299b9996821c16cc324cc3b/f_163.png,,,,ST,69,74,69,58,69,28,69,Right,183,76,Eredivisie
232829,Kōki Ogawa,https://ratings-images-prod.pulse.ea.com/FC25/full/player-portraits/p232829.png?padding=0.7,Japan,163,https://drop-assets.ea.com/images/1aoxCwnRS4A6LGlyhrUllt/b5b0cd61a299b9996821c16cc324cc3b/f_163.png,,,,ST,65,51,65,57,65,29,67,Right,183,77,Eredivisie
247264,Ayumu Seko,https://ratings-images-prod.pulse.ea.com/FC25/full/player-portraits/p247264.png?padding=0.7,Japan,163,https://drop-assets.ea.com/images/1aoxCwnRS4A6LGlyhrUllt/b5b0cd61a299b9996821c16cc324cc3b/f_163.png,https://drop-assets.ea.com/images/7IYWPdU9YKwfNMZeFNwkdQ/076a30fc65780281a69cb43ae11a2ba3/l1738.png,https://drop-assets.ea.com/images/7IYWPdU9YKwfNMZeFNwkdQ/076a30fc65780281a69cb43ae11a2ba3/l1738.png,https://drop-assets.ea.com/images/7IYWPdU9YKwfNMZeFNwkdQ/076a30fc65780281a69cb43ae11a2ba3/l1738.png,CB,58,64,58,54,58,68,74,Right,185,78,Ligue 1 McDonald's
234205,Hiroki Itō,https://ratings-images-prod.pulse.ea.com/FC25/full/player-portraits/p234205.png?padding=0.7,Japan,163,https://drop-assets.ea.com/images/1aoxCwnRS4A6LGlyhrUllt/b5b0cd61a299b9996821c16cc324cc3b/f_163.png,https://drop-assets.ea.com/images/3p0dv1pGWIH6lGAKZssZKH/4f70d2c5a3c147f3e006c863e85e4993/l21.png,https://drop-assets.ea.com/images/3p0dv1pGWIH6lGAKZssZKH/4f70d2c5a3c147f3e006c863e85e4993/l21.png,https://drop-assets.ea.com/images/3p0dv1pGWIH6lGAKZssZKH/4f70d2c5a3c147f3e006c863e85e4993/l21.png,CB,72,74,72,71,72,80,72,Left,188,84,Bundesliga
fm_45095490,Takehiro Tomiyasu,//img.fminside.net/facesfm26/45095490.png,Japan,,https://img.fminside.net/flag-svg/jp.svg,Ajax,992,//img.fminside.net/logos/Men/Clubs/Normal/992.png,DR,64,65,64,59,64,70,69,Right,188,83,Eredivisie
fm_2000088692,Tomoki Hayakawa,//img.fminside.net/facesfm26/2000088692.png,Japan,,https://img.fminside.net/flag-svg/jp.svg,Kashima Antlers,1189,//img.fminside.net/logos/Men/Clubs/Normal/1189.png,GK,70,53,70,60,70,72,63,Right,187,82,J.League 1
73078,Kaishū Sano,https://ratings-images-prod.pulse.ea.com/FC25/full/player-portraits/p73078.png?padding=0.7,Japan,163,https://drop-assets.ea.com/images/1aoxCwnRS4A6LGlyhrUllt/b5b0cd61a299b9996821c16cc324cc3b/f_163.png,https://drop-assets.ea.com/images/4QO9B5tBI7mcWhzDDO3b6N/f70a1fd45fb4a6dd80ceea61a3e91c4d/l169.png,https://drop-assets.ea.com/images/4QO9B5tBI7mcWhzDDO3b6N/f70a1fd45fb4a6dd80ceea61a3e91c4d/l169.png,https://drop-assets.ea.com/images/4QO9B5tBI7mcWhzDDO3b6N/f70a1fd45fb4a6dd80ceea61a3e91c4d/l169.png,CDM,76,79,76,67,76,78,75,Right,176,67,Bundesliga
266260,Junnosuke Suzuki,https://ratings-images-prod.pulse.ea.com/FC25/full/player-portraits/p266260.png?padding=0.7,Japan,163,https://drop-assets.ea.com/images/1aoxCwnRS4A6LGlyhrUllt/b5b0cd61a299b9996821c16cc324cc3b/f_163.png,https://drop-assets.ea.com/images/6r6we9mj39z5Irzr0aRxQU/4066cee956fb6aca5b2021644a14f82f/l819.png,https://drop-assets.ea.com/images/6r6we9mj39z5Irzr0aRxQU/4066cee956fb6aca5b2021644a14f82f/l819.png,https://drop-assets.ea.com/images/6r6we9mj39z5Irzr0aRxQU/4066cee956fb6aca5b2021644a14f82f/l819.png,CB,59,73,59,59,59,66,65,Right,183,76,3F Superliga
74879,Kento Shiogai,https://ratings-images-prod.pulse.ea.com/FC25/full/player-portraits/p74879.png?padding=0.7,Japan,163,https://drop-assets.ea.com/images/1aoxCwnRS4A6LGlyhrUllt/b5b0cd61a299b9996821c16cc324cc3b/f_163.png,,,,ST,66,84,66,55,66,21,57,Right,180,78,Eredivisie
258498,Bart Verbruggen,https://ratings-images-prod.pulse.ea.com/FC25/full/player-portraits/p258498.png?padding=0.7,Netherlands,34,https://drop-assets.ea.com/images/7LmdSUm2Ge4fzqcz0NElvq/d272142c80713dcf0e5ec0a47232aeee/f_34.png,https://drop-assets.ea.com/images/1mFLMjuFkxQjbRaTLKZ8Gm/277b9eb6d29d37064d1d82063b06f681/l1808.png,https://drop-assets.ea.com/images/1mFLMjuFkxQjbRaTLKZ8Gm/277b9eb6d29d37064d1d82063b06f681/l1808.png,https://drop-assets.ea.com/images/1mFLMjuFkxQjbRaTLKZ8Gm/277b9eb6d29d37064d1d82063b06f681/l1808.png,GK,81,79,81,76,81,56,75,Right,193,89,Premier League
211738,Mark Flekken,https://ratings-images-prod.pulse.ea.com/FC25/full/player-portraits/p211738.png?padding=0.7,Netherlands,34,https://drop-assets.ea.com/images/7LmdSUm2Ge4fzqcz0NElvq/d272142c80713dcf0e5ec0a47232aeee/f_34.png,https://drop-assets.ea.com/images/mGqQw1um1ucUAshcK0Eop/9c7fe656f526c98b217ff2a052377b5c/l32.png,https://drop-assets.ea.com/images/mGqQw1um1ucUAshcK0Eop/9c7fe656f526c98b217ff2a052377b5c/l32.png,https://drop-assets.ea.com/images/mGqQw1um1ucUAshcK0Eop/9c7fe656f526c98b217ff2a052377b5c/l32.png,GK,80,79,80,80,80,32,76,Right,195,87,Bundesliga
263798,Robin Roefs,https://ratings-images-prod.pulse.ea.com/FC25/full/player-portraits/p263798.png?padding=0.7,Netherlands,34,https://drop-assets.ea.com/images/7LmdSUm2Ge4fzqcz0NElvq/d272142c80713dcf0e5ec0a47232aeee/f_34.png,https://drop-assets.ea.com/images/6ja62Iw2LyY8cVrud4aSHi/aa6c15e4a2ceed66f92099108bea9dfa/l106.png,https://drop-assets.ea.com/images/6ja62Iw2LyY8cVrud4aSHi/aa6c15e4a2ceed66f92099108bea9dfa/l106.png,https://drop-assets.ea.com/images/6ja62Iw2LyY8cVrud4aSHi/aa6c15e4a2ceed66f92099108bea9dfa/l106.png,GK,76,76,76,68,76,31,70,Left,192,72,Premier League
203376,Virgil van Dijk,https://ratings-images-prod.pulse.ea.com/FC25/full/player-portraits/p203376.png?padding=0.7,Netherlands,34,https://drop-assets.ea.com/images/7LmdSUm2Ge4fzqcz0NElvq/d272142c80713dcf0e5ec0a47232aeee/f_34.png,https://drop-assets.ea.com/images/3mmzooNXBDCKuCy6kWcGQo/2e332a30fe2a7225a88fcb1898f48bbf/l9.png,https://drop-assets.ea.com/images/3mmzooNXBDCKuCy6kWcGQo/2e332a30fe2a7225a88fcb1898f48bbf/l9.png,https://drop-assets.ea.com/images/3mmzooNXBDCKuCy6kWcGQo/2e332a30fe2a7225a88fcb1898f48bbf/l9.png,CB,72,73,72,72,72,90,87,Right,193,92,Premier League
233096,Denzel Dumfries,https://ratings-images-prod.pulse.ea.com/FC25/full/player-portraits/p233096.png?padding=0.7,Netherlands,34,https://drop-assets.ea.com/images/7LmdSUm2Ge4fzqcz0NElvq/d272142c80713dcf0e5ec0a47232aeee/f_34.png,https://drop-assets.ea.com/images/1thPMvXN97JgFvt6ASWr4c/d2ca0a691a98c344305bc0975ab70314/l131682.png,https://drop-assets.ea.com/images/1thPMvXN97JgFvt6ASWr4c/d2ca0a691a98c344305bc0975ab70314/l131682.png,https://drop-assets.ea.com/images/1thPMvXN97JgFvt6ASWr4c/d2ca0a691a98c344305bc0975ab70314/l131682.png,RB,79,84,79,75,79,79,84,Right,188,80,Serie A Enilive
208920,Nathan Aké,https://ratings-images-prod.pulse.ea.com/FC25/full/player-portraits/p208920.png?padding=0.7,Netherlands,34,https://drop-assets.ea.com/images/7LmdSUm2Ge4fzqcz0NElvq/d272142c80713dcf0e5ec0a47232aeee/f_34.png,https://drop-assets.ea.com/images/4asmNLic4aQn6cjlEg1t5u/88bea3ddd6c1f620bbf813041f248685/l10.png,https://drop-assets.ea.com/images/4asmNLic4aQn6cjlEg1t5u/88bea3ddd6c1f620bbf813041f248685/l10.png,https://drop-assets.ea.com/images/4asmNLic4aQn6cjlEg1t5u/88bea3ddd6c1f620bbf813041f248685/l10.png,CB,75,72,75,72,75,84,74,Left,180,75,Premier League
251805,Jurriën Timber,https://ratings-images-prod.pulse.ea.com/FC25/full/player-portraits/p251805.png?padding=0.7,Netherlands,34,https://drop-assets.ea.com/images/7LmdSUm2Ge4fzqcz0NElvq/d272142c80713dcf0e5ec0a47232aeee/f_34.png,https://drop-assets.ea.com/images/2ng99bvkwKaA228PJje39i/09d2df89a78377d3f8d3f78469cbadc9/l1.png,https://drop-assets.ea.com/images/2ng99bvkwKaA228PJje39i/09d2df89a78377d3f8d3f78469cbadc9/l1.png,https://drop-assets.ea.com/images/2ng99bvkwKaA228PJje39i/09d2df89a78377d3f8d3f78469cbadc9/l1.png,RB,77,76,77,72,77,82,80,Right,179,78,Premier League
264453,Micky van de Ven,https://ratings-images-prod.pulse.ea.com/FC25/full/player-portraits/p264453.png?padding=0.7,Netherlands,34,https://drop-assets.ea.com/images/7LmdSUm2Ge4fzqcz0NElvq/d272142c80713dcf0e5ec0a47232aeee/f_34.png,https://drop-assets.ea.com/images/7kUcyCh5xGrzQlcjP2Q9NH/11aba507486f44765ee5938b1b5b097e/l18.png,https://drop-assets.ea.com/images/7kUcyCh5xGrzQlcjP2Q9NH/11aba507486f44765ee5938b1b5b097e/l18.png,https://drop-assets.ea.com/images/7kUcyCh5xGrzQlcjP2Q9NH/11aba507486f44765ee5938b1b5b097e/l18.png,CB,72,90,72,64,72,82,80,Left,193,86,Premier League
248793,Mats Wieffer,https://ratings-images-prod.pulse.ea.com/FC25/full/player-portraits/p248793.png?padding=0.7,Netherlands,34,https://drop-assets.ea.com/images/7LmdSUm2Ge4fzqcz0NElvq/d272142c80713dcf0e5ec0a47232aeee/f_34.png,https://drop-assets.ea.com/images/1mFLMjuFkxQjbRaTLKZ8Gm/277b9eb6d29d37064d1d82063b06f681/l1808.png,https://drop-assets.ea.com/images/1mFLMjuFkxQjbRaTLKZ8Gm/277b9eb6d29d37064d1d82063b06f681/l1808.png,https://drop-assets.ea.com/images/1mFLMjuFkxQjbRaTLKZ8Gm/277b9eb6d29d37064d1d82063b06f681/l1808.png,CDM,74,67,74,74,74,76,78,Right,188,78,Premier League
258908,Jan Paul van Hecke,https://ratings-images-prod.pulse.ea.com/FC25/full/player-portraits/p258908.png?padding=0.7,Netherlands,34,https://drop-assets.ea.com/images/7LmdSUm2Ge4fzqcz0NElvq/d272142c80713dcf0e5ec0a47232aeee/f_34.png,https://drop-assets.ea.com/images/1mFLMjuFkxQjbRaTLKZ8Gm/277b9eb6d29d37064d1d82063b06f681/l1808.png,https://drop-assets.ea.com/images/1mFLMjuFkxQjbRaTLKZ8Gm/277b9eb6d29d37064d1d82063b06f681/l1808.png,https://drop-assets.ea.com/images/1mFLMjuFkxQjbRaTLKZ8Gm/277b9eb6d29d37064d1d82063b06f681/l1808.png,CB,70,67,70,72,70,80,78,Right,189,79,Premier League
272978,Jorrel Hato,https://ratings-images-prod.pulse.ea.com/FC25/full/player-portraits/p272978.png?padding=0.7,Netherlands,34,https://drop-assets.ea.com/images/7LmdSUm2Ge4fzqcz0NElvq/d272142c80713dcf0e5ec0a47232aeee/f_34.png,https://drop-assets.ea.com/images/6T0vfhzb3y9R6YVtmVwYcD/b99723a87536e30979c7cbdb8bba9310/l5.png,https://drop-assets.ea.com/images/6T0vfhzb3y9R6YVtmVwYcD/b99723a87536e30979c7cbdb8bba9310/l5.png,https://drop-assets.ea.com/images/6T0vfhzb3y9R6YVtmVwYcD/b99723a87536e30979c7cbdb8bba9310/l5.png,LB,74,85,74,70,74,75,73,Left,182,76,Premier League
228702,Frenkie de Jong,https://ratings-images-prod.pulse.ea.com/FC25/full/player-portraits/p228702.png?padding=0.7,Netherlands,34,https://drop-assets.ea.com/images/7LmdSUm2Ge4fzqcz0NElvq/d272142c80713dcf0e5ec0a47232aeee/f_34.png,https://drop-assets.ea.com/images/5VXhqALaBzgvb2YG8iJxlq/990024f3e3ecc9e6c37eae41ebef86bd/l241.png,https://drop-assets.ea.com/images/5VXhqALaBzgvb2YG8iJxlq/990024f3e3ecc9e6c37eae41ebef86bd/l241.png,https://drop-assets.ea.com/images/5VXhqALaBzgvb2YG8iJxlq/990024f3e3ecc9e6c37eae41ebef86bd/l241.png,CM,87,82,87,85,87,78,77,Right,181,74,LALIGA EA SPORTS
208461,Marten de Roon,https://ratings-images-prod.pulse.ea.com/FC25/full/player-portraits/p208461.png?padding=0.7,Netherlands,34,https://drop-assets.ea.com/images/7LmdSUm2Ge4fzqcz0NElvq/d272142c80713dcf0e5ec0a47232aeee/f_34.png,https://drop-assets.ea.com/images/19gWEcyonp2fvk02MNHZOA/83b82283fc62f7010b529a53a0724eee/l115845.png,https://drop-assets.ea.com/images/19gWEcyonp2fvk02MNHZOA/83b82283fc62f7010b529a53a0724eee/l115845.png,https://drop-assets.ea.com/images/19gWEcyonp2fvk02MNHZOA/83b82283fc62f7010b529a53a0724eee/l115845.png,CM,76,61,76,77,76,83,80,Right,186,76,Serie A Enilive
240638,Tijjani Reijnders,https://ratings-images-prod.pulse.ea.com/FC25/full/player-portraits/p240638.png?padding=0.7,Netherlands,34,https://drop-assets.ea.com/images/7LmdSUm2Ge4fzqcz0NElvq/d272142c80713dcf0e5ec0a47232aeee/f_34.png,https://drop-assets.ea.com/images/4asmNLic4aQn6cjlEg1t5u/88bea3ddd6c1f620bbf813041f248685/l10.png,https://drop-assets.ea.com/images/4asmNLic4aQn6cjlEg1t5u/88bea3ddd6c1f620bbf813041f248685/l10.png,https://drop-assets.ea.com/images/4asmNLic4aQn6cjlEg1t5u/88bea3ddd6c1f620bbf813041f248685/l10.png,CM,85,79,85,82,85,77,77,Right,185,73,Premier League
240679,Teun Koopmeiners,https://ratings-images-prod.pulse.ea.com/FC25/full/player-portraits/p240679.png?padding=0.7,Netherlands,34,https://drop-assets.ea.com/images/7LmdSUm2Ge4fzqcz0NElvq/d272142c80713dcf0e5ec0a47232aeee/f_34.png,https://drop-assets.ea.com/images/6zWQmPATtK8lpsiXbKb3mY/6b2d1dab08ef14f63271a5cd70a0db0d/l45.png,https://drop-assets.ea.com/images/6zWQmPATtK8lpsiXbKb3mY/6b2d1dab08ef14f63271a5cd70a0db0d/l45.png,https://drop-assets.ea.com/images/6zWQmPATtK8lpsiXbKb3mY/6b2d1dab08ef14f63271a5cd70a0db0d/l45.png,CAM,78,70,78,83,78,75,75,Left,183,77,Serie A Enilive
246104,Ryan Gravenberch,https://ratings-images-prod.pulse.ea.com/FC25/full/player-portraits/p246104.png?padding=0.7,Netherlands,34,https://drop-assets.ea.com/images/7LmdSUm2Ge4fzqcz0NElvq/d272142c80713dcf0e5ec0a47232aeee/f_34.png,https://drop-assets.ea.com/images/3mmzooNXBDCKuCy6kWcGQo/2e332a30fe2a7225a88fcb1898f48bbf/l9.png,https://drop-assets.ea.com/images/3mmzooNXBDCKuCy6kWcGQo/2e332a30fe2a7225a88fcb1898f48bbf/l9.png,https://drop-assets.ea.com/images/3mmzooNXBDCKuCy6kWcGQo/2e332a30fe2a7225a88fcb1898f48bbf/l9.png,CDM,85,76,85,81,85,81,81,Right,190,77,Premier League
236920,Justin Kluivert,https://ratings-images-prod.pulse.ea.com/FC25/full/player-portraits/p236920.png?padding=0.7,Netherlands,34,https://drop-assets.ea.com/images/7LmdSUm2Ge4fzqcz0NElvq/d272142c80713dcf0e5ec0a47232aeee/f_34.png,https://drop-assets.ea.com/images/5Z6J6MhqjuJVwE7SVnfr5E/6075ff3239d67bdf8258a067ed93ccdb/l1943.png,https://drop-assets.ea.com/images/5Z6J6MhqjuJVwE7SVnfr5E/6075ff3239d67bdf8258a067ed93ccdb/l1943.png,https://drop-assets.ea.com/images/5Z6J6MhqjuJVwE7SVnfr5E/6075ff3239d67bdf8258a067ed93ccdb/l1943.png,CAM,81,87,81,76,81,38,62,Right,172,67,Premier League
251806,Quinten Timber,https://ratings-images-prod.pulse.ea.com/FC25/full/player-portraits/p251806.png?padding=0.7,Netherlands,34,https://drop-assets.ea.com/images/7LmdSUm2Ge4fzqcz0NElvq/d272142c80713dcf0e5ec0a47232aeee/f_34.png,,,,CM,80,77,80,76,80,74,83,Right,179,71,Eredivisie
235663,Guus Til,https://ratings-images-prod.pulse.ea.com/FC25/full/player-portraits/p235663.png?padding=0.7,Netherlands,34,https://drop-assets.ea.com/images/7LmdSUm2Ge4fzqcz0NElvq/d272142c80713dcf0e5ec0a47232aeee/f_34.png,,,,CAM,74,79,74,72,74,64,74,Right,186,78,Eredivisie
fm_37024470,Memphis Depay,//img.fminside.net/facesfm26/37024470.png,Netherlands,,https://img.fminside.net/flag-svg/nl.svg,Corinthians,319,//img.fminside.net/logos/Men/Clubs/Normal/319.png,AML,75,73,75,70,75,19,62,Right,176,71,Série A
223689,Wout Weghorst,https://ratings-images-prod.pulse.ea.com/FC25/full/player-portraits/p223689.png?padding=0.7,Netherlands,34,https://drop-assets.ea.com/images/7LmdSUm2Ge4fzqcz0NElvq/d272142c80713dcf0e5ec0a47232aeee/f_34.png,,,,ST,68,54,68,62,68,57,87,Right,197,84,Eredivisie
231447,Donyell Malen,https://ratings-images-prod.pulse.ea.com/FC25/full/player-portraits/p231447.png?padding=0.7,Netherlands,34,https://drop-assets.ea.com/images/7LmdSUm2Ge4fzqcz0NElvq/d272142c80713dcf0e5ec0a47232aeee/f_34.png,https://drop-assets.ea.com/images/57c0ppYsEA88xL0gxqce8K/99605df97c6a96ea3b6e8a424c217af0/l2.png,https://drop-assets.ea.com/images/57c0ppYsEA88xL0gxqce8K/99605df97c6a96ea3b6e8a424c217af0/l2.png,https://drop-assets.ea.com/images/57c0ppYsEA88xL0gxqce8K/99605df97c6a96ea3b6e8a424c217af0/l2.png,RM,82,86,82,72,82,35,67,Right,176,68,Premier League
242516,Cody Gakpo,https://ratings-images-prod.pulse.ea.com/FC25/full/player-portraits/p242516.png?padding=0.7,Netherlands,34,https://drop-assets.ea.com/images/7LmdSUm2Ge4fzqcz0NElvq/d272142c80713dcf0e5ec0a47232aeee/f_34.png,https://drop-assets.ea.com/images/3mmzooNXBDCKuCy6kWcGQo/2e332a30fe2a7225a88fcb1898f48bbf/l9.png,https://drop-assets.ea.com/images/3mmzooNXBDCKuCy6kWcGQo/2e332a30fe2a7225a88fcb1898f48bbf/l9.png,https://drop-assets.ea.com/images/3mmzooNXBDCKuCy6kWcGQo/2e332a30fe2a7225a88fcb1898f48bbf/l9.png,LM,83,83,83,80,83,47,74,Right,189,76,Premier League
239380,Noa Lang,https://ratings-images-prod.pulse.ea.com/FC25/full/player-portraits/p239380.png?padding=0.7,Netherlands,34,https://drop-assets.ea.com/images/7LmdSUm2Ge4fzqcz0NElvq/d272142c80713dcf0e5ec0a47232aeee/f_34.png,https://drop-assets.ea.com/images/2FIV26KpnSXl3Nv8Ar6jk3/d8461aa150da3d433fccc34bc80c978f/l48.png,https://drop-assets.ea.com/images/2FIV26KpnSXl3Nv8Ar6jk3/d8461aa150da3d433fccc34bc80c978f/l48.png,https://drop-assets.ea.com/images/2FIV26KpnSXl3Nv8Ar6jk3/d8461aa150da3d433fccc34bc80c978f/l48.png,LW,84,80,84,73,84,50,68,Right,179,69,Serie A Enilive
251810,Brian Brobbey,https://ratings-images-prod.pulse.ea.com/FC25/full/player-portraits/p251810.png?padding=0.7,Netherlands,34,https://drop-assets.ea.com/images/7LmdSUm2Ge4fzqcz0NElvq/d272142c80713dcf0e5ec0a47232aeee/f_34.png,https://drop-assets.ea.com/images/6ja62Iw2LyY8cVrud4aSHi/aa6c15e4a2ceed66f92099108bea9dfa/l106.png,https://drop-assets.ea.com/images/6ja62Iw2LyY8cVrud4aSHi/aa6c15e4a2ceed66f92099108bea9dfa/l106.png,https://drop-assets.ea.com/images/6ja62Iw2LyY8cVrud4aSHi/aa6c15e4a2ceed66f92099108bea9dfa/l106.png,ST,72,84,72,56,72,30,80,Right,180,78,Premier League
251954,Crysencio Summerville,https://ratings-images-prod.pulse.ea.com/FC25/full/player-portraits/p251954.png?padding=0.7,Netherlands,34,https://drop-assets.ea.com/images/7LmdSUm2Ge4fzqcz0NElvq/d272142c80713dcf0e5ec0a47232aeee/f_34.png,https://drop-assets.ea.com/images/60X4vXPDgGISHaqyOdUGkg/c7def9840658d49d646e4895e9e04e94/l19.png,https://drop-assets.ea.com/images/60X4vXPDgGISHaqyOdUGkg/c7def9840658d49d646e4895e9e04e94/l19.png,https://drop-assets.ea.com/images/60X4vXPDgGISHaqyOdUGkg/c7def9840658d49d646e4895e9e04e94/l19.png,LM,80,89,80,67,80,35,54,Right,169,64,Premier League
247022,Jacob Widell Zetterström,https://ratings-images-prod.pulse.ea.com/FC25/full/player-portraits/p247022.png?padding=0.7,Sweden,46,https://drop-assets.ea.com/images/4ts7Tmr55hzylhHNBA5xsw/073e32f2c968ae9d531bb1d013a350a0/f_46.png,https://drop-assets.ea.com/images/39mimPZHdodG2eh5BaPQ8r/d4f0d2a9fe2f1c2bc7aee7d87369ddb0/l91.png,https://drop-assets.ea.com/images/39mimPZHdodG2eh5BaPQ8r/d4f0d2a9fe2f1c2bc7aee7d87369ddb0/l91.png,https://drop-assets.ea.com/images/39mimPZHdodG2eh5BaPQ8r/d4f0d2a9fe2f1c2bc7aee7d87369ddb0/l91.png,GK,74,75,74,59,74,38,67,Right,197,82,EFL Championship
264191,Gustaf Lagerbielke,https://ratings-images-prod.pulse.ea.com/FC25/full/player-portraits/p264191.png?padding=0.7,Sweden,46,https://drop-assets.ea.com/images/4ts7Tmr55hzylhHNBA5xsw/073e32f2c968ae9d531bb1d013a350a0/f_46.png,https://drop-assets.ea.com/images/4qjtfL57Y3CxvssFaOwnJT/08cfda01d445741b93fd0f8163a4b267/l1896.png,https://drop-assets.ea.com/images/4qjtfL57Y3CxvssFaOwnJT/08cfda01d445741b93fd0f8163a4b267/l1896.png,https://drop-assets.ea.com/images/4qjtfL57Y3CxvssFaOwnJT/08cfda01d445741b93fd0f8163a4b267/l1896.png,CB,58,50,58,57,58,70,74,Right,193,83,Liga Portugal
fm_93023425,Victor Lindelöf,//img.fminside.net/facesfm26/93023425.png,Sweden,,https://img.fminside.net/flag-svg/se.svg,Aston Villa,603,//img.fminside.net/logos/Men/Clubs/Normal/603.png,DC,66,65,66,60,66,74,72,Right,187,82,Premier League
260697,Isak Hien,https://ratings-images-prod.pulse.ea.com/FC25/full/player-portraits/p260697.png?padding=0.7,Sweden,46,https://drop-assets.ea.com/images/4ts7Tmr55hzylhHNBA5xsw/073e32f2c968ae9d531bb1d013a350a0/f_46.png,https://drop-assets.ea.com/images/19gWEcyonp2fvk02MNHZOA/83b82283fc62f7010b529a53a0724eee/l115845.png,https://drop-assets.ea.com/images/19gWEcyonp2fvk02MNHZOA/83b82283fc62f7010b529a53a0724eee/l115845.png,https://drop-assets.ea.com/images/19gWEcyonp2fvk02MNHZOA/83b82283fc62f7010b529a53a0724eee/l115845.png,CB,58,69,58,49,58,79,82,Right,191,90,Serie A Enilive
236822,Gabriel Gudmundsson,https://ratings-images-prod.pulse.ea.com/FC25/full/player-portraits/p236822.png?padding=0.7,Sweden,46,https://drop-assets.ea.com/images/4ts7Tmr55hzylhHNBA5xsw/073e32f2c968ae9d531bb1d013a350a0/f_46.png,https://drop-assets.ea.com/images/4GwGagnihmCNc321tRi8qB/07ddd8a7768922d58f01c2b6f2964a18/l8.png,https://drop-assets.ea.com/images/4GwGagnihmCNc321tRi8qB/07ddd8a7768922d58f01c2b6f2964a18/l8.png,https://drop-assets.ea.com/images/4GwGagnihmCNc321tRi8qB/07ddd8a7768922d58f01c2b6f2964a18/l8.png,LB,75,87,75,71,75,70,75,Left,180,78,Premier League
272926,Lucas Bergvall,https://ratings-images-prod.pulse.ea.com/FC25/full/player-portraits/p272926.png?padding=0.7,Sweden,46,https://drop-assets.ea.com/images/4ts7Tmr55hzylhHNBA5xsw/073e32f2c968ae9d531bb1d013a350a0/f_46.png,https://drop-assets.ea.com/images/7kUcyCh5xGrzQlcjP2Q9NH/11aba507486f44765ee5938b1b5b097e/l18.png,https://drop-assets.ea.com/images/7kUcyCh5xGrzQlcjP2Q9NH/11aba507486f44765ee5938b1b5b097e/l18.png,https://drop-assets.ea.com/images/7kUcyCh5xGrzQlcjP2Q9NH/11aba507486f44765ee5938b1b5b097e/l18.png,CM,77,75,77,76,77,71,73,Right,186,74,Premier League
259716,Daniel Svensson,https://ratings-images-prod.pulse.ea.com/FC25/full/player-portraits/p259716.png?padding=0.7,Sweden,46,https://drop-assets.ea.com/images/4ts7Tmr55hzylhHNBA5xsw/073e32f2c968ae9d531bb1d013a350a0/f_46.png,https://drop-assets.ea.com/images/TmqxUZk2FrbFXOK1kdE89/3dce225926ac7cfd9f283ecd731fa710/l22.png,https://drop-assets.ea.com/images/TmqxUZk2FrbFXOK1kdE89/3dce225926ac7cfd9f283ecd731fa710/l22.png,https://drop-assets.ea.com/images/TmqxUZk2FrbFXOK1kdE89/3dce225926ac7cfd9f283ecd731fa710/l22.png,LB,76,77,76,75,76,73,74,Left,178,72,Bundesliga
233731,Alexander Isak,https://ratings-images-prod.pulse.ea.com/FC25/full/player-portraits/p233731.png?padding=0.7,Sweden,46,https://drop-assets.ea.com/images/4ts7Tmr55hzylhHNBA5xsw/073e32f2c968ae9d531bb1d013a350a0/f_46.png,https://drop-assets.ea.com/images/3mmzooNXBDCKuCy6kWcGQo/2e332a30fe2a7225a88fcb1898f48bbf/l9.png,https://drop-assets.ea.com/images/3mmzooNXBDCKuCy6kWcGQo/2e332a30fe2a7225a88fcb1898f48bbf/l9.png,https://drop-assets.ea.com/images/3mmzooNXBDCKuCy6kWcGQo/2e332a30fe2a7225a88fcb1898f48bbf/l9.png,ST,85,83,85,73,85,39,76,Right,192,77,Premier League
243646,Benjamin Nygren,https://ratings-images-prod.pulse.ea.com/FC25/full/player-portraits/p243646.png?padding=0.7,Sweden,46,https://drop-assets.ea.com/images/4ts7Tmr55hzylhHNBA5xsw/073e32f2c968ae9d531bb1d013a350a0/f_46.png,https://drop-assets.ea.com/images/16GwjVn0vBxAdBx5F4uW0q/6a96b7c86f98010e0b9cd943dc48d4ca/l78.png,https://drop-assets.ea.com/images/16GwjVn0vBxAdBx5F4uW0q/6a96b7c86f98010e0b9cd943dc48d4ca/l78.png,https://drop-assets.ea.com/images/16GwjVn0vBxAdBx5F4uW0q/6a96b7c86f98010e0b9cd943dc48d4ca/l78.png,CM,72,71,72,71,72,60,71,Left,184,77,Scottish Prem
257470,Anthony Elanga,https://ratings-images-prod.pulse.ea.com/FC25/full/player-portraits/p257470.png?padding=0.7,Sweden,46,https://drop-assets.ea.com/images/4ts7Tmr55hzylhHNBA5xsw/073e32f2c968ae9d531bb1d013a350a0/f_46.png,https://drop-assets.ea.com/images/69fXoaX4p9zFwKaZYoNtNX/14d86649a9b5a3f7e876cc3d46357b5d/l13.png,https://drop-assets.ea.com/images/69fXoaX4p9zFwKaZYoNtNX/14d86649a9b5a3f7e876cc3d46357b5d/l13.png,https://drop-assets.ea.com/images/69fXoaX4p9zFwKaZYoNtNX/14d86649a9b5a3f7e876cc3d46357b5d/l13.png,RW,82,92,82,76,82,39,70,Right,178,70,Premier League
241643,Viktor Johansson,https://ratings-images-prod.pulse.ea.com/FC25/full/player-portraits/p241643.png?padding=0.7,Sweden,46,https://drop-assets.ea.com/images/4ts7Tmr55hzylhHNBA5xsw/073e32f2c968ae9d531bb1d013a350a0/f_46.png,https://drop-assets.ea.com/images/3st1bfyqsj6hKWrPlC4ifm/bc7dd0e68df131050a6b8946829261f6/l1806.png,https://drop-assets.ea.com/images/3st1bfyqsj6hKWrPlC4ifm/bc7dd0e68df131050a6b8946829261f6/l1806.png,https://drop-assets.ea.com/images/3st1bfyqsj6hKWrPlC4ifm/bc7dd0e68df131050a6b8946829261f6/l1806.png,GK,77,75,77,70,77,40,73,Right,186,74,EFL Championship
fm_93023836,Ken Sema,//img.fminside.net/facesfm26/93023836.png,Sweden,,https://img.fminside.net/flag-svg/se.svg,Pafos,26031118,//img.fminside.net/logos/Men/Clubs/Normal/26031118.png,WBL,59,63,59,57,59,54,55,Left,180,75,A' Katigorías
252316,Hjalmar Ekdal,https://ratings-images-prod.pulse.ea.com/FC25/full/player-portraits/p252316.png?padding=0.7,Sweden,46,https://drop-assets.ea.com/images/4ts7Tmr55hzylhHNBA5xsw/073e32f2c968ae9d531bb1d013a350a0/f_46.png,https://drop-assets.ea.com/images/6CqBvyQgjJzPA5vU64paT8/03d21bd0df65afa73b752f66ca5c1714/l1796.png,https://drop-assets.ea.com/images/6CqBvyQgjJzPA5vU64paT8/03d21bd0df65afa73b752f66ca5c1714/l1796.png,https://drop-assets.ea.com/images/6CqBvyQgjJzPA5vU64paT8/03d21bd0df65afa73b752f66ca5c1714/l1796.png,CB,63,53,63,53,63,72,76,Right,188,76,Premier League
220821,Carl Starfelt,https://ratings-images-prod.pulse.ea.com/FC25/full/player-portraits/p220821.png?padding=0.7,Sweden,46,https://drop-assets.ea.com/images/4ts7Tmr55hzylhHNBA5xsw/073e32f2c968ae9d531bb1d013a350a0/f_46.png,https://drop-assets.ea.com/images/3t0uDwxQg2iWoXop58je1a/d5c49ec269ace3a1ad2ded5fb2e8a9ec/l450.png,https://drop-assets.ea.com/images/3t0uDwxQg2iWoXop58je1a/d5c49ec269ace3a1ad2ded5fb2e8a9ec/l450.png,https://drop-assets.ea.com/images/3t0uDwxQg2iWoXop58je1a/d5c49ec269ace3a1ad2ded5fb2e8a9ec/l450.png,CB,68,74,68,56,68,78,78,Right,187,80,LALIGA EA SPORTS
214658,Jesper Karlström,https://ratings-images-prod.pulse.ea.com/FC25/full/player-portraits/p214658.png?padding=0.7,Sweden,46,https://drop-assets.ea.com/images/4ts7Tmr55hzylhHNBA5xsw/073e32f2c968ae9d531bb1d013a350a0/f_46.png,https://drop-assets.ea.com/images/eksZxUrkppoFO3BHpIKxc/ce0190c8a5e09464b8019123eb42a39d/l55.png,https://drop-assets.ea.com/images/eksZxUrkppoFO3BHpIKxc/ce0190c8a5e09464b8019123eb42a39d/l55.png,https://drop-assets.ea.com/images/eksZxUrkppoFO3BHpIKxc/ce0190c8a5e09464b8019123eb42a39d/l55.png,CDM,71,64,71,72,71,71,78,Right,185,81,Serie A Enilive
241651,Viktor Gyökeres,https://ratings-images-prod.pulse.ea.com/FC25/full/player-portraits/p241651.png?padding=0.7,Sweden,46,https://drop-assets.ea.com/images/4ts7Tmr55hzylhHNBA5xsw/073e32f2c968ae9d531bb1d013a350a0/f_46.png,https://drop-assets.ea.com/images/2ng99bvkwKaA228PJje39i/09d2df89a78377d3f8d3f78469cbadc9/l1.png,https://drop-assets.ea.com/images/2ng99bvkwKaA228PJje39i/09d2df89a78377d3f8d3f78469cbadc9/l1.png,https://drop-assets.ea.com/images/2ng99bvkwKaA228PJje39i/09d2df89a78377d3f8d3f78469cbadc9/l1.png,ST,81,90,81,73,81,36,91,Right,189,94,Premier League
257400,Yasin Ayari,https://ratings-images-prod.pulse.ea.com/FC25/full/player-portraits/p257400.png?padding=0.7,Sweden,46,https://drop-assets.ea.com/images/4ts7Tmr55hzylhHNBA5xsw/073e32f2c968ae9d531bb1d013a350a0/f_46.png,https://drop-assets.ea.com/images/1mFLMjuFkxQjbRaTLKZ8Gm/277b9eb6d29d37064d1d82063b06f681/l1808.png,https://drop-assets.ea.com/images/1mFLMjuFkxQjbRaTLKZ8Gm/277b9eb6d29d37064d1d82063b06f681/l1808.png,https://drop-assets.ea.com/images/1mFLMjuFkxQjbRaTLKZ8Gm/277b9eb6d29d37064d1d82063b06f681/l1808.png,CM,77,69,77,73,77,69,62,Right,172,69,Premier League
228946,Mattias Svanberg,https://ratings-images-prod.pulse.ea.com/FC25/full/player-portraits/p228946.png?padding=0.7,Sweden,46,https://drop-assets.ea.com/images/4ts7Tmr55hzylhHNBA5xsw/073e32f2c968ae9d531bb1d013a350a0/f_46.png,https://drop-assets.ea.com/images/4mw5u30yjPmzh9OVqKB0YV/ad59c24a84c9afb0a877046fadeb9c9e/l175.png,https://drop-assets.ea.com/images/4mw5u30yjPmzh9OVqKB0YV/ad59c24a84c9afb0a877046fadeb9c9e/l175.png,https://drop-assets.ea.com/images/4mw5u30yjPmzh9OVqKB0YV/ad59c24a84c9afb0a877046fadeb9c9e/l175.png,CM,76,73,76,74,76,66,73,Right,185,75,Bundesliga
222369,Eric Smith,https://ratings-images-prod.pulse.ea.com/FC25/full/player-portraits/p222369.png?padding=0.7,Sweden,46,https://drop-assets.ea.com/images/4ts7Tmr55hzylhHNBA5xsw/073e32f2c968ae9d531bb1d013a350a0/f_46.png,https://drop-assets.ea.com/images/5T624XIJuQHAzZ40IwcdRn/4413b83d7bdf21e02132fa086b4a355d/l110329.png,https://drop-assets.ea.com/images/5T624XIJuQHAzZ40IwcdRn/4413b83d7bdf21e02132fa086b4a355d/l110329.png,https://drop-assets.ea.com/images/5T624XIJuQHAzZ40IwcdRn/4413b83d7bdf21e02132fa086b4a355d/l110329.png,CDM,66,67,66,67,66,73,79,Right,192,86,Bundesliga
255459,Alexander Bernhardsson,https://ratings-images-prod.pulse.ea.com/FC25/full/player-portraits/p255459.png?padding=0.7,Sweden,46,https://drop-assets.ea.com/images/4ts7Tmr55hzylhHNBA5xsw/073e32f2c968ae9d531bb1d013a350a0/f_46.png,https://drop-assets.ea.com/images/76Cty7M0clW2muhwvShdQI/8305498ec9ead0cb7fda5a9d3a175deb/l576.png,https://drop-assets.ea.com/images/76Cty7M0clW2muhwvShdQI/8305498ec9ead0cb7fda5a9d3a175deb/l576.png,https://drop-assets.ea.com/images/76Cty7M0clW2muhwvShdQI/8305498ec9ead0cb7fda5a9d3a175deb/l576.png,ST,74,81,74,64,74,48,69,Right,185,73,Bundesliga 2
270919,Besfort Zeneli,https://ratings-images-prod.pulse.ea.com/FC25/full/player-portraits/p270919.png?padding=0.7,Sweden,46,https://drop-assets.ea.com/images/4ts7Tmr55hzylhHNBA5xsw/073e32f2c968ae9d531bb1d013a350a0/f_46.png,https://drop-assets.ea.com/images/2WJ0zQLfEbGtg0D0uitwee/301bcbd249aa1656c1fd02c53ab7c22f/l700.png,https://drop-assets.ea.com/images/2WJ0zQLfEbGtg0D0uitwee/301bcbd249aa1656c1fd02c53ab7c22f/l700.png,https://drop-assets.ea.com/images/2WJ0zQLfEbGtg0D0uitwee/301bcbd249aa1656c1fd02c53ab7c22f/l700.png,CM,70,71,70,68,70,56,67,Right,178,71,Allsvenskan
192129,Kristoffer Nordfeldt,https://ratings-images-prod.pulse.ea.com/FC25/full/player-portraits/p192129.png?padding=0.7,Sweden,46,https://drop-assets.ea.com/images/4ts7Tmr55hzylhHNBA5xsw/073e32f2c968ae9d531bb1d013a350a0/f_46.png,https://drop-assets.ea.com/images/9rqxOK5IQfDBdt17lJOHP/839b0c3ab7be3e45f252070b5031e442/l433.png,https://drop-assets.ea.com/images/9rqxOK5IQfDBdt17lJOHP/839b0c3ab7be3e45f252070b5031e442/l433.png,https://drop-assets.ea.com/images/9rqxOK5IQfDBdt17lJOHP/839b0c3ab7be3e45f252070b5031e442/l433.png,GK,70,70,70,72,70,50,71,Right,188,87,Allsvenskan
272712,Elliot Stroud,https://ratings-images-prod.pulse.ea.com/FC25/full/player-portraits/p272712.png?padding=0.7,Sweden,46,https://drop-assets.ea.com/images/4ts7Tmr55hzylhHNBA5xsw/073e32f2c968ae9d531bb1d013a350a0/f_46.png,https://drop-assets.ea.com/images/2R8BSFngBCfvRboYU4yWaQ/7317fdcd076f7427d2c09a5d22aea240/l112072.png,https://drop-assets.ea.com/images/2R8BSFngBCfvRboYU4yWaQ/7317fdcd076f7427d2c09a5d22aea240/l112072.png,https://drop-assets.ea.com/images/2R8BSFngBCfvRboYU4yWaQ/7317fdcd076f7427d2c09a5d22aea240/l112072.png,LB,67,79,67,64,67,65,73,Left,180,75,Allsvenskan
223933,Gustaf Nilsson,https://ratings-images-prod.pulse.ea.com/FC25/full/player-portraits/p223933.png?padding=0.7,Sweden,46,https://drop-assets.ea.com/images/4ts7Tmr55hzylhHNBA5xsw/073e32f2c968ae9d531bb1d013a350a0/f_46.png,https://drop-assets.ea.com/images/7nHwlhyC2uPcLbb3LoBS82/08409177bc75126cfd7a9005fe3faa00/l231.png,https://drop-assets.ea.com/images/7nHwlhyC2uPcLbb3LoBS82/08409177bc75126cfd7a9005fe3faa00/l231.png,https://drop-assets.ea.com/images/7nHwlhyC2uPcLbb3LoBS82/08409177bc75126cfd7a9005fe3faa00/l231.png,ST,64,71,64,58,64,32,80,Right,197,87,1A Pro League
260972,Taha Ali,https://ratings-images-prod.pulse.ea.com/FC25/full/player-portraits/p260972.png?padding=0.7,Sweden,46,https://drop-assets.ea.com/images/4ts7Tmr55hzylhHNBA5xsw/073e32f2c968ae9d531bb1d013a350a0/f_46.png,https://drop-assets.ea.com/images/ie7tItNjjh8EsmNf3DzXG/e06b2b774c80b6b87d88afdee0ba7de9/l320.png,https://drop-assets.ea.com/images/ie7tItNjjh8EsmNf3DzXG/e06b2b774c80b6b87d88afdee0ba7de9/l320.png,https://drop-assets.ea.com/images/ie7tItNjjh8EsmNf3DzXG/e06b2b774c80b6b87d88afdee0ba7de9/l320.png,LM,75,86,75,58,75,35,50,Right,174,63,Allsvenskan
fm_13229852,Aymen Dahmen,//img.fminside.net/facesfm26/13229852.png,Tunisia,,https://img.fminside.net/flag-svg/tn.svg,CS Sfaxien,106857,//img.fminside.net/logos/Men/Clubs/Normal/106857.png,GK,48,55,48,44,48,64,60,Right,188,83,Ligue 1
fm_2000039743,Sabri Ben Hessen,//img.fminside.net/facesfm26/2000039743.png,Tunisia,,https://img.fminside.net/flag-svg/tn.svg,Étoile Sahel,131255,//img.fminside.net/logos/Men/Clubs/Normal/131255.png,GK,55,53,55,49,55,64,60,Right,191,86,Ligue 1
,Mouhib Chamakh,,Tunisia,,,,,,,,,,,,,,,,,
245410,Montassar Talbi,https://ratings-images-prod.pulse.ea.com/FC25/full/player-portraits/p245410.png?padding=0.7,Tunisia,145,https://drop-assets.ea.com/images/5d2CSj7wnbW2ldgW4ro27v/6a5cdec5751bf2b14b73af27e8a4c006/f_145.png,https://drop-assets.ea.com/images/2OREXtP0UjOBQ3BJc30m0J/34b2b866809a7b77368f22c29d98b7ae/l217.png,https://drop-assets.ea.com/images/2OREXtP0UjOBQ3BJc30m0J/34b2b866809a7b77368f22c29d98b7ae/l217.png,https://drop-assets.ea.com/images/2OREXtP0UjOBQ3BJc30m0J/34b2b866809a7b77368f22c29d98b7ae/l217.png,CB,57,56,57,42,57,73,76,Right,190,81,Ligue 1 McDonald's
235565,Dylan Bronn,https://ratings-images-prod.pulse.ea.com/FC25/full/player-portraits/p235565.png?padding=0.7,Tunisia,145,https://drop-assets.ea.com/images/5d2CSj7wnbW2ldgW4ro27v/6a5cdec5751bf2b14b73af27e8a4c006/f_145.png,https://drop-assets.ea.com/images/5cpTngwqrlh5ZGS6NqubQE/38e56024320e759fd0f556ce1eb6fd75/l324.png,https://drop-assets.ea.com/images/5cpTngwqrlh5ZGS6NqubQE/38e56024320e759fd0f556ce1eb6fd75/l324.png,https://drop-assets.ea.com/images/5cpTngwqrlh5ZGS6NqubQE/38e56024320e759fd0f556ce1eb6fd75/l324.png,CB,61,60,61,64,61,68,76,Right,185,76,Brack Super League
252711,Ali Abdi,https://ratings-images-prod.pulse.ea.com/FC25/full/player-portraits/p252711.png?padding=0.7,Tunisia,145,https://drop-assets.ea.com/images/5d2CSj7wnbW2ldgW4ro27v/6a5cdec5751bf2b14b73af27e8a4c006/f_145.png,https://drop-assets.ea.com/images/zByYanPvcCULBfC8OITvN/a262863aa77bfb1551a403f5f9b49f28/l72.png,https://drop-assets.ea.com/images/zByYanPvcCULBfC8OITvN/a262863aa77bfb1551a403f5f9b49f28/l72.png,https://drop-assets.ea.com/images/zByYanPvcCULBfC8OITvN/a262863aa77bfb1551a403f5f9b49f28/l72.png,LB,73,86,73,70,73,69,75,Left,183,73,Ligue 1 McDonald's
236316,Yan Valery,https://ratings-images-prod.pulse.ea.com/FC25/full/player-portraits/p236316.png?padding=0.7,Tunisia,145,https://drop-assets.ea.com/images/5d2CSj7wnbW2ldgW4ro27v/6a5cdec5751bf2b14b73af27e8a4c006/f_145.png,https://drop-assets.ea.com/images/7pPfjOGVq9NkKHgnoLFLQC/6f72d113d8d7f061305156096ededd7f/l1807.png,https://drop-assets.ea.com/images/7pPfjOGVq9NkKHgnoLFLQC/6f72d113d8d7f061305156096ededd7f/l1807.png,https://drop-assets.ea.com/images/7pPfjOGVq9NkKHgnoLFLQC/6f72d113d8d7f061305156096ededd7f/l1807.png,RB,68,62,68,63,68,70,74,Right,185,85,EFL Championship
,Mohamed Amine Ben Hamida,,Tunisia,,,,,,,,,,,,,,,,,
279056,Moutaz Neffati,https://ratings-images-prod.pulse.ea.com/FC25/full/player-portraits/p279056.png?padding=0.7,Tunisia,145,https://drop-assets.ea.com/images/5d2CSj7wnbW2ldgW4ro27v/6a5cdec5751bf2b14b73af27e8a4c006/f_145.png,https://drop-assets.ea.com/images/4GwGxFqkHVIBffBoXAd6iX/2db80b8973b27c633b978ca94f6b625c/l702.png,https://drop-assets.ea.com/images/4GwGxFqkHVIBffBoXAd6iX/2db80b8973b27c633b978ca94f6b625c/l702.png,https://drop-assets.ea.com/images/4GwGxFqkHVIBffBoXAd6iX/2db80b8973b27c633b978ca94f6b625c/l702.png,RB,61,68,61,58,61,59,57,Right,180,74,Allsvenskan
fm_91187786,Omar Rekik,//img.fminside.net/facesfm26/91187786.png,Tunisia,,https://img.fminside.net/flag-svg/tn.svg,Maribor,1629,//img.fminside.net/logos/Men/Clubs/Normal/1629.png,DC,56,55,56,54,56,57,62,Right,188,83,1. SNL
fm_2000219151,Adem Arous,//img.fminside.net/facesfm26/2000219151.png,Tunisia,,https://img.fminside.net/flag-svg/tn.svg,Kasımpaşa,130360,//img.fminside.net/logos/Men/Clubs/Normal/130360.png,DC,51,58,51,47,51,62,62,Right,188,83,Süper Lig
fm_2000141826,Raed Chikhaoui,//img.fminside.net/faces/default-male.png,Tunisia,,https://img.fminside.net/flag-svg/tn.svg,US Monastir,5390017,//img.fminside.net/logos/Men/Clubs/Normal/5390017.png,DC,39,60,39,32,39,64,62,Right,191,86,Ligue 1
225126,Ellyes Skhiri,https://ratings-images-prod.pulse.ea.com/FC25/full/player-portraits/p225126.png?padding=0.7,Tunisia,145,https://drop-assets.ea.com/images/5d2CSj7wnbW2ldgW4ro27v/6a5cdec5751bf2b14b73af27e8a4c006/f_145.png,https://drop-assets.ea.com/images/3KK76lJIZtlRnPaAgbD85V/5614e02825eb0ed03b69a9d078e40db9/l1824.png,https://drop-assets.ea.com/images/3KK76lJIZtlRnPaAgbD85V/5614e02825eb0ed03b69a9d078e40db9/l1824.png,https://drop-assets.ea.com/images/3KK76lJIZtlRnPaAgbD85V/5614e02825eb0ed03b69a9d078e40db9/l1824.png,CDM,75,64,75,74,75,80,74,Right,185,74,Bundesliga
258171,Hannibal Mejbri,https://ratings-images-prod.pulse.ea.com/FC25/full/player-portraits/p258171.png?padding=0.7,Tunisia,145,https://drop-assets.ea.com/images/5d2CSj7wnbW2ldgW4ro27v/6a5cdec5751bf2b14b73af27e8a4c006/f_145.png,https://drop-assets.ea.com/images/6CqBvyQgjJzPA5vU64paT8/03d21bd0df65afa73b752f66ca5c1714/l1796.png,https://drop-assets.ea.com/images/6CqBvyQgjJzPA5vU64paT8/03d21bd0df65afa73b752f66ca5c1714/l1796.png,https://drop-assets.ea.com/images/6CqBvyQgjJzPA5vU64paT8/03d21bd0df65afa73b752f66ca5c1714/l1796.png,CM,76,76,76,73,76,68,82,Right,182,70,Premier League
255210,Anis Ben Slimane,https://ratings-images-prod.pulse.ea.com/FC25/full/player-portraits/p255210.png?padding=0.7,Tunisia,145,https://drop-assets.ea.com/images/5d2CSj7wnbW2ldgW4ro27v/6a5cdec5751bf2b14b73af27e8a4c006/f_145.png,https://drop-assets.ea.com/images/7o6o0SBCe2scNTDZcX13sy/1f3e34348bf728dbac2afb6b3f67d680/l1792.png,https://drop-assets.ea.com/images/7o6o0SBCe2scNTDZcX13sy/1f3e34348bf728dbac2afb6b3f67d680/l1792.png,https://drop-assets.ea.com/images/7o6o0SBCe2scNTDZcX13sy/1f3e34348bf728dbac2afb6b3f67d680/l1792.png,CM,68,65,68,62,68,58,75,Right,188,86,EFL Championship
263432,Mortadha Ben Ouanes,https://ratings-images-prod.pulse.ea.com/FC25/full/player-portraits/p263432.png?padding=0.7,Tunisia,145,https://drop-assets.ea.com/images/5d2CSj7wnbW2ldgW4ro27v/6a5cdec5751bf2b14b73af27e8a4c006/f_145.png,https://drop-assets.ea.com/images/2CgrBm9OJoVzlBGvDZ4zyr/6b0558f4e736946b662322ffa998f76a/l111339.png,https://drop-assets.ea.com/images/2CgrBm9OJoVzlBGvDZ4zyr/6b0558f4e736946b662322ffa998f76a/l111339.png,https://drop-assets.ea.com/images/2CgrBm9OJoVzlBGvDZ4zyr/6b0558f4e736946b662322ffa998f76a/l111339.png,LB,68,72,68,68,68,66,65,Left,182,75,Trendyol Süper Lig
263194,Ismaël Gharbi,https://ratings-images-prod.pulse.ea.com/FC25/full/player-portraits/p263194.png?padding=0.7,Tunisia,145,https://drop-assets.ea.com/images/5d2CSj7wnbW2ldgW4ro27v/6a5cdec5751bf2b14b73af27e8a4c006/f_145.png,https://drop-assets.ea.com/images/1LMXVBp9QlIruHH6OejXOw/97f61074046861f13beaf6216a07edb5/l100409.png,https://drop-assets.ea.com/images/1LMXVBp9QlIruHH6OejXOw/97f61074046861f13beaf6216a07edb5/l100409.png,https://drop-assets.ea.com/images/1LMXVBp9QlIruHH6OejXOw/97f61074046861f13beaf6216a07edb5/l100409.png,LM,79,78,79,69,79,41,56,Right,173,66,Bundesliga
264705,Hadj Mahmoud,https://ratings-images-prod.pulse.ea.com/FC25/full/player-portraits/p264705.png?padding=0.7,Tunisia,145,https://drop-assets.ea.com/images/5d2CSj7wnbW2ldgW4ro27v/6a5cdec5751bf2b14b73af27e8a4c006/f_145.png,https://drop-assets.ea.com/images/P7rPFiuaTOWZYfQKFSeVW/4409623f9da863990f92e02d6de2f76d/l10032.png,https://drop-assets.ea.com/images/P7rPFiuaTOWZYfQKFSeVW/4409623f9da863990f92e02d6de2f76d/l10032.png,https://drop-assets.ea.com/images/P7rPFiuaTOWZYfQKFSeVW/4409623f9da863990f92e02d6de2f76d/l10032.png,CDM,66,67,66,63,66,64,70,Right,179,78,Brack Super League
211999,Rani Khedira,https://ratings-images-prod.pulse.ea.com/FC25/full/player-portraits/p211999.png?padding=0.7,Tunisia,21,https://drop-assets.ea.com/images/6IIMMGk0Uj1rcZ6DSHTpLL/93f95b602dc62594104f418c8f80ebb3/f_21.png,https://drop-assets.ea.com/images/32dPG6jDXuIAOhWKeTYmeG/8d2df657c666abfbf84baaa732140a2a/l1831.png,https://drop-assets.ea.com/images/32dPG6jDXuIAOhWKeTYmeG/8d2df657c666abfbf84baaa732140a2a/l1831.png,https://drop-assets.ea.com/images/32dPG6jDXuIAOhWKeTYmeG/8d2df657c666abfbf84baaa732140a2a/l1831.png,CDM,62,57,62,57,62,79,83,Right,189,86,Bundesliga
263672,Elias Achouri,https://ratings-images-prod.pulse.ea.com/FC25/full/player-portraits/p263672.png?padding=0.7,Tunisia,145,https://drop-assets.ea.com/images/5d2CSj7wnbW2ldgW4ro27v/6a5cdec5751bf2b14b73af27e8a4c006/f_145.png,https://drop-assets.ea.com/images/6r6we9mj39z5Irzr0aRxQU/4066cee956fb6aca5b2021644a14f82f/l819.png,https://drop-assets.ea.com/images/6r6we9mj39z5Irzr0aRxQU/4066cee956fb6aca5b2021644a14f82f/l819.png,https://drop-assets.ea.com/images/6r6we9mj39z5Irzr0aRxQU/4066cee956fb6aca5b2021644a14f82f/l819.png,LM,74,85,74,65,74,32,58,Right,177,70,3F Superliga
fm_13227948,Firas Chaouat,//img.fminside.net/facesfm26/13227948.png,Tunisia,,https://img.fminside.net/flag-svg/tn.svg,Club Africain,401149,//img.fminside.net/logos/Men/Clubs/Normal/401149.png,ST,59,65,59,50,59,30,69,Right,185,80,Ligue 1
fm_2000165468,Hazem Mastouri,//img.fminside.net/facesfm26/2000165468.png,Tunisia,,https://img.fminside.net/flag-svg/tn.svg,Dinamo Makhachkala,58046584,//img.fminside.net/logos/Men/Clubs/Normal/58046584.png,ST,53,60,53,44,53,35,65,Right,191,86,Premier Liga
274000,Elias Saad,https://ratings-images-prod.pulse.ea.com/FC25/full/player-portraits/p274000.png?padding=0.7,Tunisia,145,https://drop-assets.ea.com/images/5d2CSj7wnbW2ldgW4ro27v/6a5cdec5751bf2b14b73af27e8a4c006/f_145.png,https://drop-assets.ea.com/images/1LMXVBp9QlIruHH6OejXOw/97f61074046861f13beaf6216a07edb5/l100409.png,https://drop-assets.ea.com/images/1LMXVBp9QlIruHH6OejXOw/97f61074046861f13beaf6216a07edb5/l100409.png,https://drop-assets.ea.com/images/1LMXVBp9QlIruHH6OejXOw/97f61074046861f13beaf6216a07edb5/l100409.png,LW,77,74,77,67,77,31,59,Right,185,72,Bundesliga
256383,Sebastian Tounekti,https://ratings-images-prod.pulse.ea.com/FC25/full/player-portraits/p256383.png?padding=0.7,Tunisia,145,https://drop-assets.ea.com/images/5d2CSj7wnbW2ldgW4ro27v/6a5cdec5751bf2b14b73af27e8a4c006/f_145.png,https://drop-assets.ea.com/images/16GwjVn0vBxAdBx5F4uW0q/6a96b7c86f98010e0b9cd943dc48d4ca/l78.png,https://drop-assets.ea.com/images/16GwjVn0vBxAdBx5F4uW0q/6a96b7c86f98010e0b9cd943dc48d4ca/l78.png,https://drop-assets.ea.com/images/16GwjVn0vBxAdBx5F4uW0q/6a96b7c86f98010e0b9cd943dc48d4ca/l78.png,LM,70,78,70,62,70,24,63,Right,170,68,Scottish Prem
fm_2000320060,Khalil Ayari,//img.fminside.net/faces/default-male.png,Tunisia,,https://img.fminside.net/flag-svg/tn.svg,Stade Tunisien,5390013,//img.fminside.net/logos/Men/Clubs/Normal/5390013.png,AMR,64,70,64,54,64,19,39,Left,174,69,Ligue 1
fm_2000476111,Rayan Elloumi,//img.fminside.net/faces/default-male.png,Tunisia,,https://img.fminside.net/flag-svg/ca.svg,Vancouver,4400014,//img.fminside.net/logos/Men/Clubs/Normal/4400014.png,ST,60,63,60,44,60,27,49,Right,183,78,MLS
192119,Thibaut Courtois,https://ratings-images-prod.pulse.ea.com/FC25/full/player-portraits/p192119.png?padding=0.7,Belgium,7,https://drop-assets.ea.com/images/7eZLPoDDyxSlQoqcS4NVA2/6fc085dc7e85ccd7519be7ff2df875ee/f_7.png,https://drop-assets.ea.com/images/Pk8nYrWuRt895RlhJx8jI/445d98b711f413a3a1e70c41b19b0f95/l243.png,https://drop-assets.ea.com/images/Pk8nYrWuRt895RlhJx8jI/445d98b711f413a3a1e70c41b19b0f95/l243.png,https://drop-assets.ea.com/images/Pk8nYrWuRt895RlhJx8jI/445d98b711f413a3a1e70c41b19b0f95/l243.png,GK,90,85,90,76,90,46,88,Left,200,96,LALIGA EA SPORTS
254803,Senne Lammens,https://ratings-images-prod.pulse.ea.com/FC25/full/player-portraits/p254803.png?padding=0.7,Belgium,7,https://drop-assets.ea.com/images/7eZLPoDDyxSlQoqcS4NVA2/6fc085dc7e85ccd7519be7ff2df875ee/f_7.png,https://drop-assets.ea.com/images/5xxJeUfFY6FEQZEJyJK35/990979becf88b88ecb6461dc441c2ebf/l11.png,https://drop-assets.ea.com/images/5xxJeUfFY6FEQZEJyJK35/990979becf88b88ecb6461dc441c2ebf/l11.png,https://drop-assets.ea.com/images/5xxJeUfFY6FEQZEJyJK35/990979becf88b88ecb6461dc441c2ebf/l11.png,GK,77,79,77,71,77,21,79,Right,193,92,Premier League
270821,Mike Penders,https://ratings-images-prod.pulse.ea.com/FC25/full/player-portraits/p270821.png?padding=0.7,Belgium,7,https://drop-assets.ea.com/images/7eZLPoDDyxSlQoqcS4NVA2/6fc085dc7e85ccd7519be7ff2df875ee/f_7.png,https://drop-assets.ea.com/images/5ujpJkozlZbo3FNV0Fi84H/d39ffa173bd150d5f10bcfe3392abe54/l76.png,https://drop-assets.ea.com/images/5ujpJkozlZbo3FNV0Fi84H/d39ffa173bd150d5f10bcfe3392abe54/l76.png,https://drop-assets.ea.com/images/5ujpJkozlZbo3FNV0Fi84H/d39ffa173bd150d5f10bcfe3392abe54/l76.png,GK,75,77,75,76,75,22,69,Left,200,95,Ligue 1 McDonald's
202371,Thomas Meunier,https://ratings-images-prod.pulse.ea.com/FC25/full/player-portraits/p202371.png?padding=0.7,Belgium,7,https://drop-assets.ea.com/images/7eZLPoDDyxSlQoqcS4NVA2/6fc085dc7e85ccd7519be7ff2df875ee/f_7.png,https://drop-assets.ea.com/images/tfbRaZiFuJ9jTer1qcf0Z/95171efd06d2494735c0e8a7c5aa9df2/l65.png,https://drop-assets.ea.com/images/tfbRaZiFuJ9jTer1qcf0Z/95171efd06d2494735c0e8a7c5aa9df2/l65.png,https://drop-assets.ea.com/images/tfbRaZiFuJ9jTer1qcf0Z/95171efd06d2494735c0e8a7c5aa9df2/l65.png,RB,71,63,71,72,71,75,81,Right,191,90,Ligue 1 McDonald's
222501,Timothy Castagne,https://ratings-images-prod.pulse.ea.com/FC25/full/player-portraits/p222501.png?padding=0.7,Belgium,7,https://drop-assets.ea.com/images/7eZLPoDDyxSlQoqcS4NVA2/6fc085dc7e85ccd7519be7ff2df875ee/f_7.png,https://drop-assets.ea.com/images/1YL8ULAZyOPtffpFGZcGe8/84ec5701079276f33aa349d253fa0321/l144.png,https://drop-assets.ea.com/images/1YL8ULAZyOPtffpFGZcGe8/84ec5701079276f33aa349d253fa0321/l144.png,https://drop-assets.ea.com/images/1YL8ULAZyOPtffpFGZcGe8/84ec5701079276f33aa349d253fa0321/l144.png,RB,72,68,72,70,72,74,71,Right,185,80,Premier League
257278,Arthur Theate,https://ratings-images-prod.pulse.ea.com/FC25/full/player-portraits/p257278.png?padding=0.7,Belgium,7,https://drop-assets.ea.com/images/7eZLPoDDyxSlQoqcS4NVA2/6fc085dc7e85ccd7519be7ff2df875ee/f_7.png,https://drop-assets.ea.com/images/3KK76lJIZtlRnPaAgbD85V/5614e02825eb0ed03b69a9d078e40db9/l1824.png,https://drop-assets.ea.com/images/3KK76lJIZtlRnPaAgbD85V/5614e02825eb0ed03b69a9d078e40db9/l1824.png,https://drop-assets.ea.com/images/3KK76lJIZtlRnPaAgbD85V/5614e02825eb0ed03b69a9d078e40db9/l1824.png,CB,71,67,71,70,71,80,82,Left,185,78,Bundesliga
254262,Zeno Debast,https://ratings-images-prod.pulse.ea.com/FC25/full/player-portraits/p254262.png?padding=0.7,Belgium,7,https://drop-assets.ea.com/images/7eZLPoDDyxSlQoqcS4NVA2/6fc085dc7e85ccd7519be7ff2df875ee/f_7.png,https://drop-assets.ea.com/images/2bL9oGApMvbYE1o0Byl8KB/c914cde8141f11124f026cb198a0eb00/l237.png,https://drop-assets.ea.com/images/2bL9oGApMvbYE1o0Byl8KB/c914cde8141f11124f026cb198a0eb00/l237.png,https://drop-assets.ea.com/images/2bL9oGApMvbYE1o0Byl8KB/c914cde8141f11124f026cb198a0eb00/l237.png,CDM,74,70,74,76,74,77,76,Right,191,76,Liga Portugal
251479,Maxim De Cuyper,https://ratings-images-prod.pulse.ea.com/FC25/full/player-portraits/p251479.png?padding=0.7,Belgium,7,https://drop-assets.ea.com/images/7eZLPoDDyxSlQoqcS4NVA2/6fc085dc7e85ccd7519be7ff2df875ee/f_7.png,https://drop-assets.ea.com/images/1mFLMjuFkxQjbRaTLKZ8Gm/277b9eb6d29d37064d1d82063b06f681/l1808.png,https://drop-assets.ea.com/images/1mFLMjuFkxQjbRaTLKZ8Gm/277b9eb6d29d37064d1d82063b06f681/l1808.png,https://drop-assets.ea.com/images/1mFLMjuFkxQjbRaTLKZ8Gm/277b9eb6d29d37064d1d82063b06f681/l1808.png,LB,79,76,79,80,79,75,75,Left,183,72,Premier League
212204,Brandon Mechele,https://ratings-images-prod.pulse.ea.com/FC25/full/player-portraits/p212204.png?padding=0.7,Belgium,7,https://drop-assets.ea.com/images/7eZLPoDDyxSlQoqcS4NVA2/6fc085dc7e85ccd7519be7ff2df875ee/f_7.png,https://drop-assets.ea.com/images/7nHwlhyC2uPcLbb3LoBS82/08409177bc75126cfd7a9005fe3faa00/l231.png,https://drop-assets.ea.com/images/7nHwlhyC2uPcLbb3LoBS82/08409177bc75126cfd7a9005fe3faa00/l231.png,https://drop-assets.ea.com/images/7nHwlhyC2uPcLbb3LoBS82/08409177bc75126cfd7a9005fe3faa00/l231.png,CB,56,49,56,55,56,80,78,Right,190,80,1A Pro League
265774,Koni De Winter,https://ratings-images-prod.pulse.ea.com/FC25/full/player-portraits/p265774.png?padding=0.7,Belgium,7,https://drop-assets.ea.com/images/7eZLPoDDyxSlQoqcS4NVA2/6fc085dc7e85ccd7519be7ff2df875ee/f_7.png,https://drop-assets.ea.com/images/6D3s1RlLRER3UOunC4Lofv/ec87a4178160a87521b0b7c688e7638e/l131681.png,https://drop-assets.ea.com/images/6D3s1RlLRER3UOunC4Lofv/ec87a4178160a87521b0b7c688e7638e/l131681.png,https://drop-assets.ea.com/images/6D3s1RlLRER3UOunC4Lofv/ec87a4178160a87521b0b7c688e7638e/l131681.png,CB,66,67,66,58,66,75,72,Right,191,75,Serie A Enilive
71305,Joaquin Seys,https://ratings-images-prod.pulse.ea.com/FC25/full/player-portraits/p71305.png?padding=0.7,Belgium,7,https://drop-assets.ea.com/images/7eZLPoDDyxSlQoqcS4NVA2/6fc085dc7e85ccd7519be7ff2df875ee/f_7.png,https://drop-assets.ea.com/images/7nHwlhyC2uPcLbb3LoBS82/08409177bc75126cfd7a9005fe3faa00/l231.png,https://drop-assets.ea.com/images/7nHwlhyC2uPcLbb3LoBS82/08409177bc75126cfd7a9005fe3faa00/l231.png,https://drop-assets.ea.com/images/7nHwlhyC2uPcLbb3LoBS82/08409177bc75126cfd7a9005fe3faa00/l231.png,RB,69,81,69,67,69,67,66,Left,178,63,1A Pro League
262071,Nathan Ngoy,https://ratings-images-prod.pulse.ea.com/FC25/full/player-portraits/p262071.png?padding=0.7,Belgium,7,https://drop-assets.ea.com/images/7eZLPoDDyxSlQoqcS4NVA2/6fc085dc7e85ccd7519be7ff2df875ee/f_7.png,https://drop-assets.ea.com/images/tfbRaZiFuJ9jTer1qcf0Z/95171efd06d2494735c0e8a7c5aa9df2/l65.png,https://drop-assets.ea.com/images/tfbRaZiFuJ9jTer1qcf0Z/95171efd06d2494735c0e8a7c5aa9df2/l65.png,https://drop-assets.ea.com/images/tfbRaZiFuJ9jTer1qcf0Z/95171efd06d2494735c0e8a7c5aa9df2/l65.png,CB,67,78,67,49,67,65,74,Right,183,74,Ligue 1 McDonald's
177413,Axel Witsel,https://ratings-images-prod.pulse.ea.com/FC25/full/player-portraits/p177413.png?padding=0.7,Belgium,7,https://drop-assets.ea.com/images/7eZLPoDDyxSlQoqcS4NVA2/6fc085dc7e85ccd7519be7ff2df875ee/f_7.png,https://drop-assets.ea.com/images/40lM20ITshJSKsZtWMGQ8m/3f11cea65b14635cc29654b6ba13c0b6/l110062.png,https://drop-assets.ea.com/images/40lM20ITshJSKsZtWMGQ8m/3f11cea65b14635cc29654b6ba13c0b6/l110062.png,https://drop-assets.ea.com/images/40lM20ITshJSKsZtWMGQ8m/3f11cea65b14635cc29654b6ba13c0b6/l110062.png,CB,74,31,74,76,74,79,66,Right,186,81,LALIGA EA SPORTS
192985,Kevin De Bruyne,https://ratings-images-prod.pulse.ea.com/FC25/full/player-portraits/p192985.png?padding=0.7,Belgium,7,https://drop-assets.ea.com/images/7eZLPoDDyxSlQoqcS4NVA2/6fc085dc7e85ccd7519be7ff2df875ee/f_7.png,https://drop-assets.ea.com/images/2FIV26KpnSXl3Nv8Ar6jk3/d8461aa150da3d433fccc34bc80c978f/l48.png,https://drop-assets.ea.com/images/2FIV26KpnSXl3Nv8Ar6jk3/d8461aa150da3d433fccc34bc80c978f/l48.png,https://drop-assets.ea.com/images/2FIV26KpnSXl3Nv8Ar6jk3/d8461aa150da3d433fccc34bc80c978f/l48.png,CM,84,66,84,92,84,65,72,Right,181,75,Serie A Enilive
216393,Youri Tielemans,https://ratings-images-prod.pulse.ea.com/FC25/full/player-portraits/p216393.png?padding=0.7,Belgium,7,https://drop-assets.ea.com/images/7eZLPoDDyxSlQoqcS4NVA2/6fc085dc7e85ccd7519be7ff2df875ee/f_7.png,https://drop-assets.ea.com/images/57c0ppYsEA88xL0gxqce8K/99605df97c6a96ea3b6e8a424c217af0/l2.png,https://drop-assets.ea.com/images/57c0ppYsEA88xL0gxqce8K/99605df97c6a96ea3b6e8a424c217af0/l2.png,https://drop-assets.ea.com/images/57c0ppYsEA88xL0gxqce8K/99605df97c6a96ea3b6e8a424c217af0/l2.png,CM,80,54,80,85,80,75,72,Right,176,72,Premier League
200155,Hans Vanaken,https://ratings-images-prod.pulse.ea.com/FC25/full/player-portraits/p200155.png?padding=0.7,Belgium,7,https://drop-assets.ea.com/images/7eZLPoDDyxSlQoqcS4NVA2/6fc085dc7e85ccd7519be7ff2df875ee/f_7.png,https://drop-assets.ea.com/images/7nHwlhyC2uPcLbb3LoBS82/08409177bc75126cfd7a9005fe3faa00/l231.png,https://drop-assets.ea.com/images/7nHwlhyC2uPcLbb3LoBS82/08409177bc75126cfd7a9005fe3faa00/l231.png,https://drop-assets.ea.com/images/7nHwlhyC2uPcLbb3LoBS82/08409177bc75126cfd7a9005fe3faa00/l231.png,CAM,77,45,77,84,77,60,78,Right,195,77,1A Pro League
257057,Amadou Onana,https://ratings-images-prod.pulse.ea.com/FC25/full/player-portraits/p257057.png?padding=0.7,Belgium,7,https://drop-assets.ea.com/images/7eZLPoDDyxSlQoqcS4NVA2/6fc085dc7e85ccd7519be7ff2df875ee/f_7.png,https://drop-assets.ea.com/images/57c0ppYsEA88xL0gxqce8K/99605df97c6a96ea3b6e8a424c217af0/l2.png,https://drop-assets.ea.com/images/57c0ppYsEA88xL0gxqce8K/99605df97c6a96ea3b6e8a424c217af0/l2.png,https://drop-assets.ea.com/images/57c0ppYsEA88xL0gxqce8K/99605df97c6a96ea3b6e8a424c217af0/l2.png,CDM,73,74,73,72,73,78,81,Right,192,76,Premier League
239810,Nicolas Raskin,https://ratings-images-prod.pulse.ea.com/FC25/full/player-portraits/p239810.png?padding=0.7,Belgium,7,https://drop-assets.ea.com/images/7eZLPoDDyxSlQoqcS4NVA2/6fc085dc7e85ccd7519be7ff2df875ee/f_7.png,https://drop-assets.ea.com/images/5lOjqHjEdrBuaj323x9jDf/b5504a0894594d6c3dfa97cca700e572/l86.png,https://drop-assets.ea.com/images/5lOjqHjEdrBuaj323x9jDf/b5504a0894594d6c3dfa97cca700e572/l86.png,https://drop-assets.ea.com/images/5lOjqHjEdrBuaj323x9jDf/b5504a0894594d6c3dfa97cca700e572/l86.png,CDM,76,73,76,73,76,73,74,Right,178,74,Scottish Prem
192505,Romelu Lukaku,https://ratings-images-prod.pulse.ea.com/FC25/full/player-portraits/p192505.png?padding=0.7,Belgium,7,https://drop-assets.ea.com/images/7eZLPoDDyxSlQoqcS4NVA2/6fc085dc7e85ccd7519be7ff2df875ee/f_7.png,https://drop-assets.ea.com/images/2FIV26KpnSXl3Nv8Ar6jk3/d8461aa150da3d433fccc34bc80c978f/l48.png,https://drop-assets.ea.com/images/2FIV26KpnSXl3Nv8Ar6jk3/d8461aa150da3d433fccc34bc80c978f/l48.png,https://drop-assets.ea.com/images/2FIV26KpnSXl3Nv8Ar6jk3/d8461aa150da3d433fccc34bc80c978f/l48.png,ST,75,79,75,75,75,41,84,Left,191,94,Serie A Enilive
207421,Leandro Trossard,https://ratings-images-prod.pulse.ea.com/FC25/full/player-portraits/p207421.png?padding=0.7,Belgium,7,https://drop-assets.ea.com/images/7eZLPoDDyxSlQoqcS4NVA2/6fc085dc7e85ccd7519be7ff2df875ee/f_7.png,https://drop-assets.ea.com/images/2ng99bvkwKaA228PJje39i/09d2df89a78377d3f8d3f78469cbadc9/l1.png,https://drop-assets.ea.com/images/2ng99bvkwKaA228PJje39i/09d2df89a78377d3f8d3f78469cbadc9/l1.png,https://drop-assets.ea.com/images/2ng99bvkwKaA228PJje39i/09d2df89a78377d3f8d3f78469cbadc9/l1.png,LW,85,80,85,80,85,30,60,Right,171,67,Premier League
246420,Jérémy Doku,https://ratings-images-prod.pulse.ea.com/FC25/full/player-portraits/p246420.png?padding=0.7,Belgium,7,https://drop-assets.ea.com/images/7eZLPoDDyxSlQoqcS4NVA2/6fc085dc7e85ccd7519be7ff2df875ee/f_7.png,https://drop-assets.ea.com/images/4asmNLic4aQn6cjlEg1t5u/88bea3ddd6c1f620bbf813041f248685/l10.png,https://drop-assets.ea.com/images/4asmNLic4aQn6cjlEg1t5u/88bea3ddd6c1f620bbf813041f248685/l10.png,https://drop-assets.ea.com/images/4asmNLic4aQn6cjlEg1t5u/88bea3ddd6c1f620bbf813041f248685/l10.png,LW,87,91,87,72,87,32,68,Right,173,66,Premier League
231416,Dodi Lukébakio,https://ratings-images-prod.pulse.ea.com/FC25/full/player-portraits/p231416.png?padding=0.7,Belgium,7,https://drop-assets.ea.com/images/7eZLPoDDyxSlQoqcS4NVA2/6fc085dc7e85ccd7519be7ff2df875ee/f_7.png,https://drop-assets.ea.com/images/2DamHkQ1ZP1CYVjFPp6ofg/3e07292021842fdadb7aaaa84e7473aa/l234.png,https://drop-assets.ea.com/images/2DamHkQ1ZP1CYVjFPp6ofg/3e07292021842fdadb7aaaa84e7473aa/l234.png,https://drop-assets.ea.com/images/2DamHkQ1ZP1CYVjFPp6ofg/3e07292021842fdadb7aaaa84e7473aa/l234.png,RM,83,87,83,76,83,31,64,Left,187,77,Liga Portugal
251470,Charles De Ketelaere,https://ratings-images-prod.pulse.ea.com/FC25/full/player-portraits/p251470.png?padding=0.7,Belgium,7,https://drop-assets.ea.com/images/7eZLPoDDyxSlQoqcS4NVA2/6fc085dc7e85ccd7519be7ff2df875ee/f_7.png,https://drop-assets.ea.com/images/19gWEcyonp2fvk02MNHZOA/83b82283fc62f7010b529a53a0724eee/l115845.png,https://drop-assets.ea.com/images/19gWEcyonp2fvk02MNHZOA/83b82283fc62f7010b529a53a0724eee/l115845.png,https://drop-assets.ea.com/images/19gWEcyonp2fvk02MNHZOA/83b82283fc62f7010b529a53a0724eee/l115845.png,CAM,83,70,83,80,83,56,68,Left,192,79,Serie A Enilive
242664,Alexis Saelemaekers,https://ratings-images-prod.pulse.ea.com/FC25/full/player-portraits/p242664.png?padding=0.7,Belgium,7,https://drop-assets.ea.com/images/7eZLPoDDyxSlQoqcS4NVA2/6fc085dc7e85ccd7519be7ff2df875ee/f_7.png,https://drop-assets.ea.com/images/6D3s1RlLRER3UOunC4Lofv/ec87a4178160a87521b0b7c688e7638e/l131681.png,https://drop-assets.ea.com/images/6D3s1RlLRER3UOunC4Lofv/ec87a4178160a87521b0b7c688e7638e/l131681.png,https://drop-assets.ea.com/images/6D3s1RlLRER3UOunC4Lofv/ec87a4178160a87521b0b7c688e7638e/l131681.png,RM,81,80,81,75,81,66,63,Right,180,72,Serie A Enilive
270039,Diego Moreira,https://ratings-images-prod.pulse.ea.com/FC25/full/player-portraits/p270039.png?padding=0.7,Belgium,7,https://drop-assets.ea.com/images/7eZLPoDDyxSlQoqcS4NVA2/6fc085dc7e85ccd7519be7ff2df875ee/f_7.png,https://drop-assets.ea.com/images/5ujpJkozlZbo3FNV0Fi84H/d39ffa173bd150d5f10bcfe3392abe54/l76.png,https://drop-assets.ea.com/images/5ujpJkozlZbo3FNV0Fi84H/d39ffa173bd150d5f10bcfe3392abe54/l76.png,https://drop-assets.ea.com/images/5ujpJkozlZbo3FNV0Fi84H/d39ffa173bd150d5f10bcfe3392abe54/l76.png,LM,79,90,79,69,79,64,68,Left,179,73,Ligue 1 McDonald's
276048,Matias Fernandez-Pardo,https://ratings-images-prod.pulse.ea.com/FC25/full/player-portraits/p276048.png?padding=0.7,Belgium,45,https://drop-assets.ea.com/images/Kv8okAYMsDbB3ZKbxrAXw/9d30c88d16a4c85002f35c6af412c6f7/f_45.png,https://drop-assets.ea.com/images/tfbRaZiFuJ9jTer1qcf0Z/95171efd06d2494735c0e8a7c5aa9df2/l65.png,https://drop-assets.ea.com/images/tfbRaZiFuJ9jTer1qcf0Z/95171efd06d2494735c0e8a7c5aa9df2/l65.png,https://drop-assets.ea.com/images/tfbRaZiFuJ9jTer1qcf0Z/95171efd06d2494735c0e8a7c5aa9df2/l65.png,LM,76,87,76,68,76,39,57,Right,188,77,Ligue 1 McDonald's
fm_12020128,Mohamed El Shenawy,//img.fminside.net/facesfm26/12020128.png,Egypt,,https://img.fminside.net/flag-svg/eg.svg,Al-Ahly,106756,//img.fminside.net/logos/Men/Clubs/Normal/106756.png,GK,70,50,70,57,70,67,63,Right,191,86,Premier League
,Mostafa Shobeir,,Egypt,,,,,,,,,,,,,,,,,
fm_2000403538,Mohamed Alaa,//img.fminside.net/facesfm26/2000403538.png,Egypt,,https://img.fminside.net/flag-svg/eg.svg,El Gouna,12009820,//img.fminside.net/logos/Men/Clubs/Normal/12009820.png,GK,63,53,63,47,63,34,28,Right,183,78,Premier League
fm_12034380,El Mahdy Soliman,//img.fminside.net/facesfm26/12034380.png,Egypt,,https://img.fminside.net/flag-svg/eg.svg,Zamalek,106755,//img.fminside.net/logos/Men/Clubs/Normal/106755.png,GK,53,45,53,45,53,50,72,Right,189,84,Premier League
,Hamdy Fathy,,Egypt,,,,,,,,,,,,,,,,,
220380,Ramy Rabia,https://ratings-images-prod.pulse.ea.com/FC25/full/player-portraits/p220380.png?padding=0.7,Egypt,111,https://drop-assets.ea.com/images/3oaPJgnayo3Vq637niTdZs/2f31f32693e575ac1ae46a0651b1a8f7/f_111.png,https://drop-assets.ea.com/images/7N0bj9ejtui6dQADUbJ4qT/60355b19aff7a02c72d8494e24de49f9/l111701.png,https://drop-assets.ea.com/images/7N0bj9ejtui6dQADUbJ4qT/60355b19aff7a02c72d8494e24de49f9/l111701.png,https://drop-assets.ea.com/images/7N0bj9ejtui6dQADUbJ4qT/60355b19aff7a02c72d8494e24de49f9/l111701.png,CB,55,60,55,55,55,67,72,Right,183,86,United Emirates League
fm_13165399,Mohamed Hany,//img.fminside.net/facesfm26/13165399.png,Egypt,,https://img.fminside.net/flag-svg/eg.svg,Al-Ahly,106756,//img.fminside.net/logos/Men/Clubs/Normal/106756.png,DR,66,70,66,64,66,64,60,Right,180,75,Premier League
fm_13226670,Ahmed Fatouh,//img.fminside.net/facesfm26/13226670.png,Egypt,,https://img.fminside.net/flag-svg/eg.svg,Zamalek,106755,//img.fminside.net/logos/Men/Clubs/Normal/106755.png,DL,66,73,66,59,66,62,57,Left,177,72,Premier League
269164,Mohamed Abdelmonem,https://ratings-images-prod.pulse.ea.com/FC25/full/player-portraits/p269164.png?padding=0.7,Egypt,111,https://drop-assets.ea.com/images/3oaPJgnayo3Vq637niTdZs/2f31f32693e575ac1ae46a0651b1a8f7/f_111.png,https://drop-assets.ea.com/images/zByYanPvcCULBfC8OITvN/a262863aa77bfb1551a403f5f9b49f28/l72.png,https://drop-assets.ea.com/images/zByYanPvcCULBfC8OITvN/a262863aa77bfb1551a403f5f9b49f28/l72.png,https://drop-assets.ea.com/images/zByYanPvcCULBfC8OITvN/a262863aa77bfb1551a403f5f9b49f28/l72.png,CB,61,62,61,63,61,74,74,Right,183,78,Ligue 1 McDonald's
fm_13166354,Yasser Ibrahim,//img.fminside.net/facesfm26/13166354.png,Egypt,,https://img.fminside.net/flag-svg/eg.svg,Al-Ahly,106756,//img.fminside.net/logos/Men/Clubs/Normal/106756.png,DC,48,60,48,44,48,72,65,Right,185,80,Premier League
fm_2000067313,Hossam Abdelmaguid,//img.fminside.net/facesfm26/2000067313.png,Egypt,,https://img.fminside.net/flag-svg/eg.svg,Zamalek,106755,//img.fminside.net/logos/Men/Clubs/Normal/106755.png,DC,54,60,54,50,54,62,67,Right,193,88,Premier League
fm_18089595,Karim Hafez,//img.fminside.net/facesfm26/18089595.png,Egypt,,https://img.fminside.net/flag-svg/eg.svg,Pyramids,13208139,//img.fminside.net/logos/Men/Clubs/Normal/13208139.png,DL,62,70,62,57,62,45,52,Left,175,70,Premier League
fm_2000248375,Tarek Alaa,//img.fminside.net/faces/default-male.png,Egypt,,https://img.fminside.net/flag-svg/eg.svg,Pyramids,13208139,//img.fminside.net/logos/Men/Clubs/Normal/13208139.png,DR,50,65,50,52,50,54,50,Right,178,73,Premier League
,Marwan Attia,,Egypt,,,,,,,,,,,,,,,,,
fm_13229209,Emam Ashour,//img.fminside.net/facesfm26/13229209.png,Egypt,,https://img.fminside.net/flag-svg/eg.svg,Al-Ahly,106756,//img.fminside.net/logos/Men/Clubs/Normal/106756.png,MC,69,63,69,67,69,49,59,Right,182,77,Premier League
fm_2000069145,Mohanad Lasheen,//img.fminside.net/facesfm26/2000069145.png,Egypt,,https://img.fminside.net/flag-svg/eg.svg,Pyramids,13208139,//img.fminside.net/logos/Men/Clubs/Normal/13208139.png,DM,63,63,63,54,63,54,67,Right,179,74,Premier League
fm_2000115069,Mahmoud Saber,//img.fminside.net/facesfm26/2000115069.png,Egypt,,https://img.fminside.net/flag-svg/eg.svg,Pyramids,13208139,//img.fminside.net/logos/Men/Clubs/Normal/13208139.png,MC,64,63,64,62,64,34,44,Right,170,65,Premier League
,Nabil Emad,,Egypt,,,,,,,,,,,,,,,,,
,Mostafa Ziko,,Egypt,,,,,,,,,,,,,,,,,
209331,Mohamed Salah,https://ratings-images-prod.pulse.ea.com/FC25/full/player-portraits/p209331.png?padding=0.7,Egypt,111,https://drop-assets.ea.com/images/3oaPJgnayo3Vq637niTdZs/2f31f32693e575ac1ae46a0651b1a8f7/f_111.png,https://drop-assets.ea.com/images/3mmzooNXBDCKuCy6kWcGQo/2e332a30fe2a7225a88fcb1898f48bbf/l9.png,https://drop-assets.ea.com/images/3mmzooNXBDCKuCy6kWcGQo/2e332a30fe2a7225a88fcb1898f48bbf/l9.png,https://drop-assets.ea.com/images/3mmzooNXBDCKuCy6kWcGQo/2e332a30fe2a7225a88fcb1898f48bbf/l9.png,RM,90,89,90,86,90,45,76,Left,175,72,Premier League
fm_13156726,Trézéguet,//img.fminside.net/facesfm26/13156726.png,Egypt,,https://img.fminside.net/flag-svg/eg.svg,Al-Ahly,106756,//img.fminside.net/logos/Men/Clubs/Normal/106756.png,AMR,72,65,72,59,72,35,59,Right,180,75,Premier League
fm_18084626,Zizo,//img.fminside.net/facesfm26/18084626.png,Egypt,,https://img.fminside.net/flag-svg/eg.svg,Al-Ahly,106756,//img.fminside.net/logos/Men/Clubs/Normal/106756.png,AMR,71,70,71,72,71,37,49,Right,174,69,Premier League
256675,Omar Marmoush,https://ratings-images-prod.pulse.ea.com/FC25/full/player-portraits/p256675.png?padding=0.7,Egypt,111,https://drop-assets.ea.com/images/3oaPJgnayo3Vq637niTdZs/2f31f32693e575ac1ae46a0651b1a8f7/f_111.png,https://drop-assets.ea.com/images/4asmNLic4aQn6cjlEg1t5u/88bea3ddd6c1f620bbf813041f248685/l10.png,https://drop-assets.ea.com/images/4asmNLic4aQn6cjlEg1t5u/88bea3ddd6c1f620bbf813041f248685/l10.png,https://drop-assets.ea.com/images/4asmNLic4aQn6cjlEg1t5u/88bea3ddd6c1f620bbf813041f248685/l10.png,ST,86,89,86,76,86,34,71,Right,183,81,Premier League
fm_2000059773,Ibrahim Adel,//img.fminside.net/facesfm26/2000059773.png,Egypt,,https://img.fminside.net/flag-svg/eg.svg,Al-Jazira,135450,//img.fminside.net/logos/Men/Clubs/Normal/135450.png,AML,76,68,76,60,76,30,47,Right,176,71,ADNOC Pro League
245870,Haissem Hassan,https://ratings-images-prod.pulse.ea.com/FC25/full/player-portraits/p245870.png?padding=0.7,Egypt,18,https://drop-assets.ea.com/images/3ECAQzhfgSLWRf9IIHB6G8/7e235a7b2f93c1f73db7f89dc03b3657/f_18.png,https://drop-assets.ea.com/images/1T0WoM8QmdkGaHUzqSll3a/13e4f9aa029c861d5766dd1eb4f6a75f/l110827.png,https://drop-assets.ea.com/images/1T0WoM8QmdkGaHUzqSll3a/13e4f9aa029c861d5766dd1eb4f6a75f/l110827.png,https://drop-assets.ea.com/images/1T0WoM8QmdkGaHUzqSll3a/13e4f9aa029c861d5766dd1eb4f6a75f/l110827.png,RM,79,91,79,61,79,26,57,,178,71,LALIGA EA SPORTS
fm_2000402287,Hamza Abdelkarim,//img.fminside.net/faces/default-male.png,Egypt,,https://img.fminside.net/flag-svg/eg.svg,Al-Ahly,106756,//img.fminside.net/logos/Men/Clubs/Normal/106756.png,ST,52,68,52,39,52,20,54,Left,182,77,Premier League
fm_23260427,Alireza Beiranvand,//img.fminside.net/facesfm26/23260427.png,Iran,,https://img.fminside.net/flag-svg/ir.svg,Tractor,5512156,//img.fminside.net/logos/Men/Clubs/Normal/5512156.png,GK,68,50,68,72,68,60,70,Right,195,90,Pro League
fm_23340499,Payam Niazmand,//img.fminside.net/facesfm26/23340499.png,Iran,,https://img.fminside.net/flag-svg/ir.svg,Persepolis,102860,//img.fminside.net/logos/Men/Clubs/Normal/102860.png,GK,70,43,70,57,70,62,64,Right,194,89,Pro League
fm_23134088,Hossein Hosseini,//img.fminside.net/facesfm26/23134088.png,Iran,,https://img.fminside.net/flag-svg/ir.svg,Sepahan FC,5512191,//img.fminside.net/logos/Men/Clubs/Normal/5512191.png,GK,50,53,50,50,50,47,63,Right,187,82,Pro League
fm_23034077,Ehsan Hajsafi,//img.fminside.net/facesfm26/23034077.png,Iran,,https://img.fminside.net/flag-svg/ir.svg,Sepahan FC,5512191,//img.fminside.net/logos/Men/Clubs/Normal/5512191.png,DL,58,50,58,64,58,55,55,Left,178,73,Pro League
fm_23349097,Milad Mohammadi,//img.fminside.net/facesfm26/23349097.png,Iran,,https://img.fminside.net/flag-svg/ir.svg,Persepolis,102860,//img.fminside.net/logos/Men/Clubs/Normal/102860.png,DL,59,68,59,52,59,55,55,Left,178,73,Pro League
fm_23127761,Ramin Rezaeian,//img.fminside.net/facesfm26/23127761.png,Iran,,https://img.fminside.net/flag-svg/ir.svg,Esteghlal,102856,//img.fminside.net/logos/Men/Clubs/Normal/102856.png,DR,63,60,63,65,63,52,57,Right,185,80,Pro League
,Hossein Kanaanizadegan,,Iran,,,,,,,,,,,,,,,,,
,Shojae Khalilzadeh,,Iran,,,,,,,,,,,,,,,,,
fm_2000035970,Saleh Hardani,//img.fminside.net/facesfm26/2000035970.png,Iran,,https://img.fminside.net/flag-svg/ir.svg,Esteghlal,102856,//img.fminside.net/logos/Men/Clubs/Normal/102856.png,DR,64,68,64,55,64,45,47,Right,176,71,Pro League
fm_29223674,Ali Nemati,//img.fminside.net/faces/default-male.png,Iran,,https://img.fminside.net/flag-svg/ir.svg,Foolad,5512198,//img.fminside.net/logos/Men/Clubs/Normal/5512198.png,DL,54,50,54,60,54,59,74,Left,182,77,Pro League
fm_2000143646,Aria Yousefi,//img.fminside.net/facesfm26/2000143646.png,Iran,,https://img.fminside.net/flag-svg/ir.svg,Sepahan FC,5512191,//img.fminside.net/logos/Men/Clubs/Normal/5512191.png,DR,61,70,61,55,61,47,52,Right,181,76,Pro League
fm_2000247719,Danial Eiri,//img.fminside.net/faces/default-male.png,Iran,,https://img.fminside.net/flag-svg/ir.svg,Malavan,5410231,//img.fminside.net/logos/Men/Clubs/Normal/5410231.png,DC,49,65,49,42,49,74,54,Right,185,80,Pro League
fm_37044889,Alireza Jahanbakhsh,//img.fminside.net/facesfm26/37044889.png,Iran,,https://img.fminside.net/flag-svg/ir.svg,Dender EH,199,//img.fminside.net/logos/Men/Clubs/Normal/199.png,MR,65,55,65,70,65,30,54,Right,183,78,No Divison
fm_23240168,Saeid Ezatolahi,//img.fminside.net/facesfm26/23240168.png,Iran,,https://img.fminside.net/flag-svg/ir.svg,Shabab Al-Ahli,23418694,//img.fminside.net/logos/Men/Clubs/Normal/23418694.png,DM,58,53,58,65,58,59,69,Right,189,84,ADNOC Pro League
fm_93033389,Saman Ghoddos,//img.fminside.net/facesfm26/93033389.png,Iran,,https://img.fminside.net/flag-svg/ir.svg,,,,AMC,69,53,69,65,69,47,52,Right,175,70,
fm_23309575,Mehdi Torabi,//img.fminside.net/facesfm26/23309575.png,Iran,,https://img.fminside.net/flag-svg/ir.svg,Tractor,5512156,//img.fminside.net/logos/Men/Clubs/Normal/5512156.png,AMR,68,65,68,65,68,34,57,Right,180,75,Pro League
fm_23255640,Rouzbeh Cheshmi,//img.fminside.net/facesfm26/23255640.png,Iran,,https://img.fminside.net/flag-svg/ir.svg,Esteghlal,102856,//img.fminside.net/logos/Men/Clubs/Normal/102856.png,DC,49,48,49,50,49,64,74,Right,194,89,Pro League
fm_64040098,Mohammad Mohebi,//img.fminside.net/facesfm26/64040098.png,Iran,,https://img.fminside.net/flag-svg/ir.svg,FK Rostov,1301104,//img.fminside.net/logos/Men/Clubs/Normal/1301104.png,AML,66,75,66,55,66,27,65,Right,186,81,Premier Liga
fm_2000184318,Mohammad Ghorbani,//img.fminside.net/facesfm26/2000184318.png,Iran,,https://img.fminside.net/flag-svg/ir.svg,Al-Wahda,135430,//img.fminside.net/logos/Men/Clubs/Normal/135430.png,DM,57,60,57,60,57,54,65,Right,186,81,ADNOC Pro League
,Amirmohammad Razzaghinia,,Iran,,,,,,,,,,,,,,,,,
241788,Mehdi Taremi,https://ratings-images-prod.pulse.ea.com/FC25/full/player-portraits/p241788.png?padding=0.7,Iran,161,https://drop-assets.ea.com/images/3HkQfeosV5C3VhglW0M218/837af897951792aa4aec16144e059f62/f_161.png,https://drop-assets.ea.com/images/2hyiQlv23Ipa7IOEtN7qAv/39a4514bd5a02d0d6db09d8eb2564c8f/l280.png,https://drop-assets.ea.com/images/2hyiQlv23Ipa7IOEtN7qAv/39a4514bd5a02d0d6db09d8eb2564c8f/l280.png,https://drop-assets.ea.com/images/2hyiQlv23Ipa7IOEtN7qAv/39a4514bd5a02d0d6db09d8eb2564c8f/l280.png,ST,78,74,78,74,78,38,68,Right,187,83,Hellas Liga
fm_23463750,Mehdi Ghayedi,//img.fminside.net/facesfm26/23463750.png,Iran,,https://img.fminside.net/flag-svg/ir.svg,Al-Nasr,135448,//img.fminside.net/logos/Men/Clubs/Normal/135448.png,AML,79,60,79,64,79,29,30,Right,162,57,ADNOC Pro League
,Amirhossein Hosseinzadeh,,Iran,,,,,,,,,,,,,,,,,
fm_23253958,Ali Alipour,//img.fminside.net/facesfm26/23253958.png,Iran,,https://img.fminside.net/flag-svg/ir.svg,Persepolis,102860,//img.fminside.net/logos/Men/Clubs/Normal/102860.png,ST,60,68,60,44,60,32,60,Right,181,76,Pro League
239323,Dennis Eckert,https://ratings-images-prod.pulse.ea.com/FC25/full/player-portraits/p239323.png?padding=0.7,Iran,21,https://drop-assets.ea.com/images/6IIMMGk0Uj1rcZ6DSHTpLL/93f95b602dc62594104f418c8f80ebb3/f_21.png,https://drop-assets.ea.com/images/5kh9CgGBVXFJ9hz4prrdHU/cae0ecb087e4f0dc17329b6bccb02eae/l232.png,https://drop-assets.ea.com/images/5kh9CgGBVXFJ9hz4prrdHU/cae0ecb087e4f0dc17329b6bccb02eae/l232.png,https://drop-assets.ea.com/images/5kh9CgGBVXFJ9hz4prrdHU/cae0ecb087e4f0dc17329b6bccb02eae/l232.png,ST,72,74,72,52,72,29,70,Right,183,80,1A Pro League
206566,Max Crocombe,https://ratings-images-prod.pulse.ea.com/FC25/full/player-portraits/p206566.png?padding=0.7,New Zealand,198,https://drop-assets.ea.com/images/gcf9p9VNcQ6p7Su4qAfLJ/d69b819c66cad6e8799da0ba2f8ffab6/f_198.png,https://drop-assets.ea.com/images/10t4Y8ZhN0jBRYGgSvZqqa/ab5f241429688886f120d0e34f600c09/l97.png,https://drop-assets.ea.com/images/10t4Y8ZhN0jBRYGgSvZqqa/ab5f241429688886f120d0e34f600c09/l97.png,https://drop-assets.ea.com/images/10t4Y8ZhN0jBRYGgSvZqqa/ab5f241429688886f120d0e34f600c09/l97.png,GK,65,64,65,62,65,47,64,Right,194,88,EFL Championship
209361,Tim Payne,https://ratings-images-prod.pulse.ea.com/FC25/full/player-portraits/p209361.png?padding=0.7,New Zealand,198,https://drop-assets.ea.com/images/gcf9p9VNcQ6p7Su4qAfLJ/d69b819c66cad6e8799da0ba2f8ffab6/f_198.png,https://drop-assets.ea.com/images/3hYzlopzcMBoUTlEDG65u4/d5ed33e9573dd1f979420c44311e2c9e/l111766.png,https://drop-assets.ea.com/images/3hYzlopzcMBoUTlEDG65u4/d5ed33e9573dd1f979420c44311e2c9e/l111766.png,https://drop-assets.ea.com/images/3hYzlopzcMBoUTlEDG65u4/d5ed33e9573dd1f979420c44311e2c9e/l111766.png,RB,57,68,57,58,57,60,80,Right,179,73,A-League
237268,Francis de Vries,https://ratings-images-prod.pulse.ea.com/FC25/full/player-portraits/p237268.png?padding=0.7,New Zealand,198,https://drop-assets.ea.com/images/gcf9p9VNcQ6p7Su4qAfLJ/d69b819c66cad6e8799da0ba2f8ffab6/f_198.png,https://drop-assets.ea.com/images/3hav87medpC01z2VSVjoKt/21bce0851156472166a95db13d6849c9/l131739.png,https://drop-assets.ea.com/images/3hav87medpC01z2VSVjoKt/21bce0851156472166a95db13d6849c9/l131739.png,https://drop-assets.ea.com/images/3hav87medpC01z2VSVjoKt/21bce0851156472166a95db13d6849c9/l131739.png,LB,62,64,62,67,62,63,83,Left,188,80,A-League
277552,Tyler Bindon,https://ratings-images-prod.pulse.ea.com/FC25/full/player-portraits/p277552.png?padding=0.7,New Zealand,198,https://drop-assets.ea.com/images/gcf9p9VNcQ6p7Su4qAfLJ/d69b819c66cad6e8799da0ba2f8ffab6/f_198.png,https://drop-assets.ea.com/images/3QhayzKjMV2yOdihydTnVZ/c272cce245fae380f220f4c9cca689f1/l1794.png,https://drop-assets.ea.com/images/3QhayzKjMV2yOdihydTnVZ/c272cce245fae380f220f4c9cca689f1/l1794.png,https://drop-assets.ea.com/images/3QhayzKjMV2yOdihydTnVZ/c272cce245fae380f220f4c9cca689f1/l1794.png,CB,64,58,64,59,64,68,73,Right,190,76,EFL Championship
202170,Michael Boxall,https://ratings-images-prod.pulse.ea.com/FC25/full/player-portraits/p202170.png?padding=0.7,New Zealand,198,https://drop-assets.ea.com/images/gcf9p9VNcQ6p7Su4qAfLJ/d69b819c66cad6e8799da0ba2f8ffab6/f_198.png,https://drop-assets.ea.com/images/632umlZ6r0HxZcYgoNFx3h/190ea770d54566bc9ea6479273ef4ed6/l111138.png,https://drop-assets.ea.com/images/632umlZ6r0HxZcYgoNFx3h/190ea770d54566bc9ea6479273ef4ed6/l111138.png,https://drop-assets.ea.com/images/632umlZ6r0HxZcYgoNFx3h/190ea770d54566bc9ea6479273ef4ed6/l111138.png,CB,57,52,57,60,57,67,80,Right,191,95,MLS
254142,Joe Bell,https://ratings-images-prod.pulse.ea.com/FC25/full/player-portraits/p254142.png?padding=0.7,New Zealand,198,https://drop-assets.ea.com/images/gcf9p9VNcQ6p7Su4qAfLJ/d69b819c66cad6e8799da0ba2f8ffab6/f_198.png,https://drop-assets.ea.com/images/1Hqasdq2pv68jPdGkVNm2k/9dc6b08e8c7744c3c6b6b1fe8b702311/l300.png,https://drop-assets.ea.com/images/1Hqasdq2pv68jPdGkVNm2k/9dc6b08e8c7744c3c6b6b1fe8b702311/l300.png,https://drop-assets.ea.com/images/1Hqasdq2pv68jPdGkVNm2k/9dc6b08e8c7744c3c6b6b1fe8b702311/l300.png,CDM,71,70,71,72,71,69,81,Right,182,77,Eliteserien
255360,Matthew Garbett,https://ratings-images-prod.pulse.ea.com/FC25/full/player-portraits/p255360.png?padding=0.7,New Zealand,198,https://drop-assets.ea.com/images/gcf9p9VNcQ6p7Su4qAfLJ/d69b819c66cad6e8799da0ba2f8ffab6/f_198.png,https://drop-assets.ea.com/images/7SATDSx19Og4re9mLkLxL/11129628077d3e05ab6ffd39f3789f86/l1938.png,https://drop-assets.ea.com/images/7SATDSx19Og4re9mLkLxL/11129628077d3e05ab6ffd39f3789f86/l1938.png,https://drop-assets.ea.com/images/7SATDSx19Og4re9mLkLxL/11129628077d3e05ab6ffd39f3789f86/l1938.png,CAM,65,68,65,62,65,52,65,Right,188,69,EFL League One
259680,Marko Stamenić,https://ratings-images-prod.pulse.ea.com/FC25/full/player-portraits/p259680.png?padding=0.7,New Zealand,198,https://drop-assets.ea.com/images/gcf9p9VNcQ6p7Su4qAfLJ/d69b819c66cad6e8799da0ba2f8ffab6/f_198.png,https://drop-assets.ea.com/images/60iyv11p84xXjnNC397ovE/a5a3cc893fef05eb845c27ffb893f510/l1960.png,https://drop-assets.ea.com/images/60iyv11p84xXjnNC397ovE/a5a3cc893fef05eb845c27ffb893f510/l1960.png,https://drop-assets.ea.com/images/60iyv11p84xXjnNC397ovE/a5a3cc893fef05eb845c27ffb893f510/l1960.png,CDM,71,67,71,68,71,66,75,Right,188,80,EFL Championship
192123,Chris Wood,https://ratings-images-prod.pulse.ea.com/FC25/full/player-portraits/p192123.png?padding=0.7,New Zealand,198,https://drop-assets.ea.com/images/gcf9p9VNcQ6p7Su4qAfLJ/d69b819c66cad6e8799da0ba2f8ffab6/f_198.png,https://drop-assets.ea.com/images/60CgBQCMt7Dtcjip9xUxg8/5fa49387c380bf4772138b215ef4fd85/l14.png,https://drop-assets.ea.com/images/60CgBQCMt7Dtcjip9xUxg8/5fa49387c380bf4772138b215ef4fd85/l14.png,https://drop-assets.ea.com/images/60CgBQCMt7Dtcjip9xUxg8/5fa49387c380bf4772138b215ef4fd85/l14.png,ST,72,53,72,68,72,40,81,Right,191,92,Premier League
fm_88023585,Sarpreet Singh,//img.fminside.net/facesfm26/88023585.png,New Zealand,,https://img.fminside.net/flag-svg/nz.svg,TSC,5747642,//img.fminside.net/logos/Men/Clubs/Normal/5747642.png,AMC,66,60,66,67,66,44,49,Left,177,72,Super liga
254136,Elijah Just,https://ratings-images-prod.pulse.ea.com/FC25/full/player-portraits/p254136.png?padding=0.7,New Zealand,198,https://drop-assets.ea.com/images/gcf9p9VNcQ6p7Su4qAfLJ/d69b819c66cad6e8799da0ba2f8ffab6/f_198.png,https://drop-assets.ea.com/images/60TseHVsj7Xt7fVE52Ft9i/8bcf7344426a645faa0bd4bc8c724282/l83.png,https://drop-assets.ea.com/images/60TseHVsj7Xt7fVE52Ft9i/8bcf7344426a645faa0bd4bc8c724282/l83.png,https://drop-assets.ea.com/images/60TseHVsj7Xt7fVE52Ft9i/8bcf7344426a645faa0bd4bc8c724282/l83.png,LW,68,81,68,58,68,38,53,Left,174,69,Scottish Prem
263851,Alex Paulsen,https://ratings-images-prod.pulse.ea.com/FC25/full/player-portraits/p263851.png?padding=0.7,New Zealand,198,https://drop-assets.ea.com/images/gcf9p9VNcQ6p7Su4qAfLJ/d69b819c66cad6e8799da0ba2f8ffab6/f_198.png,https://drop-assets.ea.com/images/36lqabDvQJnC78XKCIrkKd/fd37adc0df95e6956171657069dfde7c/l111091.png,https://drop-assets.ea.com/images/36lqabDvQJnC78XKCIrkKd/fd37adc0df95e6956171657069dfde7c/l111091.png,https://drop-assets.ea.com/images/36lqabDvQJnC78XKCIrkKd/fd37adc0df95e6956171657069dfde7c/l111091.png,GK,74,72,74,73,74,55,64,Right,183,82,PKO BP Ekstraklasa
242429,Liberato Cacace,https://ratings-images-prod.pulse.ea.com/FC25/full/player-portraits/p242429.png?padding=0.7,New Zealand,198,https://drop-assets.ea.com/images/gcf9p9VNcQ6p7Su4qAfLJ/d69b819c66cad6e8799da0ba2f8ffab6/f_198.png,https://drop-assets.ea.com/images/27xBPh99UFnzjmeNtXu5Gm/fc4ec58e1b91de3cbca90ab18f802320/l1947.png,https://drop-assets.ea.com/images/27xBPh99UFnzjmeNtXu5Gm/fc4ec58e1b91de3cbca90ab18f802320/l1947.png,https://drop-assets.ea.com/images/27xBPh99UFnzjmeNtXu5Gm/fc4ec58e1b91de3cbca90ab18f802320/l1947.png,LB,71,72,71,67,71,69,74,Left,183,81,EFL Championship
219392,Alex Rufer,https://ratings-images-prod.pulse.ea.com/FC25/full/player-portraits/p219392.png?padding=0.7,New Zealand,198,https://drop-assets.ea.com/images/gcf9p9VNcQ6p7Su4qAfLJ/d69b819c66cad6e8799da0ba2f8ffab6/f_198.png,https://drop-assets.ea.com/images/3hYzlopzcMBoUTlEDG65u4/d5ed33e9573dd1f979420c44311e2c9e/l111766.png,https://drop-assets.ea.com/images/3hYzlopzcMBoUTlEDG65u4/d5ed33e9573dd1f979420c44311e2c9e/l111766.png,https://drop-assets.ea.com/images/3hYzlopzcMBoUTlEDG65u4/d5ed33e9573dd1f979420c44311e2c9e/l111766.png,CDM,67,64,67,65,67,63,78,Right,184,75,A-League
254143,Nando Pijnaker,https://ratings-images-prod.pulse.ea.com/FC25/full/player-portraits/p254143.png?padding=0.7,New Zealand,198,https://drop-assets.ea.com/images/gcf9p9VNcQ6p7Su4qAfLJ/d69b819c66cad6e8799da0ba2f8ffab6/f_198.png,https://drop-assets.ea.com/images/3hav87medpC01z2VSVjoKt/21bce0851156472166a95db13d6849c9/l131739.png,https://drop-assets.ea.com/images/3hav87medpC01z2VSVjoKt/21bce0851156472166a95db13d6849c9/l131739.png,https://drop-assets.ea.com/images/3hav87medpC01z2VSVjoKt/21bce0851156472166a95db13d6849c9/l131739.png,CB,53,60,53,54,53,65,79,Left,191,88,A-League
266150,Finn Surman,https://ratings-images-prod.pulse.ea.com/FC25/full/player-portraits/p266150.png?padding=0.7,New Zealand,198,https://drop-assets.ea.com/images/gcf9p9VNcQ6p7Su4qAfLJ/d69b819c66cad6e8799da0ba2f8ffab6/f_198.png,https://drop-assets.ea.com/images/7C9kkwlzZqMYICvgPuO01Q/92c49765f38b6263c9bbb8130d33c837/l111140.png,https://drop-assets.ea.com/images/7C9kkwlzZqMYICvgPuO01Q/92c49765f38b6263c9bbb8130d33c837/l111140.png,https://drop-assets.ea.com/images/7C9kkwlzZqMYICvgPuO01Q/92c49765f38b6263c9bbb8130d33c837/l111140.png,CB,55,65,55,49,55,66,78,Right,190,81,MLS
182091,Kosta Barbarouses,https://ratings-images-prod.pulse.ea.com/FC25/full/player-portraits/p182091.png?padding=0.7,New Zealand,198,https://drop-assets.ea.com/images/gcf9p9VNcQ6p7Su4qAfLJ/d69b819c66cad6e8799da0ba2f8ffab6/f_198.png,https://drop-assets.ea.com/images/6voyUT7bxYCGhlQac4lc9R/447639213b021fe926c345a782b711f5/l112427.png,https://drop-assets.ea.com/images/6voyUT7bxYCGhlQac4lc9R/447639213b021fe926c345a782b711f5/l112427.png,https://drop-assets.ea.com/images/6voyUT7bxYCGhlQac4lc9R/447639213b021fe926c345a782b711f5/l112427.png,ST,69,78,69,58,69,40,77,Right,171,68,A-League
245539,Ben Waine,https://ratings-images-prod.pulse.ea.com/FC25/full/player-portraits/p245539.png?padding=0.7,New Zealand,198,https://drop-assets.ea.com/images/gcf9p9VNcQ6p7Su4qAfLJ/d69b819c66cad6e8799da0ba2f8ffab6/f_198.png,https://drop-assets.ea.com/images/1LTwl3Ng5n2rmEZ3n6VRiN/4a29c01af0f1c1b2922d47d3afb0a8e6/l1928.png,https://drop-assets.ea.com/images/1LTwl3Ng5n2rmEZ3n6VRiN/4a29c01af0f1c1b2922d47d3afb0a8e6/l1928.png,https://drop-assets.ea.com/images/1LTwl3Ng5n2rmEZ3n6VRiN/4a29c01af0f1c1b2922d47d3afb0a8e6/l1928.png,ST,60,77,60,54,60,44,68,Right,179,78,EFL League One
262289,Ben Old,https://ratings-images-prod.pulse.ea.com/FC25/full/player-portraits/p262289.png?padding=0.7,New Zealand,198,https://drop-assets.ea.com/images/gcf9p9VNcQ6p7Su4qAfLJ/d69b819c66cad6e8799da0ba2f8ffab6/f_198.png,https://drop-assets.ea.com/images/5MQDL5KvE9wgSeFC12qs95/b73cf35907b421f2fef86d4e5184b230/l1819.png,https://drop-assets.ea.com/images/5MQDL5KvE9wgSeFC12qs95/b73cf35907b421f2fef86d4e5184b230/l1819.png,https://drop-assets.ea.com/images/5MQDL5KvE9wgSeFC12qs95/b73cf35907b421f2fef86d4e5184b230/l1819.png,LW,71,82,71,63,71,52,69,Left,173,73,Ligue 2 BKT
243666,Callum McCowatt,https://ratings-images-prod.pulse.ea.com/FC25/full/player-portraits/p243666.png?padding=0.7,New Zealand,198,https://drop-assets.ea.com/images/gcf9p9VNcQ6p7Su4qAfLJ/d69b819c66cad6e8799da0ba2f8ffab6/f_198.png,https://drop-assets.ea.com/images/UO62xokBPFGoQcmT14HpB/7e16d72acbbbf8b97534da7149b1dc9f/l270.png,https://drop-assets.ea.com/images/UO62xokBPFGoQcmT14HpB/7e16d72acbbbf8b97534da7149b1dc9f/l270.png,https://drop-assets.ea.com/images/UO62xokBPFGoQcmT14HpB/7e16d72acbbbf8b97534da7149b1dc9f/l270.png,CAM,67,76,67,65,67,52,67,Right,179,73,3F Superliga
73092,Jesse Randall,https://ratings-images-prod.pulse.ea.com/FC25/full/player-portraits/p73092.png?padding=0.7,New Zealand,198,https://drop-assets.ea.com/images/gcf9p9VNcQ6p7Su4qAfLJ/d69b819c66cad6e8799da0ba2f8ffab6/f_198.png,https://drop-assets.ea.com/images/3hav87medpC01z2VSVjoKt/21bce0851156472166a95db13d6849c9/l131739.png,https://drop-assets.ea.com/images/3hav87medpC01z2VSVjoKt/21bce0851156472166a95db13d6849c9/l131739.png,https://drop-assets.ea.com/images/3hav87medpC01z2VSVjoKt/21bce0851156472166a95db13d6849c9/l131739.png,LM,61,78,61,53,61,31,59,Right,176,70,A-League
235860,Michael Woud,https://ratings-images-prod.pulse.ea.com/FC25/full/player-portraits/p235860.png?padding=0.7,New Zealand,198,https://drop-assets.ea.com/images/gcf9p9VNcQ6p7Su4qAfLJ/d69b819c66cad6e8799da0ba2f8ffab6/f_198.png,https://drop-assets.ea.com/images/3hav87medpC01z2VSVjoKt/21bce0851156472166a95db13d6849c9/l131739.png,https://drop-assets.ea.com/images/3hav87medpC01z2VSVjoKt/21bce0851156472166a95db13d6849c9/l131739.png,https://drop-assets.ea.com/images/3hav87medpC01z2VSVjoKt/21bce0851156472166a95db13d6849c9/l131739.png,GK,63,65,63,60,63,39,56,Left,196,89,A-League
220763,Ryan Thomas,https://ratings-images-prod.pulse.ea.com/FC25/full/player-portraits/p220763.png?padding=0.7,New Zealand,198,https://drop-assets.ea.com/images/gcf9p9VNcQ6p7Su4qAfLJ/d69b819c66cad6e8799da0ba2f8ffab6/f_198.png,,,,CM,69,57,69,68,69,57,66,Right,174,64,Eredivisie
246195,Callan Elliot,https://ratings-images-prod.pulse.ea.com/FC25/full/player-portraits/p246195.png?padding=0.7,New Zealand,198,https://drop-assets.ea.com/images/gcf9p9VNcQ6p7Su4qAfLJ/d69b819c66cad6e8799da0ba2f8ffab6/f_198.png,https://drop-assets.ea.com/images/3hav87medpC01z2VSVjoKt/21bce0851156472166a95db13d6849c9/l131739.png,https://drop-assets.ea.com/images/3hav87medpC01z2VSVjoKt/21bce0851156472166a95db13d6849c9/l131739.png,https://drop-assets.ea.com/images/3hav87medpC01z2VSVjoKt/21bce0851156472166a95db13d6849c9/l131739.png,RB,63,76,63,56,63,55,67,Right,177,68,A-League
276249,Lachlan Bayliss,https://ratings-images-prod.pulse.ea.com/FC25/full/player-portraits/p276249.png?padding=0.7,New Zealand,198,https://drop-assets.ea.com/images/gcf9p9VNcQ6p7Su4qAfLJ/d69b819c66cad6e8799da0ba2f8ffab6/f_198.png,https://drop-assets.ea.com/images/7oWveGzyWfiqr43qBGBbn1/b230f5eefddcd3fcf51413aef799c0f4/l111398.png,https://drop-assets.ea.com/images/7oWveGzyWfiqr43qBGBbn1/b230f5eefddcd3fcf51413aef799c0f4/l111398.png,https://drop-assets.ea.com/images/7oWveGzyWfiqr43qBGBbn1/b230f5eefddcd3fcf51413aef799c0f4/l111398.png,CAM,64,74,64,56,64,50,56,Right,179,75,A-League
fm_29006555,Tommy Smith,//img.fminside.net/facesfm26/29006555.png,New Zealand,,https://img.fminside.net/flag-svg/nz.svg,Braintree,134732,//img.fminside.net/logos/Men/Clubs/Normal/134732.png,DC,40,25,40,35,40,59,52,Left,188,83,National League
fm_13131187,Vozinha,//img.fminside.net/facesfm26/13131187.png,Cape Verde,,https://img.fminside.net/flag-svg/cv.svg,Chaves,1480,//img.fminside.net/logos/Men/Clubs/Normal/1480.png,GK,60,48,60,64,60,60,63,Right,189,84,Liga Portugal 2
fm_83106191,Márcio Rosa,//img.fminside.net/faces/default-male.png,Cape Verde,,https://img.fminside.net/flag-svg/cv.svg,Montana,353,//img.fminside.net/logos/Men/Clubs/Normal/353.png,GK,65,55,65,40,65,47,65,Right,188,83,Prva Liga
267636,CJ dos Santos,https://ratings-images-prod.pulse.ea.com/FC25/full/player-portraits/p267636.png?padding=0.7,Cape Verde,95,https://drop-assets.ea.com/images/7ZVadlJQIutRH5P85wr76/c2456a2d76146d19f98c2c3071136dcf/f_95.png,https://drop-assets.ea.com/images/3VVZhRHVje6glEOzkZ19Q5/9eb88fb073b6778321bbced6e22b58d9/l131439.png,https://drop-assets.ea.com/images/3VVZhRHVje6glEOzkZ19Q5/9eb88fb073b6778321bbced6e22b58d9/l131439.png,https://drop-assets.ea.com/images/3VVZhRHVje6glEOzkZ19Q5/9eb88fb073b6778321bbced6e22b58d9/l131439.png,GK,64,60,64,59,64,27,58,Right,194,77,MLS
fm_55012348,Stopira,//img.fminside.net/facesfm26/55012348.png,Cape Verde,,https://img.fminside.net/flag-svg/cv.svg,Torreense,2422,//img.fminside.net/logos/Men/Clubs/Normal/2422.png,DC,51,43,51,45,51,62,65,Left,182,77,Liga Portugal 2
202014,Roberto Lopes,https://ratings-images-prod.pulse.ea.com/FC25/full/player-portraits/p202014.png?padding=0.7,Cape Verde,104,https://drop-assets.ea.com/images/56BumaRjGzqa4nfGQTsRcG/52557e94874b05352d67a798015e01e9/f_104.png,https://drop-assets.ea.com/images/3bV6HnN1K0U4vLoFw601V5/34d97579209f0218fe532d737a577bd4/l306.png,https://drop-assets.ea.com/images/3bV6HnN1K0U4vLoFw601V5/34d97579209f0218fe532d737a577bd4/l306.png,https://drop-assets.ea.com/images/3bV6HnN1K0U4vLoFw601V5/34d97579209f0218fe532d737a577bd4/l306.png,CB,51,45,51,46,51,64,77,Right,182,83,SSE Airtricity PD
205953,João Paulo,https://ratings-images-prod.pulse.ea.com/FC25/full/player-portraits/p205953.png?padding=0.7,Cape Verde,54,https://drop-assets.ea.com/images/1zdNn1R9tRlfQ3lsbAOecD/a606f742789b6306363383a6e20dd003/f_54.png,https://drop-assets.ea.com/images/shSYfoaz73Wl4jmu7iCIe/4e5b8a5d40d573c7de9b2899452d78cf/l111144.png,https://drop-assets.ea.com/images/shSYfoaz73Wl4jmu7iCIe/4e5b8a5d40d573c7de9b2899452d78cf/l111144.png,https://drop-assets.ea.com/images/shSYfoaz73Wl4jmu7iCIe/4e5b8a5d40d573c7de9b2899452d78cf/l111144.png,CDM,69,57,69,70,69,68,70,Right,171,71,MLS
fm_55082787,Diney,//img.fminside.net/facesfm26/55082787.png,Cape Verde,,https://img.fminside.net/flag-svg/cv.svg,Al-Bataeh,23243246,//img.fminside.net/logos/Men/Clubs/Normal/23243246.png,DC,52,58,52,45,52,62,62,Right,183,78,ADNOC Pro League
243923,Logan Costa,https://ratings-images-prod.pulse.ea.com/FC25/full/player-portraits/p243923.png?padding=0.7,Cape Verde,104,https://drop-assets.ea.com/images/56BumaRjGzqa4nfGQTsRcG/52557e94874b05352d67a798015e01e9/f_104.png,https://drop-assets.ea.com/images/xvk9pCQTX74mWG8EjcgYU/f631ffd2c7ac06bd43f2547fc44463c4/l483.png,https://drop-assets.ea.com/images/xvk9pCQTX74mWG8EjcgYU/f631ffd2c7ac06bd43f2547fc44463c4/l483.png,https://drop-assets.ea.com/images/xvk9pCQTX74mWG8EjcgYU/f631ffd2c7ac06bd43f2547fc44463c4/l483.png,CB,67,60,67,59,67,77,78,Right,190,85,LALIGA EA SPORTS
212401,Steven Moreira,https://ratings-images-prod.pulse.ea.com/FC25/full/player-portraits/p212401.png?padding=0.7,Cape Verde,104,https://drop-assets.ea.com/images/56BumaRjGzqa4nfGQTsRcG/52557e94874b05352d67a798015e01e9/f_104.png,https://drop-assets.ea.com/images/3LJ9c5c9nJUBzMikYz1R6i/31afe3203efd8ab80b825008b28c9d54/l687.png,https://drop-assets.ea.com/images/3LJ9c5c9nJUBzMikYz1R6i/31afe3203efd8ab80b825008b28c9d54/l687.png,https://drop-assets.ea.com/images/3LJ9c5c9nJUBzMikYz1R6i/31afe3203efd8ab80b825008b28c9d54/l687.png,CB,71,73,71,67,71,72,74,Right,179,75,MLS
276909,Wagner Pina,https://ratings-images-prod.pulse.ea.com/FC25/full/player-portraits/p276909.png?padding=0.7,Cape Verde,104,https://drop-assets.ea.com/images/56BumaRjGzqa4nfGQTsRcG/52557e94874b05352d67a798015e01e9/f_104.png,https://drop-assets.ea.com/images/3AF1UCNvLwZs5kapbWuCk9/e1cebee09f0953e5653311d5a29365ee/l436.png,https://drop-assets.ea.com/images/3AF1UCNvLwZs5kapbWuCk9/e1cebee09f0953e5653311d5a29365ee/l436.png,https://drop-assets.ea.com/images/3AF1UCNvLwZs5kapbWuCk9/e1cebee09f0953e5653311d5a29365ee/l436.png,RM,70,81,70,64,70,64,65,Right,180,72,Trendyol Süper Lig
fm_37079110,Sidny Lopes Cabral,//img.fminside.net/facesfm26/37079110.png,Cape Verde,,https://img.fminside.net/flag-svg/cv.svg,Benfica,1487,//img.fminside.net/logos/Men/Clubs/Normal/1487.png,DR,62,70,62,65,62,47,49,Right,176,71,Primeira Liga
fm_2000023555,Kelvin Pires,//img.fminside.net/facesfm26/2000023555.png,Cape Verde,,https://img.fminside.net/flag-svg/cv.svg,SJK,33007394,//img.fminside.net/logos/Men/Clubs/Normal/33007394.png,DC,51,60,51,52,51,60,60,Right,193,88,Veikkausliiga
231150,Jamiro Monteiro,https://ratings-images-prod.pulse.ea.com/FC25/full/player-portraits/p231150.png?padding=0.7,Cape Verde,104,https://drop-assets.ea.com/images/56BumaRjGzqa4nfGQTsRcG/52557e94874b05352d67a798015e01e9/f_104.png,,,,CAM,72,72,72,70,72,54,68,Right,175,72,Eredivisie
fm_83215595,Kevin Pina,//img.fminside.net/facesfm26/83215595.png,Cape Verde,,https://img.fminside.net/flag-svg/cv.svg,FC Krasnodar,58029064,//img.fminside.net/logos/Men/Clubs/Normal/58029064.png,DM,61,65,61,55,61,65,57,Right,181,76,Premier Liga
fm_37063421,Deroy Duarte,//img.fminside.net/facesfm26/37063421.png,Cape Verde,,https://img.fminside.net/flag-svg/cv.svg,Ludogorets,22003969,//img.fminside.net/logos/Men/Clubs/Normal/22003969.png,MC,64,63,64,60,64,50,54,Right,177,72,Prva Liga
257194,Telmo Arcanjo,https://ratings-images-prod.pulse.ea.com/FC25/full/player-portraits/p257194.png?padding=0.7,Cape Verde,104,https://drop-assets.ea.com/images/56BumaRjGzqa4nfGQTsRcG/52557e94874b05352d67a798015e01e9/f_104.png,https://drop-assets.ea.com/images/3gj0rsCEv47Uirop4H5fae/d80e273e8f42b5bb1c49cb2fa2e4bb21/l1887.png,https://drop-assets.ea.com/images/3gj0rsCEv47Uirop4H5fae/d80e273e8f42b5bb1c49cb2fa2e4bb21/l1887.png,https://drop-assets.ea.com/images/3gj0rsCEv47Uirop4H5fae/d80e273e8f42b5bb1c49cb2fa2e4bb21/l1887.png,RM,71,74,71,68,71,38,60,Left,180,79,Liga Portugal
fm_37052840,Laros Duarte,//img.fminside.net/facesfm26/37052840.png,Cape Verde,,https://img.fminside.net/flag-svg/cv.svg,Puskás Akadémia,38032696,//img.fminside.net/logos/Men/Clubs/Normal/38032696.png,DM,69,53,69,52,69,42,62,Right,180,75,OTP Bank Liga
fm_83107944,Yannick Semedo,//img.fminside.net/facesfm26/83107944.png,Cape Verde,,https://img.fminside.net/flag-svg/cv.svg,Farense,1485,//img.fminside.net/logos/Men/Clubs/Normal/1485.png,DM,57,63,57,50,57,60,52,Right,173,68,Liga Portugal 2
194847,Ryan Mendes,https://ratings-images-prod.pulse.ea.com/FC25/full/player-portraits/p194847.png?padding=0.7,Cape Verde,104,https://drop-assets.ea.com/images/56BumaRjGzqa4nfGQTsRcG/52557e94874b05352d67a798015e01e9/f_104.png,https://drop-assets.ea.com/images/2glF6OSI47aQKaFPXoMA69/a80b57e3cf30817148ea3519e8526615/l101032.png,https://drop-assets.ea.com/images/2glF6OSI47aQKaFPXoMA69/a80b57e3cf30817148ea3519e8526615/l101032.png,https://drop-assets.ea.com/images/2glF6OSI47aQKaFPXoMA69/a80b57e3cf30817148ea3519e8526615/l101032.png,LM,74,74,74,69,74,28,54,Right,178,73,Trendyol Süper Lig
fm_860985,Garry Rodrigues,//img.fminside.net/facesfm26/860985.png,Cape Verde,,https://img.fminside.net/flag-svg/cv.svg,Apol. Limassol,452,//img.fminside.net/logos/Men/Clubs/Normal/452.png,AMR,66,73,66,60,66,30,47,Right,172,67,A' Katigorías
fm_26035289,Willy Semedo,//img.fminside.net/facesfm26/26035289.png,Cape Verde,,https://img.fminside.net/flag-svg/cv.svg,Omonoia,460,//img.fminside.net/logos/Men/Clubs/Normal/460.png,AML,56,73,56,55,56,24,49,Right,185,80,A' Katigorías
244193,Jovane Cabral,https://ratings-images-prod.pulse.ea.com/FC25/full/player-portraits/p244193.png?padding=0.7,Cape Verde,104,https://drop-assets.ea.com/images/56BumaRjGzqa4nfGQTsRcG/52557e94874b05352d67a798015e01e9/f_104.png,https://drop-assets.ea.com/images/6dtdBaEQoNMbbZSoQJOY5w/6604e537a235083a10b40c2d0f599f06/l718.png,https://drop-assets.ea.com/images/6dtdBaEQoNMbbZSoQJOY5w/6604e537a235083a10b40c2d0f599f06/l718.png,https://drop-assets.ea.com/images/6dtdBaEQoNMbbZSoQJOY5w/6604e537a235083a10b40c2d0f599f06/l718.png,LW,72,77,72,68,72,38,68,Right,174,81,Liga Portugal
fm_2000039621,Gilson Benchimol,//img.fminside.net/facesfm26/2000039621.png,Cape Verde,,https://img.fminside.net/flag-svg/cv.svg,Akron,58145316,//img.fminside.net/logos/Men/Clubs/Normal/58145316.png,AMR,58,75,58,42,58,25,59,Right,187,82,Premier Liga
73853,Dailon Livramento,https://ratings-images-prod.pulse.ea.com/FC25/full/player-portraits/p73853.png?padding=0.7,Cape Verde,104,https://drop-assets.ea.com/images/56BumaRjGzqa4nfGQTsRcG/52557e94874b05352d67a798015e01e9/f_104.png,https://drop-assets.ea.com/images/4NT6GBzKu0hky4pc6700Vj/cdc3d80990d943576d7b9dd2d8846fa4/l114510.png,https://drop-assets.ea.com/images/4NT6GBzKu0hky4pc6700Vj/cdc3d80990d943576d7b9dd2d8846fa4/l114510.png,https://drop-assets.ea.com/images/4NT6GBzKu0hky4pc6700Vj/cdc3d80990d943576d7b9dd2d8846fa4/l114510.png,ST,68,82,68,56,68,34,64,Right,185,75,Liga Portugal
fm_2000091607,Hélio Varela,//img.fminside.net/facesfm26/2000091607.png,Cape Verde,,https://img.fminside.net/flag-svg/cv.svg,Maccabi Tel-Aviv,1097,//img.fminside.net/logos/Men/Clubs/Normal/1097.png,AMR,60,83,60,54,60,32,55,Right,176,71,Ligat Ha'Al
230857,Nuno da Costa,https://ratings-images-prod.pulse.ea.com/FC25/full/player-portraits/p230857.png?padding=0.7,Cape Verde,104,https://drop-assets.ea.com/images/56BumaRjGzqa4nfGQTsRcG/52557e94874b05352d67a798015e01e9/f_104.png,https://drop-assets.ea.com/images/zVaLMDwzieKwlZFk2bZ6K/58d008680451b4cf46041e38987cf69b/l101014.png,https://drop-assets.ea.com/images/zVaLMDwzieKwlZFk2bZ6K/58d008680451b4cf46041e38987cf69b/l101014.png,https://drop-assets.ea.com/images/zVaLMDwzieKwlZFk2bZ6K/58d008680451b4cf46041e38987cf69b/l101014.png,ST,73,82,73,63,73,27,65,Right,184,70,Trendyol Süper Lig
fm_23208529,Mohammed Al-Owais,//img.fminside.net/facesfm26/23208529.png,Saudi Arabia,,https://img.fminside.net/flag-svg/sa.svg,Al-Ula,1031640,//img.fminside.net/logos/Men/Clubs/Normal/1031640.png,GK,65,35,65,57,65,57,52,Left,185,80,First Division
255368,Nawaf Al-Aqidi,https://ratings-images-prod.pulse.ea.com/FC25/full/player-portraits/p255368.png?padding=0.7,Saudi Arabia,183,https://drop-assets.ea.com/images/5z1KkeGbKQO9YFi6rdpu1i/e22181e422e56b017fe7e84bfcf088c6/f_183.png,https://drop-assets.ea.com/images/6oPkjdKPFc4aHfFp7UGXB7/262e529bd81a51c0b5f317e61b3f5985/l112139.png,https://drop-assets.ea.com/images/6oPkjdKPFc4aHfFp7UGXB7/262e529bd81a51c0b5f317e61b3f5985/l112139.png,https://drop-assets.ea.com/images/6oPkjdKPFc4aHfFp7UGXB7/262e529bd81a51c0b5f317e61b3f5985/l112139.png,GK,74,75,74,67,74,47,66,Right,188,83,ROSHN Saudi League
209027,Ahmed Al-Kassar,https://ratings-images-prod.pulse.ea.com/FC25/full/player-portraits/p209027.png?padding=0.7,Saudi Arabia,183,https://drop-assets.ea.com/images/5z1KkeGbKQO9YFi6rdpu1i/e22181e422e56b017fe7e84bfcf088c6/f_183.png,https://drop-assets.ea.com/images/OQhve5ubflu5c5OXWRlUV/4874b82f2bab16f04e6702812ac521a6/l112391.png,https://drop-assets.ea.com/images/OQhve5ubflu5c5OXWRlUV/4874b82f2bab16f04e6702812ac521a6/l112391.png,https://drop-assets.ea.com/images/OQhve5ubflu5c5OXWRlUV/4874b82f2bab16f04e6702812ac521a6/l112391.png,GK,65,62,65,55,65,40,62,Right,177,72,ROSHN Saudi League
246688,Saud Abdulhamid,https://ratings-images-prod.pulse.ea.com/FC25/full/player-portraits/p246688.png?padding=0.7,Saudi Arabia,183,https://drop-assets.ea.com/images/5z1KkeGbKQO9YFi6rdpu1i/e22181e422e56b017fe7e84bfcf088c6/f_183.png,https://drop-assets.ea.com/images/3HrZR8go9EdkyD4jpbWPic/0fcbfb41b4d42943916892d763af8d55/l64.png,https://drop-assets.ea.com/images/3HrZR8go9EdkyD4jpbWPic/0fcbfb41b4d42943916892d763af8d55/l64.png,https://drop-assets.ea.com/images/3HrZR8go9EdkyD4jpbWPic/0fcbfb41b4d42943916892d763af8d55/l64.png,RB,71,86,71,66,71,69,70,Right,175,70,Ligue 1 McDonald's
fm_23471178,Hassan Al-Tambakti,//img.fminside.net/facesfm26/23471178.png,Saudi Arabia,,https://img.fminside.net/flag-svg/sa.svg,Al-Hilal,102852,//img.fminside.net/logos/Men/Clubs/Normal/102852.png,DC,56,63,56,49,56,72,65,Right,183,78,Saudi Pro League
241197,Abdulelah Al-Amri,https://ratings-images-prod.pulse.ea.com/FC25/full/player-portraits/p241197.png?padding=0.7,Saudi Arabia,183,https://drop-assets.ea.com/images/5z1KkeGbKQO9YFi6rdpu1i/e22181e422e56b017fe7e84bfcf088c6/f_183.png,https://drop-assets.ea.com/images/6oPkjdKPFc4aHfFp7UGXB7/262e529bd81a51c0b5f317e61b3f5985/l112139.png,https://drop-assets.ea.com/images/6oPkjdKPFc4aHfFp7UGXB7/262e529bd81a51c0b5f317e61b3f5985/l112139.png,https://drop-assets.ea.com/images/6oPkjdKPFc4aHfFp7UGXB7/262e529bd81a51c0b5f317e61b3f5985/l112139.png,CB,47,69,47,51,47,68,81,Right,184,75,ROSHN Saudi League
254685,Nawaf Boushal,https://ratings-images-prod.pulse.ea.com/FC25/full/player-portraits/p254685.png?padding=0.7,Saudi Arabia,183,https://drop-assets.ea.com/images/5z1KkeGbKQO9YFi6rdpu1i/e22181e422e56b017fe7e84bfcf088c6/f_183.png,https://drop-assets.ea.com/images/6oPkjdKPFc4aHfFp7UGXB7/262e529bd81a51c0b5f317e61b3f5985/l112139.png,https://drop-assets.ea.com/images/6oPkjdKPFc4aHfFp7UGXB7/262e529bd81a51c0b5f317e61b3f5985/l112139.png,https://drop-assets.ea.com/images/6oPkjdKPFc4aHfFp7UGXB7/262e529bd81a51c0b5f317e61b3f5985/l112139.png,LB,64,82,64,51,64,62,73,Right,175,65,ROSHN Saudi League
242506,Ali Majrashi,https://ratings-images-prod.pulse.ea.com/FC25/full/player-portraits/p242506.png?padding=0.7,Saudi Arabia,183,https://drop-assets.ea.com/images/5z1KkeGbKQO9YFi6rdpu1i/e22181e422e56b017fe7e84bfcf088c6/f_183.png,https://drop-assets.ea.com/images/3lVk0osL7o6YMhHuK4YYD6/5e106847b59ce2a4f0bfb55988d812c3/l112387.png,https://drop-assets.ea.com/images/3lVk0osL7o6YMhHuK4YYD6/5e106847b59ce2a4f0bfb55988d812c3/l112387.png,https://drop-assets.ea.com/images/3lVk0osL7o6YMhHuK4YYD6/5e106847b59ce2a4f0bfb55988d812c3/l112387.png,RB,64,86,64,52,64,63,74,Right,172,66,ROSHN Saudi League
228783,Ali Lajami,https://ratings-images-prod.pulse.ea.com/FC25/full/player-portraits/p228783.png?padding=0.7,Saudi Arabia,183,https://drop-assets.ea.com/images/5z1KkeGbKQO9YFi6rdpu1i/e22181e422e56b017fe7e84bfcf088c6/f_183.png,https://drop-assets.ea.com/images/S6sbDN9mfGaVn2VJDekYR/c6f580c98a0d614b0b308a89a241c6ab/l605.png,https://drop-assets.ea.com/images/S6sbDN9mfGaVn2VJDekYR/c6f580c98a0d614b0b308a89a241c6ab/l605.png,https://drop-assets.ea.com/images/S6sbDN9mfGaVn2VJDekYR/c6f580c98a0d614b0b308a89a241c6ab/l605.png,CB,60,76,60,58,60,68,77,Right,178,75,ROSHN Saudi League
,Hassan Kadesh,,Saudi Arabia,,,,,,,,,,,,,,,,,
256331,Moteb Al-Harbi,https://ratings-images-prod.pulse.ea.com/FC25/full/player-portraits/p256331.png?padding=0.7,Saudi Arabia,183,https://drop-assets.ea.com/images/5z1KkeGbKQO9YFi6rdpu1i/e22181e422e56b017fe7e84bfcf088c6/f_183.png,https://drop-assets.ea.com/images/S6sbDN9mfGaVn2VJDekYR/c6f580c98a0d614b0b308a89a241c6ab/l605.png,https://drop-assets.ea.com/images/S6sbDN9mfGaVn2VJDekYR/c6f580c98a0d614b0b308a89a241c6ab/l605.png,https://drop-assets.ea.com/images/S6sbDN9mfGaVn2VJDekYR/c6f580c98a0d614b0b308a89a241c6ab/l605.png,LB,67,93,67,62,67,56,60,Left,177,60,ROSHN Saudi League
,Jehad Thakri,,Saudi Arabia,,,,,,,,,,,,,,,,,
74436,Mohammed Abu Al-Shamat,https://ratings-images-prod.pulse.ea.com/FC25/full/player-portraits/p74436.png?padding=0.7,Saudi Arabia,183,https://drop-assets.ea.com/images/5z1KkeGbKQO9YFi6rdpu1i/e22181e422e56b017fe7e84bfcf088c6/f_183.png,https://drop-assets.ea.com/images/OQhve5ubflu5c5OXWRlUV/4874b82f2bab16f04e6702812ac521a6/l112391.png,https://drop-assets.ea.com/images/OQhve5ubflu5c5OXWRlUV/4874b82f2bab16f04e6702812ac521a6/l112391.png,https://drop-assets.ea.com/images/OQhve5ubflu5c5OXWRlUV/4874b82f2bab16f04e6702812ac521a6/l112391.png,RB,70,75,70,61,70,59,58,Right,170,62,ROSHN Saudi League
210602,Salem Al-Dawsari,https://ratings-images-prod.pulse.ea.com/FC25/full/player-portraits/p210602.png?padding=0.7,Saudi Arabia,183,https://drop-assets.ea.com/images/5z1KkeGbKQO9YFi6rdpu1i/e22181e422e56b017fe7e84bfcf088c6/f_183.png,https://drop-assets.ea.com/images/S6sbDN9mfGaVn2VJDekYR/c6f580c98a0d614b0b308a89a241c6ab/l605.png,https://drop-assets.ea.com/images/S6sbDN9mfGaVn2VJDekYR/c6f580c98a0d614b0b308a89a241c6ab/l605.png,https://drop-assets.ea.com/images/S6sbDN9mfGaVn2VJDekYR/c6f580c98a0d614b0b308a89a241c6ab/l605.png,LM,84,87,84,75,84,57,81,Right,173,71,ROSHN Saudi League
220075,Mohamed Kanno,https://ratings-images-prod.pulse.ea.com/FC25/full/player-portraits/p220075.png?padding=0.7,Saudi Arabia,183,https://drop-assets.ea.com/images/5z1KkeGbKQO9YFi6rdpu1i/e22181e422e56b017fe7e84bfcf088c6/f_183.png,https://drop-assets.ea.com/images/S6sbDN9mfGaVn2VJDekYR/c6f580c98a0d614b0b308a89a241c6ab/l605.png,https://drop-assets.ea.com/images/S6sbDN9mfGaVn2VJDekYR/c6f580c98a0d614b0b308a89a241c6ab/l605.png,https://drop-assets.ea.com/images/S6sbDN9mfGaVn2VJDekYR/c6f580c98a0d614b0b308a89a241c6ab/l605.png,CM,71,72,71,70,71,69,76,Right,191,67,ROSHN Saudi League
241938,Nasser Al-Dawsari,https://ratings-images-prod.pulse.ea.com/FC25/full/player-portraits/p241938.png?padding=0.7,Saudi Arabia,183,https://drop-assets.ea.com/images/5z1KkeGbKQO9YFi6rdpu1i/e22181e422e56b017fe7e84bfcf088c6/f_183.png,https://drop-assets.ea.com/images/S6sbDN9mfGaVn2VJDekYR/c6f580c98a0d614b0b308a89a241c6ab/l605.png,https://drop-assets.ea.com/images/S6sbDN9mfGaVn2VJDekYR/c6f580c98a0d614b0b308a89a241c6ab/l605.png,https://drop-assets.ea.com/images/S6sbDN9mfGaVn2VJDekYR/c6f580c98a0d614b0b308a89a241c6ab/l605.png,CM,68,68,68,70,68,62,70,Left,178,68,ROSHN Saudi League
237721,Abdullah Al-Khaibari,https://ratings-images-prod.pulse.ea.com/FC25/full/player-portraits/p237721.png?padding=0.7,Saudi Arabia,183,https://drop-assets.ea.com/images/5z1KkeGbKQO9YFi6rdpu1i/e22181e422e56b017fe7e84bfcf088c6/f_183.png,https://drop-assets.ea.com/images/6oPkjdKPFc4aHfFp7UGXB7/262e529bd81a51c0b5f317e61b3f5985/l112139.png,https://drop-assets.ea.com/images/6oPkjdKPFc4aHfFp7UGXB7/262e529bd81a51c0b5f317e61b3f5985/l112139.png,https://drop-assets.ea.com/images/6oPkjdKPFc4aHfFp7UGXB7/262e529bd81a51c0b5f317e61b3f5985/l112139.png,CDM,66,73,66,63,66,64,72,Right,175,75,ROSHN Saudi League
263824,Musab Al-Juwayr,https://ratings-images-prod.pulse.ea.com/FC25/full/player-portraits/p263824.png?padding=0.7,Saudi Arabia,183,https://drop-assets.ea.com/images/5z1KkeGbKQO9YFi6rdpu1i/e22181e422e56b017fe7e84bfcf088c6/f_183.png,https://drop-assets.ea.com/images/OQhve5ubflu5c5OXWRlUV/4874b82f2bab16f04e6702812ac521a6/l112391.png,https://drop-assets.ea.com/images/OQhve5ubflu5c5OXWRlUV/4874b82f2bab16f04e6702812ac521a6/l112391.png,https://drop-assets.ea.com/images/OQhve5ubflu5c5OXWRlUV/4874b82f2bab16f04e6702812ac521a6/l112391.png,CM,74,68,74,79,74,56,70,Right,178,70,ROSHN Saudi League
253440,Ayman Yahya,https://ratings-images-prod.pulse.ea.com/FC25/full/player-portraits/p253440.png?padding=0.7,Saudi Arabia,183,https://drop-assets.ea.com/images/5z1KkeGbKQO9YFi6rdpu1i/e22181e422e56b017fe7e84bfcf088c6/f_183.png,https://drop-assets.ea.com/images/6oPkjdKPFc4aHfFp7UGXB7/262e529bd81a51c0b5f317e61b3f5985/l112139.png,https://drop-assets.ea.com/images/6oPkjdKPFc4aHfFp7UGXB7/262e529bd81a51c0b5f317e61b3f5985/l112139.png,https://drop-assets.ea.com/images/6oPkjdKPFc4aHfFp7UGXB7/262e529bd81a51c0b5f317e61b3f5985/l112139.png,RM,67,84,67,59,67,32,67,Left,171,60,ROSHN Saudi League
263182,Ziyad Al-Johani,https://ratings-images-prod.pulse.ea.com/FC25/full/player-portraits/p263182.png?padding=0.7,Saudi Arabia,183,https://drop-assets.ea.com/images/5z1KkeGbKQO9YFi6rdpu1i/e22181e422e56b017fe7e84bfcf088c6/f_183.png,https://drop-assets.ea.com/images/3lVk0osL7o6YMhHuK4YYD6/5e106847b59ce2a4f0bfb55988d812c3/l112387.png,https://drop-assets.ea.com/images/3lVk0osL7o6YMhHuK4YYD6/5e106847b59ce2a4f0bfb55988d812c3/l112387.png,https://drop-assets.ea.com/images/3lVk0osL7o6YMhHuK4YYD6/5e106847b59ce2a4f0bfb55988d812c3/l112387.png,CDM,66,67,66,64,66,63,61,Left,178,61,ROSHN Saudi League
225976,Sultan Mandash,https://ratings-images-prod.pulse.ea.com/FC25/full/player-portraits/p225976.png?padding=0.7,Saudi Arabia,183,https://drop-assets.ea.com/images/5z1KkeGbKQO9YFi6rdpu1i/e22181e422e56b017fe7e84bfcf088c6/f_183.png,https://drop-assets.ea.com/images/7p6TA5ewyxs1qzy8ym2ydy/15c716ca66c2ffcbed401be345ff6f8e/l112393.png,https://drop-assets.ea.com/images/7p6TA5ewyxs1qzy8ym2ydy/15c716ca66c2ffcbed401be345ff6f8e/l112393.png,https://drop-assets.ea.com/images/7p6TA5ewyxs1qzy8ym2ydy/15c716ca66c2ffcbed401be345ff6f8e/l112393.png,RW,71,82,71,59,71,25,61,Left,172,71,ROSHN Saudi League
,Alaa Al-Hejji,,Saudi Arabia,,,,,,,,,,,,,,,,,
,Firas Al-Buraikan,,Saudi Arabia,,,,,,,,,,,,,,,,,
211173,Saleh Al-Shehri,https://ratings-images-prod.pulse.ea.com/FC25/full/player-portraits/p211173.png?padding=0.7,Saudi Arabia,183,https://drop-assets.ea.com/images/5z1KkeGbKQO9YFi6rdpu1i/e22181e422e56b017fe7e84bfcf088c6/f_183.png,https://drop-assets.ea.com/images/21L35ZnVrrvEeFouMeqs8Q/b631b443b4d37e1712ed79f2487d850c/l607.png,https://drop-assets.ea.com/images/21L35ZnVrrvEeFouMeqs8Q/b631b443b4d37e1712ed79f2487d850c/l607.png,https://drop-assets.ea.com/images/21L35ZnVrrvEeFouMeqs8Q/b631b443b4d37e1712ed79f2487d850c/l607.png,ST,64,66,64,51,64,28,72,Right,184,77,ROSHN Saudi League
242223,Abdullah Al-Hamdan,https://ratings-images-prod.pulse.ea.com/FC25/full/player-portraits/p242223.png?padding=0.7,Saudi Arabia,183,https://drop-assets.ea.com/images/5z1KkeGbKQO9YFi6rdpu1i/e22181e422e56b017fe7e84bfcf088c6/f_183.png,https://drop-assets.ea.com/images/S6sbDN9mfGaVn2VJDekYR/c6f580c98a0d614b0b308a89a241c6ab/l605.png,https://drop-assets.ea.com/images/S6sbDN9mfGaVn2VJDekYR/c6f580c98a0d614b0b308a89a241c6ab/l605.png,https://drop-assets.ea.com/images/S6sbDN9mfGaVn2VJDekYR/c6f580c98a0d614b0b308a89a241c6ab/l605.png,ST,61,73,61,63,61,41,69,Right,186,78,ROSHN Saudi League
248498,Khalid Al-Ghannam,https://ratings-images-prod.pulse.ea.com/FC25/full/player-portraits/p248498.png?padding=0.7,Saudi Arabia,183,https://drop-assets.ea.com/images/5z1KkeGbKQO9YFi6rdpu1i/e22181e422e56b017fe7e84bfcf088c6/f_183.png,https://drop-assets.ea.com/images/4iiu5yKgXLP6VztXNaebb1/19909c746281492a1191662354871832/l112096.png,https://drop-assets.ea.com/images/4iiu5yKgXLP6VztXNaebb1/19909c746281492a1191662354871832/l112096.png,https://drop-assets.ea.com/images/4iiu5yKgXLP6VztXNaebb1/19909c746281492a1191662354871832/l112096.png,LM,70,71,70,53,70,29,41,Right,171,64,ROSHN Saudi League
230869,Unai Simón,https://ratings-images-prod.pulse.ea.com/FC25/full/player-portraits/p230869.png?padding=0.7,Spain,45,https://drop-assets.ea.com/images/Kv8okAYMsDbB3ZKbxrAXw/9d30c88d16a4c85002f35c6af412c6f7/f_45.png,https://drop-assets.ea.com/images/5lGGXYvaOCdAYlo8xWPzQb/7092243785809519c68b482ad21b2c41/l448.png,https://drop-assets.ea.com/images/5lGGXYvaOCdAYlo8xWPzQb/7092243785809519c68b482ad21b2c41/l448.png,https://drop-assets.ea.com/images/5lGGXYvaOCdAYlo8xWPzQb/7092243785809519c68b482ad21b2c41/l448.png,GK,85,84,85,76,85,49,84,Right,190,89,LALIGA EA SPORTS
220901,David Raya,https://ratings-images-prod.pulse.ea.com/FC25/full/player-portraits/p220901.png?padding=0.7,Spain,45,https://drop-assets.ea.com/images/Kv8okAYMsDbB3ZKbxrAXw/9d30c88d16a4c85002f35c6af412c6f7/f_45.png,https://drop-assets.ea.com/images/2ng99bvkwKaA228PJje39i/09d2df89a78377d3f8d3f78469cbadc9/l1.png,https://drop-assets.ea.com/images/2ng99bvkwKaA228PJje39i/09d2df89a78377d3f8d3f78469cbadc9/l1.png,https://drop-assets.ea.com/images/2ng99bvkwKaA228PJje39i/09d2df89a78377d3f8d3f78469cbadc9/l1.png,GK,87,86,87,87,87,62,85,Right,183,75,Premier League
259532,Joan Garcia,https://ratings-images-prod.pulse.ea.com/FC25/full/player-portraits/p259532.png?padding=0.7,Spain,45,https://drop-assets.ea.com/images/Kv8okAYMsDbB3ZKbxrAXw/9d30c88d16a4c85002f35c6af412c6f7/f_45.png,https://drop-assets.ea.com/images/5VXhqALaBzgvb2YG8iJxlq/990024f3e3ecc9e6c37eae41ebef86bd/l241.png,https://drop-assets.ea.com/images/5VXhqALaBzgvb2YG8iJxlq/990024f3e3ecc9e6c37eae41ebef86bd/l241.png,https://drop-assets.ea.com/images/5VXhqALaBzgvb2YG8iJxlq/990024f3e3ecc9e6c37eae41ebef86bd/l241.png,GK,86,81,86,77,86,46,83,Right,191,79,LALIGA EA SPORTS
212218,Aymeric Laporte,https://ratings-images-prod.pulse.ea.com/FC25/full/player-portraits/p212218.png?padding=0.7,Spain,45,https://drop-assets.ea.com/images/Kv8okAYMsDbB3ZKbxrAXw/9d30c88d16a4c85002f35c6af412c6f7/f_45.png,https://drop-assets.ea.com/images/6oPkjdKPFc4aHfFp7UGXB7/262e529bd81a51c0b5f317e61b3f5985/l112139.png,https://drop-assets.ea.com/images/6oPkjdKPFc4aHfFp7UGXB7/262e529bd81a51c0b5f317e61b3f5985/l112139.png,https://drop-assets.ea.com/images/6oPkjdKPFc4aHfFp7UGXB7/262e529bd81a51c0b5f317e61b3f5985/l112139.png,CB,70,51,70,74,70,83,77,Left,189,85,ROSHN Saudi League
239231,Marc Cucurella,https://ratings-images-prod.pulse.ea.com/FC25/full/player-portraits/p239231.png?padding=0.7,Spain,45,https://drop-assets.ea.com/images/Kv8okAYMsDbB3ZKbxrAXw/9d30c88d16a4c85002f35c6af412c6f7/f_45.png,https://drop-assets.ea.com/images/6T0vfhzb3y9R6YVtmVwYcD/b99723a87536e30979c7cbdb8bba9310/l5.png,https://drop-assets.ea.com/images/6T0vfhzb3y9R6YVtmVwYcD/b99723a87536e30979c7cbdb8bba9310/l5.png,https://drop-assets.ea.com/images/6T0vfhzb3y9R6YVtmVwYcD/b99723a87536e30979c7cbdb8bba9310/l5.png,LB,80,75,80,79,80,82,79,Left,174,66,Premier League
226161,Marcos Llorente,https://ratings-images-prod.pulse.ea.com/FC25/full/player-portraits/p226161.png?padding=0.7,Spain,45,https://drop-assets.ea.com/images/Kv8okAYMsDbB3ZKbxrAXw/9d30c88d16a4c85002f35c6af412c6f7/f_45.png,https://drop-assets.ea.com/images/vYcueolPvaGx8blMqhPZ5/5dc3479fc8b85d475fd980c53fc2056f/l240.png,https://drop-assets.ea.com/images/vYcueolPvaGx8blMqhPZ5/5dc3479fc8b85d475fd980c53fc2056f/l240.png,https://drop-assets.ea.com/images/vYcueolPvaGx8blMqhPZ5/5dc3479fc8b85d475fd980c53fc2056f/l240.png,RB,81,89,81,78,81,78,82,Right,184,74,LALIGA EA SPORTS
245037,Eric García,https://ratings-images-prod.pulse.ea.com/FC25/full/player-portraits/p245037.png?padding=0.7,Spain,45,https://drop-assets.ea.com/images/Kv8okAYMsDbB3ZKbxrAXw/9d30c88d16a4c85002f35c6af412c6f7/f_45.png,https://drop-assets.ea.com/images/5VXhqALaBzgvb2YG8iJxlq/990024f3e3ecc9e6c37eae41ebef86bd/l241.png,https://drop-assets.ea.com/images/5VXhqALaBzgvb2YG8iJxlq/990024f3e3ecc9e6c37eae41ebef86bd/l241.png,https://drop-assets.ea.com/images/5VXhqALaBzgvb2YG8iJxlq/990024f3e3ecc9e6c37eae41ebef86bd/l241.png,CB,71,63,71,70,71,80,73,Right,182,76,LALIGA EA SPORTS
243576,Pedro Porro,https://ratings-images-prod.pulse.ea.com/FC25/full/player-portraits/p243576.png?padding=0.7,Spain,45,https://drop-assets.ea.com/images/Kv8okAYMsDbB3ZKbxrAXw/9d30c88d16a4c85002f35c6af412c6f7/f_45.png,https://drop-assets.ea.com/images/7kUcyCh5xGrzQlcjP2Q9NH/11aba507486f44765ee5938b1b5b097e/l18.png,https://drop-assets.ea.com/images/7kUcyCh5xGrzQlcjP2Q9NH/11aba507486f44765ee5938b1b5b097e/l18.png,https://drop-assets.ea.com/images/7kUcyCh5xGrzQlcjP2Q9NH/11aba507486f44765ee5938b1b5b097e/l18.png,RB,80,78,80,81,80,77,76,Right,173,69,Premier League
210035,Álex Grimaldo,https://ratings-images-prod.pulse.ea.com/FC25/full/player-portraits/p210035.png?padding=0.7,Spain,45,https://drop-assets.ea.com/images/Kv8okAYMsDbB3ZKbxrAXw/9d30c88d16a4c85002f35c6af412c6f7/f_45.png,https://drop-assets.ea.com/images/mGqQw1um1ucUAshcK0Eop/9c7fe656f526c98b217ff2a052377b5c/l32.png,https://drop-assets.ea.com/images/mGqQw1um1ucUAshcK0Eop/9c7fe656f526c98b217ff2a052377b5c/l32.png,https://drop-assets.ea.com/images/mGqQw1um1ucUAshcK0Eop/9c7fe656f526c98b217ff2a052377b5c/l32.png,LM,85,72,85,87,85,74,67,Left,171,68,Bundesliga
278046,Pau Cubarsí,https://ratings-images-prod.pulse.ea.com/FC25/full/player-portraits/p278046.png?padding=0.7,Spain,45,https://drop-assets.ea.com/images/Kv8okAYMsDbB3ZKbxrAXw/9d30c88d16a4c85002f35c6af412c6f7/f_45.png,https://drop-assets.ea.com/images/5VXhqALaBzgvb2YG8iJxlq/990024f3e3ecc9e6c37eae41ebef86bd/l241.png,https://drop-assets.ea.com/images/5VXhqALaBzgvb2YG8iJxlq/990024f3e3ecc9e6c37eae41ebef86bd/l241.png,https://drop-assets.ea.com/images/5VXhqALaBzgvb2YG8iJxlq/990024f3e3ecc9e6c37eae41ebef86bd/l241.png,CB,77,70,77,66,77,84,76,Right,182,75,LALIGA EA SPORTS
266039,Marc Pubill,https://ratings-images-prod.pulse.ea.com/FC25/full/player-portraits/p266039.png?padding=0.7,Spain,45,https://drop-assets.ea.com/images/Kv8okAYMsDbB3ZKbxrAXw/9d30c88d16a4c85002f35c6af412c6f7/f_45.png,https://drop-assets.ea.com/images/vYcueolPvaGx8blMqhPZ5/5dc3479fc8b85d475fd980c53fc2056f/l240.png,https://drop-assets.ea.com/images/vYcueolPvaGx8blMqhPZ5/5dc3479fc8b85d475fd980c53fc2056f/l240.png,https://drop-assets.ea.com/images/vYcueolPvaGx8blMqhPZ5/5dc3479fc8b85d475fd980c53fc2056f/l240.png,RB,71,79,71,66,71,69,78,Right,190,82,LALIGA EA SPORTS
231866,Rodri,https://ratings-images-prod.pulse.ea.com/FC25/full/player-portraits/p231866.png?padding=0.7,Spain,45,https://drop-assets.ea.com/images/Kv8okAYMsDbB3ZKbxrAXw/9d30c88d16a4c85002f35c6af412c6f7/f_45.png,https://drop-assets.ea.com/images/4asmNLic4aQn6cjlEg1t5u/88bea3ddd6c1f620bbf813041f248685/l10.png,https://drop-assets.ea.com/images/4asmNLic4aQn6cjlEg1t5u/88bea3ddd6c1f620bbf813041f248685/l10.png,https://drop-assets.ea.com/images/4asmNLic4aQn6cjlEg1t5u/88bea3ddd6c1f620bbf813041f248685/l10.png,CDM,84,65,84,86,84,86,85,Right,190,82,Premier League
225193,Mikel Merino,https://ratings-images-prod.pulse.ea.com/FC25/full/player-portraits/p225193.png?padding=0.7,Spain,45,https://drop-assets.ea.com/images/Kv8okAYMsDbB3ZKbxrAXw/9d30c88d16a4c85002f35c6af412c6f7/f_45.png,https://drop-assets.ea.com/images/2ng99bvkwKaA228PJje39i/09d2df89a78377d3f8d3f78469cbadc9/l1.png,https://drop-assets.ea.com/images/2ng99bvkwKaA228PJje39i/09d2df89a78377d3f8d3f78469cbadc9/l1.png,https://drop-assets.ea.com/images/2ng99bvkwKaA228PJje39i/09d2df89a78377d3f8d3f78469cbadc9/l1.png,CM,80,63,80,80,80,81,80,Left,189,83,Premier League
226271,Fabián Ruiz,https://ratings-images-prod.pulse.ea.com/FC25/full/player-portraits/p226271.png?padding=0.7,Spain,45,https://drop-assets.ea.com/images/Kv8okAYMsDbB3ZKbxrAXw/9d30c88d16a4c85002f35c6af412c6f7/f_45.png,https://drop-assets.ea.com/images/2QwnhmHh5K7bjkfZAF7ZCi/7c53874542fb5c606ff810a4b1f6b88b/l73.png,https://drop-assets.ea.com/images/2QwnhmHh5K7bjkfZAF7ZCi/7c53874542fb5c606ff810a4b1f6b88b/l73.png,https://drop-assets.ea.com/images/2QwnhmHh5K7bjkfZAF7ZCi/7c53874542fb5c606ff810a4b1f6b88b/l73.png,CM,81,61,81,80,81,75,72,Left,189,70,Ligue 1 McDonald's
251854,Pedri,https://ratings-images-prod.pulse.ea.com/FC25/full/player-portraits/p251854.png?padding=0.7,Spain,45,https://drop-assets.ea.com/images/Kv8okAYMsDbB3ZKbxrAXw/9d30c88d16a4c85002f35c6af412c6f7/f_45.png,https://drop-assets.ea.com/images/5VXhqALaBzgvb2YG8iJxlq/990024f3e3ecc9e6c37eae41ebef86bd/l241.png,https://drop-assets.ea.com/images/5VXhqALaBzgvb2YG8iJxlq/990024f3e3ecc9e6c37eae41ebef86bd/l241.png,https://drop-assets.ea.com/images/5VXhqALaBzgvb2YG8iJxlq/990024f3e3ecc9e6c37eae41ebef86bd/l241.png,CM,91,77,91,85,91,78,77,Right,174,60,LALIGA EA SPORTS
264240,Gavi,https://ratings-images-prod.pulse.ea.com/FC25/full/player-portraits/p264240.png?padding=0.7,Spain,45,https://drop-assets.ea.com/images/Kv8okAYMsDbB3ZKbxrAXw/9d30c88d16a4c85002f35c6af412c6f7/f_45.png,https://drop-assets.ea.com/images/5VXhqALaBzgvb2YG8iJxlq/990024f3e3ecc9e6c37eae41ebef86bd/l241.png,https://drop-assets.ea.com/images/5VXhqALaBzgvb2YG8iJxlq/990024f3e3ecc9e6c37eae41ebef86bd/l241.png,https://drop-assets.ea.com/images/5VXhqALaBzgvb2YG8iJxlq/990024f3e3ecc9e6c37eae41ebef86bd/l241.png,CM,85,76,85,78,85,68,70,Right,173,70,LALIGA EA SPORTS
248148,Martín Zubimendi,https://ratings-images-prod.pulse.ea.com/FC25/full/player-portraits/p248148.png?padding=0.7,Spain,45,https://drop-assets.ea.com/images/Kv8okAYMsDbB3ZKbxrAXw/9d30c88d16a4c85002f35c6af412c6f7/f_45.png,https://drop-assets.ea.com/images/2ng99bvkwKaA228PJje39i/09d2df89a78377d3f8d3f78469cbadc9/l1.png,https://drop-assets.ea.com/images/2ng99bvkwKaA228PJje39i/09d2df89a78377d3f8d3f78469cbadc9/l1.png,https://drop-assets.ea.com/images/2ng99bvkwKaA228PJje39i/09d2df89a78377d3f8d3f78469cbadc9/l1.png,CDM,79,66,79,79,79,80,73,Right,180,74,Premier League
257279,Álex Baena,https://ratings-images-prod.pulse.ea.com/FC25/full/player-portraits/p257279.png?padding=0.7,Spain,45,https://drop-assets.ea.com/images/Kv8okAYMsDbB3ZKbxrAXw/9d30c88d16a4c85002f35c6af412c6f7/f_45.png,https://drop-assets.ea.com/images/vYcueolPvaGx8blMqhPZ5/5dc3479fc8b85d475fd980c53fc2056f/l240.png,https://drop-assets.ea.com/images/vYcueolPvaGx8blMqhPZ5/5dc3479fc8b85d475fd980c53fc2056f/l240.png,https://drop-assets.ea.com/images/vYcueolPvaGx8blMqhPZ5/5dc3479fc8b85d475fd980c53fc2056f/l240.png,LM,82,79,82,84,82,65,68,Right,175,70,LALIGA EA SPORTS
241461,Ferran Torres,https://ratings-images-prod.pulse.ea.com/FC25/full/player-portraits/p241461.png?padding=0.7,Spain,45,https://drop-assets.ea.com/images/Kv8okAYMsDbB3ZKbxrAXw/9d30c88d16a4c85002f35c6af412c6f7/f_45.png,https://drop-assets.ea.com/images/5VXhqALaBzgvb2YG8iJxlq/990024f3e3ecc9e6c37eae41ebef86bd/l241.png,https://drop-assets.ea.com/images/5VXhqALaBzgvb2YG8iJxlq/990024f3e3ecc9e6c37eae41ebef86bd/l241.png,https://drop-assets.ea.com/images/5VXhqALaBzgvb2YG8iJxlq/990024f3e3ecc9e6c37eae41ebef86bd/l241.png,LW,83,83,83,79,83,35,68,Right,184,77,LALIGA EA SPORTS
230142,Mikel Oyarzabal,https://ratings-images-prod.pulse.ea.com/FC25/full/player-portraits/p230142.png?padding=0.7,Spain,45,https://drop-assets.ea.com/images/Kv8okAYMsDbB3ZKbxrAXw/9d30c88d16a4c85002f35c6af412c6f7/f_45.png,https://drop-assets.ea.com/images/2ohvULVVtNoXptjhNS2dLq/08d0f2d7ecfd9e0f43ce837a4e73d139/l457.png,https://drop-assets.ea.com/images/2ohvULVVtNoXptjhNS2dLq/08d0f2d7ecfd9e0f43ce837a4e73d139/l457.png,https://drop-assets.ea.com/images/2ohvULVVtNoXptjhNS2dLq/08d0f2d7ecfd9e0f43ce837a4e73d139/l457.png,ST,82,77,82,81,82,42,65,Left,181,78,LALIGA EA SPORTS
244260,Dani Olmo,https://ratings-images-prod.pulse.ea.com/FC25/full/player-portraits/p244260.png?padding=0.7,Spain,45,https://drop-assets.ea.com/images/Kv8okAYMsDbB3ZKbxrAXw/9d30c88d16a4c85002f35c6af412c6f7/f_45.png,https://drop-assets.ea.com/images/5VXhqALaBzgvb2YG8iJxlq/990024f3e3ecc9e6c37eae41ebef86bd/l241.png,https://drop-assets.ea.com/images/5VXhqALaBzgvb2YG8iJxlq/990024f3e3ecc9e6c37eae41ebef86bd/l241.png,https://drop-assets.ea.com/images/5VXhqALaBzgvb2YG8iJxlq/990024f3e3ecc9e6c37eae41ebef86bd/l241.png,CAM,87,73,87,83,87,50,56,Right,179,72,LALIGA EA SPORTS
256516,Nico Williams,https://ratings-images-prod.pulse.ea.com/FC25/full/player-portraits/p256516.png?padding=0.7,Spain,45,https://drop-assets.ea.com/images/Kv8okAYMsDbB3ZKbxrAXw/9d30c88d16a4c85002f35c6af412c6f7/f_45.png,https://drop-assets.ea.com/images/5lGGXYvaOCdAYlo8xWPzQb/7092243785809519c68b482ad21b2c41/l448.png,https://drop-assets.ea.com/images/5lGGXYvaOCdAYlo8xWPzQb/7092243785809519c68b482ad21b2c41/l448.png,https://drop-assets.ea.com/images/5lGGXYvaOCdAYlo8xWPzQb/7092243785809519c68b482ad21b2c41/l448.png,LM,87,93,87,80,87,36,66,Right,181,67,LALIGA EA SPORTS
277643,Lamine Yamal,https://ratings-images-prod.pulse.ea.com/FC25/full/player-portraits/p277643.png?padding=0.7,Spain,45,https://drop-assets.ea.com/images/Kv8okAYMsDbB3ZKbxrAXw/9d30c88d16a4c85002f35c6af412c6f7/f_45.png,https://drop-assets.ea.com/images/5VXhqALaBzgvb2YG8iJxlq/990024f3e3ecc9e6c37eae41ebef86bd/l241.png,https://drop-assets.ea.com/images/5VXhqALaBzgvb2YG8iJxlq/990024f3e3ecc9e6c37eae41ebef86bd/l241.png,https://drop-assets.ea.com/images/5VXhqALaBzgvb2YG8iJxlq/990024f3e3ecc9e6c37eae41ebef86bd/l241.png,RM,90,85,90,86,90,23,53,Left,180,72,LALIGA EA SPORTS
259377,Yéremy Pino,https://ratings-images-prod.pulse.ea.com/FC25/full/player-portraits/p259377.png?padding=0.7,Spain,45,https://drop-assets.ea.com/images/Kv8okAYMsDbB3ZKbxrAXw/9d30c88d16a4c85002f35c6af412c6f7/f_45.png,https://drop-assets.ea.com/images/6j7pLWl2t3yl13bu6Y9s5K/91a346d14011a610d95ec956816b6a38/l1799.png,https://drop-assets.ea.com/images/6j7pLWl2t3yl13bu6Y9s5K/91a346d14011a610d95ec956816b6a38/l1799.png,https://drop-assets.ea.com/images/6j7pLWl2t3yl13bu6Y9s5K/91a346d14011a610d95ec956816b6a38/l1799.png,RM,81,77,81,78,81,38,53,Right,172,65,Premier League
224179,Borja Iglesias,https://ratings-images-prod.pulse.ea.com/FC25/full/player-portraits/p224179.png?padding=0.7,Spain,45,https://drop-assets.ea.com/images/Kv8okAYMsDbB3ZKbxrAXw/9d30c88d16a4c85002f35c6af412c6f7/f_45.png,https://drop-assets.ea.com/images/3t0uDwxQg2iWoXop58je1a/d5c49ec269ace3a1ad2ded5fb2e8a9ec/l450.png,https://drop-assets.ea.com/images/3t0uDwxQg2iWoXop58je1a/d5c49ec269ace3a1ad2ded5fb2e8a9ec/l450.png,https://drop-assets.ea.com/images/3t0uDwxQg2iWoXop58je1a/d5c49ec269ace3a1ad2ded5fb2e8a9ec/l450.png,ST,74,62,74,71,74,40,77,Right,187,86,LALIGA EA SPORTS
76042,Víctor Muñoz,https://ratings-images-prod.pulse.ea.com/FC25/full/player-portraits/p76042.png?padding=0.7,Spain,45,https://drop-assets.ea.com/images/Kv8okAYMsDbB3ZKbxrAXw/9d30c88d16a4c85002f35c6af412c6f7/f_45.png,https://drop-assets.ea.com/images/5T0gPuxPGVG3BLEP9wYxLx/8be8ef52e215bc47956d1084f702409d/l479.png,https://drop-assets.ea.com/images/5T0gPuxPGVG3BLEP9wYxLx/8be8ef52e215bc47956d1084f702409d/l479.png,https://drop-assets.ea.com/images/5T0gPuxPGVG3BLEP9wYxLx/8be8ef52e215bc47956d1084f702409d/l479.png,LW,66,72,66,60,66,26,39,Right,173,60,LALIGA EA SPORTS
204883,Brice Samba,https://ratings-images-prod.pulse.ea.com/FC25/full/player-portraits/p204883.png?padding=0.7,France,18,https://drop-assets.ea.com/images/3ECAQzhfgSLWRf9IIHB6G8/7e235a7b2f93c1f73db7f89dc03b3657/f_18.png,https://drop-assets.ea.com/images/7CHlTnryGZyOatI2WOFXiP/def56f5b08c456e671d09d3a47cc327b/l74.png,https://drop-assets.ea.com/images/7CHlTnryGZyOatI2WOFXiP/def56f5b08c456e671d09d3a47cc327b/l74.png,https://drop-assets.ea.com/images/7CHlTnryGZyOatI2WOFXiP/def56f5b08c456e671d09d3a47cc327b/l74.png,GK,80,78,80,80,80,53,80,Left,187,90,Ligue 1 McDonald's
259307,Malo Gusto,https://ratings-images-prod.pulse.ea.com/FC25/full/player-portraits/p259307.png?padding=0.7,France,18,https://drop-assets.ea.com/images/3ECAQzhfgSLWRf9IIHB6G8/7e235a7b2f93c1f73db7f89dc03b3657/f_18.png,https://drop-assets.ea.com/images/6T0vfhzb3y9R6YVtmVwYcD/b99723a87536e30979c7cbdb8bba9310/l5.png,https://drop-assets.ea.com/images/6T0vfhzb3y9R6YVtmVwYcD/b99723a87536e30979c7cbdb8bba9310/l5.png,https://drop-assets.ea.com/images/6T0vfhzb3y9R6YVtmVwYcD/b99723a87536e30979c7cbdb8bba9310/l5.png,RB,78,84,78,75,78,73,74,Right,178,74,Premier League
200458,Lucas Digne,https://ratings-images-prod.pulse.ea.com/FC25/full/player-portraits/p200458.png?padding=0.7,France,18,https://drop-assets.ea.com/images/3ECAQzhfgSLWRf9IIHB6G8/7e235a7b2f93c1f73db7f89dc03b3657/f_18.png,https://drop-assets.ea.com/images/57c0ppYsEA88xL0gxqce8K/99605df97c6a96ea3b6e8a424c217af0/l2.png,https://drop-assets.ea.com/images/57c0ppYsEA88xL0gxqce8K/99605df97c6a96ea3b6e8a424c217af0/l2.png,https://drop-assets.ea.com/images/57c0ppYsEA88xL0gxqce8K/99605df97c6a96ea3b6e8a424c217af0/l2.png,LB,76,69,76,79,76,77,74,Left,178,74,Premier League
229558,Dayot Upamecano,https://ratings-images-prod.pulse.ea.com/FC25/full/player-portraits/p229558.png?padding=0.7,France,18,https://drop-assets.ea.com/images/3ECAQzhfgSLWRf9IIHB6G8/7e235a7b2f93c1f73db7f89dc03b3657/f_18.png,https://drop-assets.ea.com/images/3p0dv1pGWIH6lGAKZssZKH/4f70d2c5a3c147f3e006c863e85e4993/l21.png,https://drop-assets.ea.com/images/3p0dv1pGWIH6lGAKZssZKH/4f70d2c5a3c147f3e006c863e85e4993/l21.png,https://drop-assets.ea.com/images/3p0dv1pGWIH6lGAKZssZKH/4f70d2c5a3c147f3e006c863e85e4993/l21.png,CB,73,77,73,64,73,84,84,Right,186,90,Bundesliga
241486,Jules Koundé,https://ratings-images-prod.pulse.ea.com/FC25/full/player-portraits/p241486.png?padding=0.7,France,18,https://drop-assets.ea.com/images/3ECAQzhfgSLWRf9IIHB6G8/7e235a7b2f93c1f73db7f89dc03b3657/f_18.png,https://drop-assets.ea.com/images/5VXhqALaBzgvb2YG8iJxlq/990024f3e3ecc9e6c37eae41ebef86bd/l241.png,https://drop-assets.ea.com/images/5VXhqALaBzgvb2YG8iJxlq/990024f3e3ecc9e6c37eae41ebef86bd/l241.png,https://drop-assets.ea.com/images/5VXhqALaBzgvb2YG8iJxlq/990024f3e3ecc9e6c37eae41ebef86bd/l241.png,RB,79,84,79,74,79,86,84,Right,180,75,LALIGA EA SPORTS
250723,Manu Koné,https://ratings-images-prod.pulse.ea.com/FC25/full/player-portraits/p250723.png?padding=0.7,France,18,https://drop-assets.ea.com/images/3ECAQzhfgSLWRf9IIHB6G8/7e235a7b2f93c1f73db7f89dc03b3657/f_18.png,https://drop-assets.ea.com/images/2ruQP0TDYcCmtVFKr9qMBI/5f53795056598b1faac31300900b8671/l52.png,https://drop-assets.ea.com/images/2ruQP0TDYcCmtVFKr9qMBI/5f53795056598b1faac31300900b8671/l52.png,https://drop-assets.ea.com/images/2ruQP0TDYcCmtVFKr9qMBI/5f53795056598b1faac31300900b8671/l52.png,CM,81,74,81,75,81,74,82,Right,185,80,Serie A Enilive
231443,Ousmane Dembélé,https://ratings-images-prod.pulse.ea.com/FC25/full/player-portraits/p231443.png?padding=0.7,France,18,https://drop-assets.ea.com/images/3ECAQzhfgSLWRf9IIHB6G8/7e235a7b2f93c1f73db7f89dc03b3657/f_18.png,https://drop-assets.ea.com/images/2QwnhmHh5K7bjkfZAF7ZCi/7c53874542fb5c606ff810a4b1f6b88b/l73.png,https://drop-assets.ea.com/images/2QwnhmHh5K7bjkfZAF7ZCi/7c53874542fb5c606ff810a4b1f6b88b/l73.png,https://drop-assets.ea.com/images/2QwnhmHh5K7bjkfZAF7ZCi/7c53874542fb5c606ff810a4b1f6b88b/l73.png,ST,93,91,93,83,93,50,69,Left,178,67,Ligue 1 McDonald's
241637,Aurélien Tchouaméni,https://ratings-images-prod.pulse.ea.com/FC25/full/player-portraits/p241637.png?padding=0.7,France,18,https://drop-assets.ea.com/images/3ECAQzhfgSLWRf9IIHB6G8/7e235a7b2f93c1f73db7f89dc03b3657/f_18.png,https://drop-assets.ea.com/images/Pk8nYrWuRt895RlhJx8jI/445d98b711f413a3a1e70c41b19b0f95/l243.png,https://drop-assets.ea.com/images/Pk8nYrWuRt895RlhJx8jI/445d98b711f413a3a1e70c41b19b0f95/l243.png,https://drop-assets.ea.com/images/Pk8nYrWuRt895RlhJx8jI/445d98b711f413a3a1e70c41b19b0f95/l243.png,CDM,78,71,78,79,78,81,82,Right,187,81,LALIGA EA SPORTS
228093,Marcus Thuram,https://ratings-images-prod.pulse.ea.com/FC25/full/player-portraits/p228093.png?padding=0.7,France,18,https://drop-assets.ea.com/images/3ECAQzhfgSLWRf9IIHB6G8/7e235a7b2f93c1f73db7f89dc03b3657/f_18.png,https://drop-assets.ea.com/images/1thPMvXN97JgFvt6ASWr4c/d2ca0a691a98c344305bc0975ab70314/l131682.png,https://drop-assets.ea.com/images/1thPMvXN97JgFvt6ASWr4c/d2ca0a691a98c344305bc0975ab70314/l131682.png,https://drop-assets.ea.com/images/1thPMvXN97JgFvt6ASWr4c/d2ca0a691a98c344305bc0975ab70314/l131682.png,ST,82,86,82,76,82,50,80,Right,192,80,Serie A Enilive
231747,Kylian Mbappé,https://ratings-images-prod.pulse.ea.com/FC25/full/player-portraits/p231747.png?padding=0.7,France,18,https://drop-assets.ea.com/images/3ECAQzhfgSLWRf9IIHB6G8/7e235a7b2f93c1f73db7f89dc03b3657/f_18.png,https://drop-assets.ea.com/images/Pk8nYrWuRt895RlhJx8jI/445d98b711f413a3a1e70c41b19b0f95/l243.png,https://drop-assets.ea.com/images/Pk8nYrWuRt895RlhJx8jI/445d98b711f413a3a1e70c41b19b0f95/l243.png,https://drop-assets.ea.com/images/Pk8nYrWuRt895RlhJx8jI/445d98b711f413a3a1e70c41b19b0f95/l243.png,ST,92,97,92,81,92,37,76,Right,182,75,LALIGA EA SPORTS
247827,Michael Olise,https://ratings-images-prod.pulse.ea.com/FC25/full/player-portraits/p247827.png?padding=0.7,France,18,https://drop-assets.ea.com/images/3ECAQzhfgSLWRf9IIHB6G8/7e235a7b2f93c1f73db7f89dc03b3657/f_18.png,https://drop-assets.ea.com/images/3p0dv1pGWIH6lGAKZssZKH/4f70d2c5a3c147f3e006c863e85e4993/l21.png,https://drop-assets.ea.com/images/3p0dv1pGWIH6lGAKZssZKH/4f70d2c5a3c147f3e006c863e85e4993/l21.png,https://drop-assets.ea.com/images/3p0dv1pGWIH6lGAKZssZKH/4f70d2c5a3c147f3e006c863e85e4993/l21.png,RM,87,78,87,84,87,50,66,Left,184,73,Bundesliga
264652,Bradley Barcola,https://ratings-images-prod.pulse.ea.com/FC25/full/player-portraits/p264652.png?padding=0.7,France,18,https://drop-assets.ea.com/images/3ECAQzhfgSLWRf9IIHB6G8/7e235a7b2f93c1f73db7f89dc03b3657/f_18.png,https://drop-assets.ea.com/images/2QwnhmHh5K7bjkfZAF7ZCi/7c53874542fb5c606ff810a4b1f6b88b/l73.png,https://drop-assets.ea.com/images/2QwnhmHh5K7bjkfZAF7ZCi/7c53874542fb5c606ff810a4b1f6b88b/l73.png,https://drop-assets.ea.com/images/2QwnhmHh5K7bjkfZAF7ZCi/7c53874542fb5c606ff810a4b1f6b88b/l73.png,LW,84,90,84,78,84,39,66,Right,188,70,Ligue 1 McDonald's
215914,N'Golo Kanté,https://ratings-images-prod.pulse.ea.com/FC25/full/player-portraits/p215914.png?padding=0.7,France,18,https://drop-assets.ea.com/images/3ECAQzhfgSLWRf9IIHB6G8/7e235a7b2f93c1f73db7f89dc03b3657/f_18.png,https://drop-assets.ea.com/images/21L35ZnVrrvEeFouMeqs8Q/b631b443b4d37e1712ed79f2487d850c/l607.png,https://drop-assets.ea.com/images/21L35ZnVrrvEeFouMeqs8Q/b631b443b4d37e1712ed79f2487d850c/l607.png,https://drop-assets.ea.com/images/21L35ZnVrrvEeFouMeqs8Q/b631b443b4d37e1712ed79f2487d850c/l607.png,CDM,80,77,80,73,80,85,79,Right,168,70,ROSHN Saudi League
210008,Adrien Rabiot,https://ratings-images-prod.pulse.ea.com/FC25/full/player-portraits/p210008.png?padding=0.7,France,18,https://drop-assets.ea.com/images/3ECAQzhfgSLWRf9IIHB6G8/7e235a7b2f93c1f73db7f89dc03b3657/f_18.png,https://drop-assets.ea.com/images/6D3s1RlLRER3UOunC4Lofv/ec87a4178160a87521b0b7c688e7638e/l131681.png,https://drop-assets.ea.com/images/6D3s1RlLRER3UOunC4Lofv/ec87a4178160a87521b0b7c688e7638e/l131681.png,https://drop-assets.ea.com/images/6D3s1RlLRER3UOunC4Lofv/ec87a4178160a87521b0b7c688e7638e/l131681.png,CAM,80,81,80,81,80,77,84,Left,191,80,Serie A Enilive
237678,Ibrahima Konaté,https://ratings-images-prod.pulse.ea.com/FC25/full/player-portraits/p237678.png?padding=0.7,France,18,https://drop-assets.ea.com/images/3ECAQzhfgSLWRf9IIHB6G8/7e235a7b2f93c1f73db7f89dc03b3657/f_18.png,https://drop-assets.ea.com/images/3mmzooNXBDCKuCy6kWcGQo/2e332a30fe2a7225a88fcb1898f48bbf/l9.png,https://drop-assets.ea.com/images/3mmzooNXBDCKuCy6kWcGQo/2e332a30fe2a7225a88fcb1898f48bbf/l9.png,https://drop-assets.ea.com/images/3mmzooNXBDCKuCy6kWcGQo/2e332a30fe2a7225a88fcb1898f48bbf/l9.png,CB,69,77,69,63,69,86,85,Right,194,95,Premier League
215698,Mike Maignan,https://ratings-images-prod.pulse.ea.com/FC25/full/player-portraits/p215698.png?padding=0.7,France,18,https://drop-assets.ea.com/images/3ECAQzhfgSLWRf9IIHB6G8/7e235a7b2f93c1f73db7f89dc03b3657/f_18.png,https://drop-assets.ea.com/images/6D3s1RlLRER3UOunC4Lofv/ec87a4178160a87521b0b7c688e7638e/l131681.png,https://drop-assets.ea.com/images/6D3s1RlLRER3UOunC4Lofv/ec87a4178160a87521b0b7c688e7638e/l131681.png,https://drop-assets.ea.com/images/6D3s1RlLRER3UOunC4Lofv/ec87a4178160a87521b0b7c688e7638e/l131681.png,GK,88,84,88,85,88,64,84,Right,191,89,Serie A Enilive
243715,William Saliba,https://ratings-images-prod.pulse.ea.com/FC25/full/player-portraits/p243715.png?padding=0.7,France,18,https://drop-assets.ea.com/images/3ECAQzhfgSLWRf9IIHB6G8/7e235a7b2f93c1f73db7f89dc03b3657/f_18.png,https://drop-assets.ea.com/images/2ng99bvkwKaA228PJje39i/09d2df89a78377d3f8d3f78469cbadc9/l1.png,https://drop-assets.ea.com/images/2ng99bvkwKaA228PJje39i/09d2df89a78377d3f8d3f78469cbadc9/l1.png,https://drop-assets.ea.com/images/2ng99bvkwKaA228PJje39i/09d2df89a78377d3f8d3f78469cbadc9/l1.png,CB,72,77,72,68,72,87,83,Right,193,85,Premier League
270673,Warren Zaïre-Emery,https://ratings-images-prod.pulse.ea.com/FC25/full/player-portraits/p270673.png?padding=0.7,France,18,https://drop-assets.ea.com/images/3ECAQzhfgSLWRf9IIHB6G8/7e235a7b2f93c1f73db7f89dc03b3657/f_18.png,https://drop-assets.ea.com/images/2QwnhmHh5K7bjkfZAF7ZCi/7c53874542fb5c606ff810a4b1f6b88b/l73.png,https://drop-assets.ea.com/images/2QwnhmHh5K7bjkfZAF7ZCi/7c53874542fb5c606ff810a4b1f6b88b/l73.png,https://drop-assets.ea.com/images/2QwnhmHh5K7bjkfZAF7ZCi/7c53874542fb5c606ff810a4b1f6b88b/l73.png,CM,79,79,79,76,79,75,79,Right,178,68,Ligue 1 McDonald's
232656,Théo Hernandez,https://ratings-images-prod.pulse.ea.com/FC25/full/player-portraits/p232656.png?padding=0.7,France,18,https://drop-assets.ea.com/images/3ECAQzhfgSLWRf9IIHB6G8/7e235a7b2f93c1f73db7f89dc03b3657/f_18.png,https://drop-assets.ea.com/images/S6sbDN9mfGaVn2VJDekYR/c6f580c98a0d614b0b308a89a241c6ab/l605.png,https://drop-assets.ea.com/images/S6sbDN9mfGaVn2VJDekYR/c6f580c98a0d614b0b308a89a241c6ab/l605.png,https://drop-assets.ea.com/images/S6sbDN9mfGaVn2VJDekYR/c6f580c98a0d614b0b308a89a241c6ab/l605.png,LB,83,90,83,78,83,79,83,Left,184,81,ROSHN Saudi League
271421,Désiré Doué,https://ratings-images-prod.pulse.ea.com/FC25/full/player-portraits/p271421.png?padding=0.7,France,18,https://drop-assets.ea.com/images/3ECAQzhfgSLWRf9IIHB6G8/7e235a7b2f93c1f73db7f89dc03b3657/f_18.png,https://drop-assets.ea.com/images/2QwnhmHh5K7bjkfZAF7ZCi/7c53874542fb5c606ff810a4b1f6b88b/l73.png,https://drop-assets.ea.com/images/2QwnhmHh5K7bjkfZAF7ZCi/7c53874542fb5c606ff810a4b1f6b88b/l73.png,https://drop-assets.ea.com/images/2QwnhmHh5K7bjkfZAF7ZCi/7c53874542fb5c606ff810a4b1f6b88b/l73.png,RW,90,83,90,77,90,55,74,Right,181,79,Ligue 1 McDonald's
220814,Lucas Hernandez,https://ratings-images-prod.pulse.ea.com/FC25/full/player-portraits/p220814.png?padding=0.7,France,18,https://drop-assets.ea.com/images/3ECAQzhfgSLWRf9IIHB6G8/7e235a7b2f93c1f73db7f89dc03b3657/f_18.png,https://drop-assets.ea.com/images/2QwnhmHh5K7bjkfZAF7ZCi/7c53874542fb5c606ff810a4b1f6b88b/l73.png,https://drop-assets.ea.com/images/2QwnhmHh5K7bjkfZAF7ZCi/7c53874542fb5c606ff810a4b1f6b88b/l73.png,https://drop-assets.ea.com/images/2QwnhmHh5K7bjkfZAF7ZCi/7c53874542fb5c606ff810a4b1f6b88b/l73.png,CB,70,71,70,72,70,82,77,Left,184,79,Ligue 1 McDonald's
236461,Jean-Philippe Mateta,https://ratings-images-prod.pulse.ea.com/FC25/full/player-portraits/p236461.png?padding=0.7,France,18,https://drop-assets.ea.com/images/3ECAQzhfgSLWRf9IIHB6G8/7e235a7b2f93c1f73db7f89dc03b3657/f_18.png,https://drop-assets.ea.com/images/6j7pLWl2t3yl13bu6Y9s5K/91a346d14011a610d95ec956816b6a38/l1799.png,https://drop-assets.ea.com/images/6j7pLWl2t3yl13bu6Y9s5K/91a346d14011a610d95ec956816b6a38/l1799.png,https://drop-assets.ea.com/images/6j7pLWl2t3yl13bu6Y9s5K/91a346d14011a610d95ec956816b6a38/l1799.png,ST,77,75,77,70,77,41,81,Right,192,88,Premier League
271918,Robin Risser,https://ratings-images-prod.pulse.ea.com/FC25/full/player-portraits/p271918.png?padding=0.7,France,18,https://drop-assets.ea.com/images/3ECAQzhfgSLWRf9IIHB6G8/7e235a7b2f93c1f73db7f89dc03b3657/f_18.png,https://drop-assets.ea.com/images/3HrZR8go9EdkyD4jpbWPic/0fcbfb41b4d42943916892d763af8d55/l64.png,https://drop-assets.ea.com/images/3HrZR8go9EdkyD4jpbWPic/0fcbfb41b4d42943916892d763af8d55/l64.png,https://drop-assets.ea.com/images/3HrZR8go9EdkyD4jpbWPic/0fcbfb41b4d42943916892d763af8d55/l64.png,GK,71,71,71,64,71,39,67,Right,193,82,Ligue 1 McDonald's
251570,Rayan Cherki,https://ratings-images-prod.pulse.ea.com/FC25/full/player-portraits/p251570.png?padding=0.7,France,18,https://drop-assets.ea.com/images/3ECAQzhfgSLWRf9IIHB6G8/7e235a7b2f93c1f73db7f89dc03b3657/f_18.png,https://drop-assets.ea.com/images/4asmNLic4aQn6cjlEg1t5u/88bea3ddd6c1f620bbf813041f248685/l10.png,https://drop-assets.ea.com/images/4asmNLic4aQn6cjlEg1t5u/88bea3ddd6c1f620bbf813041f248685/l10.png,https://drop-assets.ea.com/images/4asmNLic4aQn6cjlEg1t5u/88bea3ddd6c1f620bbf813041f248685/l10.png,RW,88,75,88,80,88,21,65,Left,177,71,Premier League
264862,Maghnes Akliouche,https://ratings-images-prod.pulse.ea.com/FC25/full/player-portraits/p264862.png?padding=0.7,France,18,https://drop-assets.ea.com/images/3ECAQzhfgSLWRf9IIHB6G8/7e235a7b2f93c1f73db7f89dc03b3657/f_18.png,https://drop-assets.ea.com/images/6XicH1VsjyR3WbTdpk99p3/8b11b6c53072e6c9c042eb77f3c6a8f4/l69.png,https://drop-assets.ea.com/images/6XicH1VsjyR3WbTdpk99p3/8b11b6c53072e6c9c042eb77f3c6a8f4/l69.png,https://drop-assets.ea.com/images/6XicH1VsjyR3WbTdpk99p3/8b11b6c53072e6c9c042eb77f3c6a8f4/l69.png,RM,83,74,83,78,83,48,62,Left,183,63,Ligue 1 McDonald's
244067,Maxence Lacroix,https://ratings-images-prod.pulse.ea.com/FC25/full/player-portraits/p244067.png?padding=0.7,France,18,https://drop-assets.ea.com/images/3ECAQzhfgSLWRf9IIHB6G8/7e235a7b2f93c1f73db7f89dc03b3657/f_18.png,https://drop-assets.ea.com/images/6j7pLWl2t3yl13bu6Y9s5K/91a346d14011a610d95ec956816b6a38/l1799.png,https://drop-assets.ea.com/images/6j7pLWl2t3yl13bu6Y9s5K/91a346d14011a610d95ec956816b6a38/l1799.png,https://drop-assets.ea.com/images/6j7pLWl2t3yl13bu6Y9s5K/91a346d14011a610d95ec956816b6a38/l1799.png,CB,67,88,67,57,67,80,82,Right,190,88,Premier League
fm_23320744,Jalal Hassan,//img.fminside.net/facesfm26/23320744.png,Iraq,,https://img.fminside.net/flag-svg/iq.svg,Al-Zawra'a,135215,//img.fminside.net/logos/Men/Clubs/Normal/135215.png,GK,45,60,45,62,45,67,40,Right,184,79,Premier League
fm_23252223,Fahad Talib,//img.fminside.net/facesfm26/23252223.png,Iraq,,https://img.fminside.net/flag-svg/iq.svg,Al-Talaba,135217,//img.fminside.net/logos/Men/Clubs/Normal/135217.png,GK,60,53,60,39,60,57,57,Right,193,88,Premier League
fm_23325137,Ahmed Basil,//img.fminside.net/facesfm26/23325137.png,Iraq,,https://img.fminside.net/flag-svg/iq.svg,Al-Shorta,102849,//img.fminside.net/logos/Men/Clubs/Normal/102849.png,GK,53,50,53,42,53,59,58,Left,185,80,Premier League
fm_93011184,Rebin Sulaka,//img.fminside.net/facesfm26/93011184.png,Iraq,,https://img.fminside.net/flag-svg/iq.svg,Port,23295496,//img.fminside.net/logos/Men/Clubs/Normal/23295496.png,DC,44,53,44,40,44,64,69,Right,193,88,Thai League
,Manaf Younis,,Iraq,,,,,,,,,,,,,,,,,
76603,Merchas Doski,https://ratings-images-prod.pulse.ea.com/FC25/full/player-portraits/p76603.png?padding=0.7,Iraq,162,https://drop-assets.ea.com/images/4yCfxEvEercZtH71osFfI7/48f18cc602d5063f990fe17fdb86e9cf/f_162.png,https://drop-assets.ea.com/images/5LmNp7F4reMrhue3FZ3lD5/7222160e6e0c97516d2c783964ac3c8c/l110468.png,https://drop-assets.ea.com/images/5LmNp7F4reMrhue3FZ3lD5/7222160e6e0c97516d2c783964ac3c8c/l110468.png,https://drop-assets.ea.com/images/5LmNp7F4reMrhue3FZ3lD5/7222160e6e0c97516d2c783964ac3c8c/l110468.png,LB,71,75,71,65,71,62,62,Left,173,65,Česká Liga
fm_93122988,Hussein Ali,//img.fminside.net/facesfm26/93122988.png,Iraq,,https://img.fminside.net/flag-svg/iq.svg,Pogoń,1459,//img.fminside.net/logos/Men/Clubs/Normal/1459.png,DR,57,68,57,55,57,59,54,Right,182,77,Ekstraklasa
fm_2000065379,Zaid Tahseen,//img.fminside.net/facesfm26/2000065379.png,Iraq,,https://img.fminside.net/flag-svg/iq.svg,Paxtakor,475411,//img.fminside.net/logos/Men/Clubs/Normal/475411.png,DL,40,60,40,30,40,62,72,Right,191,86,O'zbekiston Superligasi
fm_27043269,Frans Putros,//img.fminside.net/facesfm26/27043269.png,Iraq,,https://img.fminside.net/flag-svg/iq.svg,Persib,116140,//img.fminside.net/logos/Men/Clubs/Normal/116140.png,DR,50,58,50,52,50,59,60,Right,181,76,BRI Liga 1
fm_2000019568,Ahmed Yahya,//img.fminside.net/facesfm26/2000019568.png,Iraq,,https://img.fminside.net/flag-svg/iq.svg,Al-Shorta,102849,//img.fminside.net/logos/Men/Clubs/Normal/102849.png,DL,49,60,49,57,49,64,69,Right,187,82,Premier League
,Mustafa Saadoon,,Iraq,,,,,,,,,,,,,,,,,
,Akam Hashim,,Iraq,,,,,,,,,,,,,,,,,
74514,Ibrahim Bayesh,https://ratings-images-prod.pulse.ea.com/FC25/full/player-portraits/p74514.png?padding=0.7,Iraq,162,https://drop-assets.ea.com/images/4yCfxEvEercZtH71osFfI7/48f18cc602d5063f990fe17fdb86e9cf/f_162.png,https://drop-assets.ea.com/images/1L9oQXove9EYtLUufOd5s2/6136b6d3c0a27fd6e686305be57baae7/l113037.png,https://drop-assets.ea.com/images/1L9oQXove9EYtLUufOd5s2/6136b6d3c0a27fd6e686305be57baae7/l113037.png,https://drop-assets.ea.com/images/1L9oQXove9EYtLUufOd5s2/6136b6d3c0a27fd6e686305be57baae7/l113037.png,LM,69,79,69,60,69,58,75,Right,177,74,ROSHN Saudi League
261298,Amir Al-Ammari,https://ratings-images-prod.pulse.ea.com/FC25/full/player-portraits/p261298.png?padding=0.7,Iraq,162,https://drop-assets.ea.com/images/4yCfxEvEercZtH71osFfI7/48f18cc602d5063f990fe17fdb86e9cf/f_162.png,https://drop-assets.ea.com/images/6E8N9b2s70agwQByMJTKqG/36e05f098d5346e94d6e73923bb44e16/l110747.png,https://drop-assets.ea.com/images/6E8N9b2s70agwQByMJTKqG/36e05f098d5346e94d6e73923bb44e16/l110747.png,https://drop-assets.ea.com/images/6E8N9b2s70agwQByMJTKqG/36e05f098d5346e94d6e73923bb44e16/l110747.png,CM,63,68,63,66,63,60,70,Left,184,71,PKO BP Ekstraklasa
74705,Ali Jasim,https://ratings-images-prod.pulse.ea.com/FC25/full/player-portraits/p74705.png?padding=0.7,Iraq,162,https://drop-assets.ea.com/images/4yCfxEvEercZtH71osFfI7/48f18cc602d5063f990fe17fdb86e9cf/f_162.png,https://drop-assets.ea.com/images/7gQaQZYCclbfWx6UJEcuQq/92e7f63ac0ab3744b2de07ea89905eb8/l115892.png,https://drop-assets.ea.com/images/7gQaQZYCclbfWx6UJEcuQq/92e7f63ac0ab3744b2de07ea89905eb8/l115892.png,https://drop-assets.ea.com/images/7gQaQZYCclbfWx6UJEcuQq/92e7f63ac0ab3744b2de07ea89905eb8/l115892.png,LM,63,67,63,57,63,22,59,Right,178,75,ROSHN Saudi League
fm_2000070799,Youssef Amyn,//img.fminside.net/facesfm26/2000070799.png,Iraq,,https://img.fminside.net/flag-svg/iq.svg,AEK Larnakas,448,//img.fminside.net/logos/Men/Clubs/Normal/448.png,AML,69,68,69,54,69,29,40,Right,172,67,A' Katigorías
265788,Zidane Iqbal,https://ratings-images-prod.pulse.ea.com/FC25/full/player-portraits/p265788.png?padding=0.7,Iraq,162,https://drop-assets.ea.com/images/4yCfxEvEercZtH71osFfI7/48f18cc602d5063f990fe17fdb86e9cf/f_162.png,,,,CDM,73,64,73,64,73,63,62,Right,181,71,Eredivisie
276252,Marko Farji,https://ratings-images-prod.pulse.ea.com/FC25/full/player-portraits/p276252.png?padding=0.7,Iraq,162,https://drop-assets.ea.com/images/4yCfxEvEercZtH71osFfI7/48f18cc602d5063f990fe17fdb86e9cf/f_162.png,https://drop-assets.ea.com/images/7754YouKSxBVDtCU3t1KrQ/cf47a81deb3d45571ec77fdac4fb0da5/l922.png,https://drop-assets.ea.com/images/7754YouKSxBVDtCU3t1KrQ/cf47a81deb3d45571ec77fdac4fb0da5/l922.png,https://drop-assets.ea.com/images/7754YouKSxBVDtCU3t1KrQ/cf47a81deb3d45571ec77fdac4fb0da5/l922.png,LW,66,81,66,60,66,32,65,Right,184,78,Eliteserien
243539,Kevin Yakob,https://ratings-images-prod.pulse.ea.com/FC25/full/player-portraits/p243539.png?padding=0.7,Iraq,162,https://drop-assets.ea.com/images/4yCfxEvEercZtH71osFfI7/48f18cc602d5063f990fe17fdb86e9cf/f_162.png,https://drop-assets.ea.com/images/tbiz70DI2xDhDu23tuXKJ/a3efd7681daef79a704f4b7b9a90a501/l271.png,https://drop-assets.ea.com/images/tbiz70DI2xDhDu23tuXKJ/a3efd7681daef79a704f4b7b9a90a501/l271.png,https://drop-assets.ea.com/images/tbiz70DI2xDhDu23tuXKJ/a3efd7681daef79a704f4b7b9a90a501/l271.png,CM,68,66,68,66,68,59,64,Right,184,77,3F Superliga
253010,Aimar Sher,https://ratings-images-prod.pulse.ea.com/FC25/full/player-portraits/p253010.png?padding=0.7,Iraq,162,https://drop-assets.ea.com/images/4yCfxEvEercZtH71osFfI7/48f18cc602d5063f990fe17fdb86e9cf/f_162.png,https://drop-assets.ea.com/images/40G8rPL5eEBBeswe9jZMph/1e584282e91aa80e9985fc1f34710148/l112199.png,https://drop-assets.ea.com/images/40G8rPL5eEBBeswe9jZMph/1e584282e91aa80e9985fc1f34710148/l112199.png,https://drop-assets.ea.com/images/40G8rPL5eEBBeswe9jZMph/1e584282e91aa80e9985fc1f34710148/l112199.png,CDM,69,62,69,61,69,61,66,Right,175,65,Eliteserien
fm_2000197474,Zaid Ismail,//img.fminside.net/faces/default-male.png,Iraq,,https://img.fminside.net/flag-svg/iq.svg,Al-Talaba,135217,//img.fminside.net/logos/Men/Clubs/Normal/135217.png,DM,47,53,47,49,47,62,47,Right,189,84,Premier League
261031,Ahmed Qasem,https://ratings-images-prod.pulse.ea.com/FC25/full/player-portraits/p261031.png?padding=0.7,Iraq,46,https://drop-assets.ea.com/images/4ts7Tmr55hzylhHNBA5xsw/073e32f2c968ae9d531bb1d013a350a0/f_46.png,https://drop-assets.ea.com/images/4FvmPxTXK6or9m3GMc0HxL/1e3e8d34f2cc18c60f7564781ff93279/l114162.png,https://drop-assets.ea.com/images/4FvmPxTXK6or9m3GMc0HxL/1e3e8d34f2cc18c60f7564781ff93279/l114162.png,https://drop-assets.ea.com/images/4FvmPxTXK6or9m3GMc0HxL/1e3e8d34f2cc18c60f7564781ff93279/l114162.png,LW,67,72,67,62,67,39,58,,178,72,MLS
fm_23325135,Aymen Hussein,//img.fminside.net/facesfm26/23325135.png,Iraq,,https://img.fminside.net/flag-svg/iq.svg,Al-Karma,2000217512,//img.fminside.net/logos/Men/Clubs/Normal/2000217512.png,ST,53,65,53,37,53,30,72,Right,190,85,Premier League
fm_54200063,Mohanad Ali,//img.fminside.net/facesfm26/54200063.png,Iraq,,https://img.fminside.net/flag-svg/iq.svg,Dibba FC,7880052,//img.fminside.net/logos/Men/Clubs/Normal/7880052.png,ST,62,70,62,45,62,39,60,Right,183,78,ADNOC Pro League
263376,Ali Al-Hamadi,https://ratings-images-prod.pulse.ea.com/FC25/full/player-portraits/p263376.png?padding=0.7,Iraq,162,https://drop-assets.ea.com/images/4yCfxEvEercZtH71osFfI7/48f18cc602d5063f990fe17fdb86e9cf/f_162.png,https://drop-assets.ea.com/images/21V5hD2vkZp4kRSXkklZPQ/b83a1de86c7ad733aad76e20756c9ab5/l1923.png,https://drop-assets.ea.com/images/21V5hD2vkZp4kRSXkklZPQ/b83a1de86c7ad733aad76e20756c9ab5/l1923.png,https://drop-assets.ea.com/images/21V5hD2vkZp4kRSXkklZPQ/b83a1de86c7ad733aad76e20756c9ab5/l1923.png,ST,64,79,64,47,64,18,73,Right,187,76,EFL League One
fm_54202098,Ali Yousif,//img.fminside.net/facesfm26/54202098.png,Iraq,,https://img.fminside.net/flag-svg/iq.svg,Al-Talaba,135217,//img.fminside.net/logos/Men/Clubs/Normal/135217.png,ST,59,68,59,37,59,35,65,Right,192,87,Premier League
185427,Ørjan Nyland,https://ratings-images-prod.pulse.ea.com/FC25/full/player-portraits/p185427.png?padding=0.7,Norway,36,https://drop-assets.ea.com/images/kyD8KeqfkpF4AODggVj9z/999272a9ed21faa0d79c9ed626b89ec2/f_36.png,https://drop-assets.ea.com/images/1xocxSBJ3RrgP3Jponcw9H/b5b340790217ad2685083e1765b24273/l481.png,https://drop-assets.ea.com/images/1xocxSBJ3RrgP3Jponcw9H/b5b340790217ad2685083e1765b24273/l481.png,https://drop-assets.ea.com/images/1xocxSBJ3RrgP3Jponcw9H/b5b340790217ad2685083e1765b24273/l481.png,GK,75,76,75,77,75,47,74,Right,192,90,LALIGA EA SPORTS
222475,Morten Thorsby,https://ratings-images-prod.pulse.ea.com/FC25/full/player-portraits/p222475.png?padding=0.7,Norway,36,https://drop-assets.ea.com/images/kyD8KeqfkpF4AODggVj9z/999272a9ed21faa0d79c9ed626b89ec2/f_36.png,https://drop-assets.ea.com/images/K5vcQ5KjT64Rr1dZZu3RG/0955cabcb0645ef5649ed69904e4b502/l110556.png,https://drop-assets.ea.com/images/K5vcQ5KjT64Rr1dZZu3RG/0955cabcb0645ef5649ed69904e4b502/l110556.png,https://drop-assets.ea.com/images/K5vcQ5KjT64Rr1dZZu3RG/0955cabcb0645ef5649ed69904e4b502/l110556.png,CM,71,55,71,69,71,72,75,Right,189,79,Serie A Enilive
224258,Kristoffer Ajer,https://ratings-images-prod.pulse.ea.com/FC25/full/player-portraits/p224258.png?padding=0.7,Norway,36,https://drop-assets.ea.com/images/kyD8KeqfkpF4AODggVj9z/999272a9ed21faa0d79c9ed626b89ec2/f_36.png,https://drop-assets.ea.com/images/3UCvZhjBB0odWNL0OPusuK/1de0f5b97a2e137201670df2cf09e1a5/l1925.png,https://drop-assets.ea.com/images/3UCvZhjBB0odWNL0OPusuK/1de0f5b97a2e137201670df2cf09e1a5/l1925.png,https://drop-assets.ea.com/images/3UCvZhjBB0odWNL0OPusuK/1de0f5b97a2e137201670df2cf09e1a5/l1925.png,RB,68,67,68,65,68,74,81,Right,196,84,Premier League
238516,Leo Østigård,https://ratings-images-prod.pulse.ea.com/FC25/full/player-portraits/p238516.png?padding=0.7,Norway,36,https://drop-assets.ea.com/images/kyD8KeqfkpF4AODggVj9z/999272a9ed21faa0d79c9ed626b89ec2/f_36.png,https://drop-assets.ea.com/images/K5vcQ5KjT64Rr1dZZu3RG/0955cabcb0645ef5649ed69904e4b502/l110556.png,https://drop-assets.ea.com/images/K5vcQ5KjT64Rr1dZZu3RG/0955cabcb0645ef5649ed69904e4b502/l110556.png,https://drop-assets.ea.com/images/K5vcQ5KjT64Rr1dZZu3RG/0955cabcb0645ef5649ed69904e4b502/l110556.png,CB,61,60,61,50,61,71,79,Right,182,80,Serie A Enilive
262135,David Møller Wolfe,https://ratings-images-prod.pulse.ea.com/FC25/full/player-portraits/p262135.png?padding=0.7,Norway,36,https://drop-assets.ea.com/images/kyD8KeqfkpF4AODggVj9z/999272a9ed21faa0d79c9ed626b89ec2/f_36.png,https://drop-assets.ea.com/images/3DIKyPF6XcAgIrI3Wv0UBo/4b26ac5525105f84de13860ebe177633/l110.png,https://drop-assets.ea.com/images/3DIKyPF6XcAgIrI3Wv0UBo/4b26ac5525105f84de13860ebe177633/l110.png,https://drop-assets.ea.com/images/3DIKyPF6XcAgIrI3Wv0UBo/4b26ac5525105f84de13860ebe177633/l110.png,LB,69,78,69,65,69,67,77,Left,185,78,Premier League
222227,Patrick Berg,https://ratings-images-prod.pulse.ea.com/FC25/full/player-portraits/p222227.png?padding=0.7,Norway,36,https://drop-assets.ea.com/images/kyD8KeqfkpF4AODggVj9z/999272a9ed21faa0d79c9ed626b89ec2/f_36.png,https://drop-assets.ea.com/images/6tn2m1mm20cckFsvUL8AEG/a2cc4cd5cb3203af9b077dc705109903/l918.png,https://drop-assets.ea.com/images/6tn2m1mm20cckFsvUL8AEG/a2cc4cd5cb3203af9b077dc705109903/l918.png,https://drop-assets.ea.com/images/6tn2m1mm20cckFsvUL8AEG/a2cc4cd5cb3203af9b077dc705109903/l918.png,CDM,73,73,73,75,73,71,78,Right,177,74,Eliteserien
216549,Alexander Sørloth,https://ratings-images-prod.pulse.ea.com/FC25/full/player-portraits/p216549.png?padding=0.7,Norway,36,https://drop-assets.ea.com/images/kyD8KeqfkpF4AODggVj9z/999272a9ed21faa0d79c9ed626b89ec2/f_36.png,https://drop-assets.ea.com/images/vYcueolPvaGx8blMqhPZ5/5dc3479fc8b85d475fd980c53fc2056f/l240.png,https://drop-assets.ea.com/images/vYcueolPvaGx8blMqhPZ5/5dc3479fc8b85d475fd980c53fc2056f/l240.png,https://drop-assets.ea.com/images/vYcueolPvaGx8blMqhPZ5/5dc3479fc8b85d475fd980c53fc2056f/l240.png,ST,76,77,76,71,76,36,85,Left,195,94,LALIGA EA SPORTS
228092,Sander Berge,https://ratings-images-prod.pulse.ea.com/FC25/full/player-portraits/p228092.png?padding=0.7,Norway,36,https://drop-assets.ea.com/images/kyD8KeqfkpF4AODggVj9z/999272a9ed21faa0d79c9ed626b89ec2/f_36.png,https://drop-assets.ea.com/images/1YL8ULAZyOPtffpFGZcGe8/84ec5701079276f33aa349d253fa0321/l144.png,https://drop-assets.ea.com/images/1YL8ULAZyOPtffpFGZcGe8/84ec5701079276f33aa349d253fa0321/l144.png,https://drop-assets.ea.com/images/1YL8ULAZyOPtffpFGZcGe8/84ec5701079276f33aa349d253fa0321/l144.png,CDM,71,55,71,74,71,75,84,Right,195,96,Premier League
239085,Erling Haaland,https://ratings-images-prod.pulse.ea.com/FC25/full/player-portraits/p239085.png?padding=0.7,Norway,36,https://drop-assets.ea.com/images/kyD8KeqfkpF4AODggVj9z/999272a9ed21faa0d79c9ed626b89ec2/f_36.png,https://drop-assets.ea.com/images/4asmNLic4aQn6cjlEg1t5u/88bea3ddd6c1f620bbf813041f248685/l10.png,https://drop-assets.ea.com/images/4asmNLic4aQn6cjlEg1t5u/88bea3ddd6c1f620bbf813041f248685/l10.png,https://drop-assets.ea.com/images/4asmNLic4aQn6cjlEg1t5u/88bea3ddd6c1f620bbf813041f248685/l10.png,ST,80,86,80,70,80,45,88,Left,195,94,Premier League
222665,Martin Ødegaard,https://ratings-images-prod.pulse.ea.com/FC25/full/player-portraits/p222665.png?padding=0.7,Norway,36,https://drop-assets.ea.com/images/kyD8KeqfkpF4AODggVj9z/999272a9ed21faa0d79c9ed626b89ec2/f_36.png,https://drop-assets.ea.com/images/2ng99bvkwKaA228PJje39i/09d2df89a78377d3f8d3f78469cbadc9/l1.png,https://drop-assets.ea.com/images/2ng99bvkwKaA228PJje39i/09d2df89a78377d3f8d3f78469cbadc9/l1.png,https://drop-assets.ea.com/images/2ng99bvkwKaA228PJje39i/09d2df89a78377d3f8d3f78469cbadc9/l1.png,CM,87,68,87,88,87,67,65,Left,178,68,Premier League
238756,Jørgen Strand Larsen,https://ratings-images-prod.pulse.ea.com/FC25/full/player-portraits/p238756.png?padding=0.7,Norway,36,https://drop-assets.ea.com/images/kyD8KeqfkpF4AODggVj9z/999272a9ed21faa0d79c9ed626b89ec2/f_36.png,https://drop-assets.ea.com/images/3DIKyPF6XcAgIrI3Wv0UBo/4b26ac5525105f84de13860ebe177633/l110.png,https://drop-assets.ea.com/images/3DIKyPF6XcAgIrI3Wv0UBo/4b26ac5525105f84de13860ebe177633/l110.png,https://drop-assets.ea.com/images/3DIKyPF6XcAgIrI3Wv0UBo/4b26ac5525105f84de13860ebe177633/l110.png,ST,70,75,70,62,70,32,83,Right,194,79,Premier League
257568,Sander Tangvik,https://ratings-images-prod.pulse.ea.com/FC25/full/player-portraits/p257568.png?padding=0.7,Norway,36,https://drop-assets.ea.com/images/kyD8KeqfkpF4AODggVj9z/999272a9ed21faa0d79c9ed626b89ec2/f_36.png,https://drop-assets.ea.com/images/52tubMFrzz9FGkvJn6i2Pk/fc8586193e8a9652c33628067979deaf/l298.png,https://drop-assets.ea.com/images/52tubMFrzz9FGkvJn6i2Pk/fc8586193e8a9652c33628067979deaf/l298.png,https://drop-assets.ea.com/images/52tubMFrzz9FGkvJn6i2Pk/fc8586193e8a9652c33628067979deaf/l298.png,GK,68,69,68,66,68,57,67,Right,193,80,Eliteserien
247611,Egil Selvik,https://ratings-images-prod.pulse.ea.com/FC25/full/player-portraits/p247611.png?padding=0.7,Norway,36,https://drop-assets.ea.com/images/kyD8KeqfkpF4AODggVj9z/999272a9ed21faa0d79c9ed626b89ec2/f_36.png,https://drop-assets.ea.com/images/2MxNfPhOs9sFL7KH8k5Pcd/1be0302e620f2da1b08f09fa9c7bcc64/l1795.png,https://drop-assets.ea.com/images/2MxNfPhOs9sFL7KH8k5Pcd/1be0302e620f2da1b08f09fa9c7bcc64/l1795.png,https://drop-assets.ea.com/images/2MxNfPhOs9sFL7KH8k5Pcd/1be0302e620f2da1b08f09fa9c7bcc64/l1795.png,GK,70,70,70,66,70,19,69,Left,187,75,EFL Championship
231913,Fredrik Aursnes,https://ratings-images-prod.pulse.ea.com/FC25/full/player-portraits/p231913.png?padding=0.7,Norway,36,https://drop-assets.ea.com/images/kyD8KeqfkpF4AODggVj9z/999272a9ed21faa0d79c9ed626b89ec2/f_36.png,https://drop-assets.ea.com/images/2DamHkQ1ZP1CYVjFPp6ofg/3e07292021842fdadb7aaaa84e7473aa/l234.png,https://drop-assets.ea.com/images/2DamHkQ1ZP1CYVjFPp6ofg/3e07292021842fdadb7aaaa84e7473aa/l234.png,https://drop-assets.ea.com/images/2DamHkQ1ZP1CYVjFPp6ofg/3e07292021842fdadb7aaaa84e7473aa/l234.png,CM,80,74,80,78,80,77,82,Right,179,71,Liga Portugal
233800,Fredrik André Bjørkan,https://ratings-images-prod.pulse.ea.com/FC25/full/player-portraits/p233800.png?padding=0.7,Norway,36,https://drop-assets.ea.com/images/kyD8KeqfkpF4AODggVj9z/999272a9ed21faa0d79c9ed626b89ec2/f_36.png,https://drop-assets.ea.com/images/6tn2m1mm20cckFsvUL8AEG/a2cc4cd5cb3203af9b077dc705109903/l918.png,https://drop-assets.ea.com/images/6tn2m1mm20cckFsvUL8AEG/a2cc4cd5cb3203af9b077dc705109903/l918.png,https://drop-assets.ea.com/images/6tn2m1mm20cckFsvUL8AEG/a2cc4cd5cb3203af9b077dc705109903/l918.png,LB,72,81,72,65,72,68,75,Left,180,73,Eliteserien
243481,Marcus Holmgren Pedersen,https://ratings-images-prod.pulse.ea.com/FC25/full/player-portraits/p243481.png?padding=0.7,Norway,36,https://drop-assets.ea.com/images/kyD8KeqfkpF4AODggVj9z/999272a9ed21faa0d79c9ed626b89ec2/f_36.png,https://drop-assets.ea.com/images/hSLWPIkJFJBzTMyk85qej/40d38d4675390d6677c4f17dddae5627/l54.png,https://drop-assets.ea.com/images/hSLWPIkJFJBzTMyk85qej/40d38d4675390d6677c4f17dddae5627/l54.png,https://drop-assets.ea.com/images/hSLWPIkJFJBzTMyk85qej/40d38d4675390d6677c4f17dddae5627/l54.png,RB,71,89,71,68,71,64,66,Right,184,76,Serie A Enilive
248342,Torbjørn Heggem,https://ratings-images-prod.pulse.ea.com/FC25/full/player-portraits/p248342.png?padding=0.7,Norway,36,https://drop-assets.ea.com/images/kyD8KeqfkpF4AODggVj9z/999272a9ed21faa0d79c9ed626b89ec2/f_36.png,https://drop-assets.ea.com/images/46WRpnCKdCAJlQHuRwlxXF/a7ac6606d8a808d382d4dd5c484eb60e/l189.png,https://drop-assets.ea.com/images/46WRpnCKdCAJlQHuRwlxXF/a7ac6606d8a808d382d4dd5c484eb60e/l189.png,https://drop-assets.ea.com/images/46WRpnCKdCAJlQHuRwlxXF/a7ac6606d8a808d382d4dd5c484eb60e/l189.png,CB,66,73,66,61,66,73,79,Left,192,79,Serie A Enilive
242725,Kristian Thorstvedt,https://ratings-images-prod.pulse.ea.com/FC25/full/player-portraits/p242725.png?padding=0.7,Norway,36,https://drop-assets.ea.com/images/kyD8KeqfkpF4AODggVj9z/999272a9ed21faa0d79c9ed626b89ec2/f_36.png,https://drop-assets.ea.com/images/1XH03NyWoyYHO0EH69QYG4/fe0a0c7effe48754e97248d04e352f4e/l111974.png,https://drop-assets.ea.com/images/1XH03NyWoyYHO0EH69QYG4/fe0a0c7effe48754e97248d04e352f4e/l111974.png,https://drop-assets.ea.com/images/1XH03NyWoyYHO0EH69QYG4/fe0a0c7effe48754e97248d04e352f4e/l111974.png,CM,73,61,73,74,73,67,82,Left,189,84,Serie A Enilive
259185,Thelo Aasgaard,https://ratings-images-prod.pulse.ea.com/FC25/full/player-portraits/p259185.png?padding=0.7,Norway,36,https://drop-assets.ea.com/images/kyD8KeqfkpF4AODggVj9z/999272a9ed21faa0d79c9ed626b89ec2/f_36.png,https://drop-assets.ea.com/images/5lOjqHjEdrBuaj323x9jDf/b5504a0894594d6c3dfa97cca700e572/l86.png,https://drop-assets.ea.com/images/5lOjqHjEdrBuaj323x9jDf/b5504a0894594d6c3dfa97cca700e572/l86.png,https://drop-assets.ea.com/images/5lOjqHjEdrBuaj323x9jDf/b5504a0894594d6c3dfa97cca700e572/l86.png,CM,71,67,71,68,71,46,63,Right,188,72,Scottish Prem
262863,Antonio Nusa,https://ratings-images-prod.pulse.ea.com/FC25/full/player-portraits/p262863.png?padding=0.7,Norway,36,https://drop-assets.ea.com/images/kyD8KeqfkpF4AODggVj9z/999272a9ed21faa0d79c9ed626b89ec2/f_36.png,https://drop-assets.ea.com/images/1EoW6b2VkhiP3S0vqikd9s/f181f899a2037360f70a9a8aba18af30/l112172.png,https://drop-assets.ea.com/images/1EoW6b2VkhiP3S0vqikd9s/f181f899a2037360f70a9a8aba18af30/l112172.png,https://drop-assets.ea.com/images/1EoW6b2VkhiP3S0vqikd9s/f181f899a2037360f70a9a8aba18af30/l112172.png,LM,81,89,81,68,81,41,63,Right,183,77,Bundesliga
260952,Andreas Schjelderup,https://ratings-images-prod.pulse.ea.com/FC25/full/player-portraits/p260952.png?padding=0.7,Norway,36,https://drop-assets.ea.com/images/kyD8KeqfkpF4AODggVj9z/999272a9ed21faa0d79c9ed626b89ec2/f_36.png,https://drop-assets.ea.com/images/2DamHkQ1ZP1CYVjFPp6ofg/3e07292021842fdadb7aaaa84e7473aa/l234.png,https://drop-assets.ea.com/images/2DamHkQ1ZP1CYVjFPp6ofg/3e07292021842fdadb7aaaa84e7473aa/l234.png,https://drop-assets.ea.com/images/2DamHkQ1ZP1CYVjFPp6ofg/3e07292021842fdadb7aaaa84e7473aa/l234.png,LW,80,80,80,68,80,35,57,Right,176,69,Liga Portugal
277295,Oscar Bobb,https://ratings-images-prod.pulse.ea.com/FC25/full/player-portraits/p277295.png?padding=0.7,Norway,36,https://drop-assets.ea.com/images/kyD8KeqfkpF4AODggVj9z/999272a9ed21faa0d79c9ed626b89ec2/f_36.png,https://drop-assets.ea.com/images/4asmNLic4aQn6cjlEg1t5u/88bea3ddd6c1f620bbf813041f248685/l10.png,https://drop-assets.ea.com/images/4asmNLic4aQn6cjlEg1t5u/88bea3ddd6c1f620bbf813041f248685/l10.png,https://drop-assets.ea.com/images/4asmNLic4aQn6cjlEg1t5u/88bea3ddd6c1f620bbf813041f248685/l10.png,RW,77,79,77,71,77,33,41,Left,174,70,Premier League
233848,Jens Petter Hauge,https://ratings-images-prod.pulse.ea.com/FC25/full/player-portraits/p233848.png?padding=0.7,Norway,36,https://drop-assets.ea.com/images/kyD8KeqfkpF4AODggVj9z/999272a9ed21faa0d79c9ed626b89ec2/f_36.png,https://drop-assets.ea.com/images/6tn2m1mm20cckFsvUL8AEG/a2cc4cd5cb3203af9b077dc705109903/l918.png,https://drop-assets.ea.com/images/6tn2m1mm20cckFsvUL8AEG/a2cc4cd5cb3203af9b077dc705109903/l918.png,https://drop-assets.ea.com/images/6tn2m1mm20cckFsvUL8AEG/a2cc4cd5cb3203af9b077dc705109903/l918.png,LW,75,80,75,69,75,40,64,Right,184,70,Eliteserien
277305,Sondre Langås,https://ratings-images-prod.pulse.ea.com/FC25/full/player-portraits/p277305.png?padding=0.7,Norway,36,https://drop-assets.ea.com/images/kyD8KeqfkpF4AODggVj9z/999272a9ed21faa0d79c9ed626b89ec2/f_36.png,https://drop-assets.ea.com/images/39mimPZHdodG2eh5BaPQ8r/d4f0d2a9fe2f1c2bc7aee7d87369ddb0/l91.png,https://drop-assets.ea.com/images/39mimPZHdodG2eh5BaPQ8r/d4f0d2a9fe2f1c2bc7aee7d87369ddb0/l91.png,https://drop-assets.ea.com/images/39mimPZHdodG2eh5BaPQ8r/d4f0d2a9fe2f1c2bc7aee7d87369ddb0/l91.png,CB,63,86,63,56,63,68,85,Right,190,83,EFL Championship
256435,Henrik Falchener,https://ratings-images-prod.pulse.ea.com/FC25/full/player-portraits/p256435.png?padding=0.7,Norway,36,https://drop-assets.ea.com/images/kyD8KeqfkpF4AODggVj9z/999272a9ed21faa0d79c9ed626b89ec2/f_36.png,https://drop-assets.ea.com/images/1Hqasdq2pv68jPdGkVNm2k/9dc6b08e8c7744c3c6b6b1fe8b702311/l300.png,https://drop-assets.ea.com/images/1Hqasdq2pv68jPdGkVNm2k/9dc6b08e8c7744c3c6b6b1fe8b702311/l300.png,https://drop-assets.ea.com/images/1Hqasdq2pv68jPdGkVNm2k/9dc6b08e8c7744c3c6b6b1fe8b702311/l300.png,CB,56,64,56,53,56,62,73,Right,195,80,Eliteserien
229891,Julian Ryerson,https://ratings-images-prod.pulse.ea.com/FC25/full/player-portraits/p229891.png?padding=0.7,Norway,36,https://drop-assets.ea.com/images/kyD8KeqfkpF4AODggVj9z/999272a9ed21faa0d79c9ed626b89ec2/f_36.png,https://drop-assets.ea.com/images/TmqxUZk2FrbFXOK1kdE89/3dce225926ac7cfd9f283ecd731fa710/l22.png,https://drop-assets.ea.com/images/TmqxUZk2FrbFXOK1kdE89/3dce225926ac7cfd9f283ecd731fa710/l22.png,https://drop-assets.ea.com/images/TmqxUZk2FrbFXOK1kdE89/3dce225926ac7cfd9f283ecd731fa710/l22.png,RB,76,74,76,71,76,77,82,Right,183,82,Bundesliga
234642,Édouard Mendy,https://ratings-images-prod.pulse.ea.com/FC25/full/player-portraits/p234642.png?padding=0.7,Senegal,136,https://drop-assets.ea.com/images/5YFW1KnsSwDBZwtoXH9mTj/690bf685246b53efaf24d6f2de696eb3/f_136.png,https://drop-assets.ea.com/images/3lVk0osL7o6YMhHuK4YYD6/5e106847b59ce2a4f0bfb55988d812c3/l112387.png,https://drop-assets.ea.com/images/3lVk0osL7o6YMhHuK4YYD6/5e106847b59ce2a4f0bfb55988d812c3/l112387.png,https://drop-assets.ea.com/images/3lVk0osL7o6YMhHuK4YYD6/5e106847b59ce2a4f0bfb55988d812c3/l112387.png,GK,81,78,81,75,81,34,79,Right,197,86,ROSHN Saudi League
220820,Mory Diaw,https://ratings-images-prod.pulse.ea.com/FC25/full/player-portraits/p220820.png?padding=0.7,Senegal,136,https://drop-assets.ea.com/images/5YFW1KnsSwDBZwtoXH9mTj/690bf685246b53efaf24d6f2de696eb3/f_136.png,https://drop-assets.ea.com/images/7IYWPdU9YKwfNMZeFNwkdQ/076a30fc65780281a69cb43ae11a2ba3/l1738.png,https://drop-assets.ea.com/images/7IYWPdU9YKwfNMZeFNwkdQ/076a30fc65780281a69cb43ae11a2ba3/l1738.png,https://drop-assets.ea.com/images/7IYWPdU9YKwfNMZeFNwkdQ/076a30fc65780281a69cb43ae11a2ba3/l1738.png,GK,72,70,72,71,72,43,70,Right,197,98,Ligue 1 McDonald's
235633,Yehvann Diouf,https://ratings-images-prod.pulse.ea.com/FC25/full/player-portraits/p235633.png?padding=0.7,Senegal,136,https://drop-assets.ea.com/images/5YFW1KnsSwDBZwtoXH9mTj/690bf685246b53efaf24d6f2de696eb3/f_136.png,https://drop-assets.ea.com/images/zByYanPvcCULBfC8OITvN/a262863aa77bfb1551a403f5f9b49f28/l72.png,https://drop-assets.ea.com/images/zByYanPvcCULBfC8OITvN/a262863aa77bfb1551a403f5f9b49f28/l72.png,https://drop-assets.ea.com/images/zByYanPvcCULBfC8OITvN/a262863aa77bfb1551a403f5f9b49f28/l72.png,GK,80,78,80,76,80,50,76,Right,190,74,Ligue 1 McDonald's
201024,Kalidou Koulibaly,https://ratings-images-prod.pulse.ea.com/FC25/full/player-portraits/p201024.png?padding=0.7,Senegal,136,https://drop-assets.ea.com/images/5YFW1KnsSwDBZwtoXH9mTj/690bf685246b53efaf24d6f2de696eb3/f_136.png,https://drop-assets.ea.com/images/S6sbDN9mfGaVn2VJDekYR/c6f580c98a0d614b0b308a89a241c6ab/l605.png,https://drop-assets.ea.com/images/S6sbDN9mfGaVn2VJDekYR/c6f580c98a0d614b0b308a89a241c6ab/l605.png,https://drop-assets.ea.com/images/S6sbDN9mfGaVn2VJDekYR/c6f580c98a0d614b0b308a89a241c6ab/l605.png,CB,65,74,65,62,65,82,84,Right,186,89,ROSHN Saudi League
238227,Krépin Diatta,https://ratings-images-prod.pulse.ea.com/FC25/full/player-portraits/p238227.png?padding=0.7,Senegal,136,https://drop-assets.ea.com/images/5YFW1KnsSwDBZwtoXH9mTj/690bf685246b53efaf24d6f2de696eb3/f_136.png,https://drop-assets.ea.com/images/6XicH1VsjyR3WbTdpk99p3/8b11b6c53072e6c9c042eb77f3c6a8f4/l69.png,https://drop-assets.ea.com/images/6XicH1VsjyR3WbTdpk99p3/8b11b6c53072e6c9c042eb77f3c6a8f4/l69.png,https://drop-assets.ea.com/images/6XicH1VsjyR3WbTdpk99p3/8b11b6c53072e6c9c042eb77f3c6a8f4/l69.png,RM,76,88,76,67,76,57,67,Right,175,69,Ligue 1 McDonald's
225859,Moussa Niakhaté,https://ratings-images-prod.pulse.ea.com/FC25/full/player-portraits/p225859.png?padding=0.7,Senegal,136,https://drop-assets.ea.com/images/5YFW1KnsSwDBZwtoXH9mTj/690bf685246b53efaf24d6f2de696eb3/f_136.png,https://drop-assets.ea.com/images/s2BAEtejMk8pyJDqN3uyR/9938fd597d35ed59158d5b441aa07455/l66.png,https://drop-assets.ea.com/images/s2BAEtejMk8pyJDqN3uyR/9938fd597d35ed59158d5b441aa07455/l66.png,https://drop-assets.ea.com/images/s2BAEtejMk8pyJDqN3uyR/9938fd597d35ed59158d5b441aa07455/l66.png,CB,64,68,64,63,64,77,80,Left,190,85,Ligue 1 McDonald's
252293,Ismail Jakobs,https://ratings-images-prod.pulse.ea.com/FC25/full/player-portraits/p252293.png?padding=0.7,Senegal,136,https://drop-assets.ea.com/images/5YFW1KnsSwDBZwtoXH9mTj/690bf685246b53efaf24d6f2de696eb3/f_136.png,https://drop-assets.ea.com/images/6P5sN0m3ZRE23vjlT8gh5q/f7f9acf3a7be5ea12f889d93dbdfd48f/l325.png,https://drop-assets.ea.com/images/6P5sN0m3ZRE23vjlT8gh5q/f7f9acf3a7be5ea12f889d93dbdfd48f/l325.png,https://drop-assets.ea.com/images/6P5sN0m3ZRE23vjlT8gh5q/f7f9acf3a7be5ea12f889d93dbdfd48f/l325.png,LB,74,90,74,65,74,70,68,Left,184,75,Trendyol Süper Lig
fm_53113781,Abdoulaye Seck,//img.fminside.net/facesfm26/53113781.png,Senegal,,https://img.fminside.net/flag-svg/sn.svg,Maccabi Haifa,1093,//img.fminside.net/logos/Men/Clubs/Normal/1093.png,DC,50,65,50,40,50,60,79,Right,192,87,Ligat Ha'Al
274915,El Hadji Malick Diouf,https://ratings-images-prod.pulse.ea.com/FC25/full/player-portraits/p274915.png?padding=0.7,Senegal,136,https://drop-assets.ea.com/images/5YFW1KnsSwDBZwtoXH9mTj/690bf685246b53efaf24d6f2de696eb3/f_136.png,https://drop-assets.ea.com/images/60X4vXPDgGISHaqyOdUGkg/c7def9840658d49d646e4895e9e04e94/l19.png,https://drop-assets.ea.com/images/60X4vXPDgGISHaqyOdUGkg/c7def9840658d49d646e4895e9e04e94/l19.png,https://drop-assets.ea.com/images/60X4vXPDgGISHaqyOdUGkg/c7def9840658d49d646e4895e9e04e94/l19.png,LB,74,80,74,68,74,70,77,Left,183,75,Premier League
272515,Antoine Mendy,https://ratings-images-prod.pulse.ea.com/FC25/full/player-portraits/p272515.png?padding=0.7,Senegal,136,https://drop-assets.ea.com/images/5YFW1KnsSwDBZwtoXH9mTj/690bf685246b53efaf24d6f2de696eb3/f_136.png,https://drop-assets.ea.com/images/zByYanPvcCULBfC8OITvN/a262863aa77bfb1551a403f5f9b49f28/l72.png,https://drop-assets.ea.com/images/zByYanPvcCULBfC8OITvN/a262863aa77bfb1551a403f5f9b49f28/l72.png,https://drop-assets.ea.com/images/zByYanPvcCULBfC8OITvN/a262863aa77bfb1551a403f5f9b49f28/l72.png,CB,63,64,63,55,63,71,72,Right,187,75,Ligue 1 McDonald's
275507,Mamadou Sarr,https://ratings-images-prod.pulse.ea.com/FC25/full/player-portraits/p275507.png?padding=0.7,Senegal,18,https://drop-assets.ea.com/images/3ECAQzhfgSLWRf9IIHB6G8/7e235a7b2f93c1f73db7f89dc03b3657/f_18.png,https://drop-assets.ea.com/images/5ujpJkozlZbo3FNV0Fi84H/d39ffa173bd150d5f10bcfe3392abe54/l76.png,https://drop-assets.ea.com/images/5ujpJkozlZbo3FNV0Fi84H/d39ffa173bd150d5f10bcfe3392abe54/l76.png,https://drop-assets.ea.com/images/5ujpJkozlZbo3FNV0Fi84H/d39ffa173bd150d5f10bcfe3392abe54/l76.png,CB,57,66,57,56,57,77,73,Right,194,77,Ligue 1 McDonald's
278107,Ilay Camara,https://ratings-images-prod.pulse.ea.com/FC25/full/player-portraits/p278107.png?padding=0.7,Senegal,136,https://drop-assets.ea.com/images/5YFW1KnsSwDBZwtoXH9mTj/690bf685246b53efaf24d6f2de696eb3/f_136.png,https://drop-assets.ea.com/images/6fPz45ZIDQWOd7Lqv0GuZF/045eacfd4e3fade98ceca05cb12b6c60/l229.png,https://drop-assets.ea.com/images/6fPz45ZIDQWOd7Lqv0GuZF/045eacfd4e3fade98ceca05cb12b6c60/l229.png,https://drop-assets.ea.com/images/6fPz45ZIDQWOd7Lqv0GuZF/045eacfd4e3fade98ceca05cb12b6c60/l229.png,LB,74,79,74,66,74,61,68,Right,174,72,1A Pro League
247248,Moustapha Mbow,https://ratings-images-prod.pulse.ea.com/FC25/full/player-portraits/p247248.png?padding=0.7,Senegal,136,https://drop-assets.ea.com/images/5YFW1KnsSwDBZwtoXH9mTj/690bf685246b53efaf24d6f2de696eb3/f_136.png,https://drop-assets.ea.com/images/3q4gMefpvBrGdVOPMxk1dD/d310abcaf71d2a45ee4362b169469a93/l111817.png,https://drop-assets.ea.com/images/3q4gMefpvBrGdVOPMxk1dD/d310abcaf71d2a45ee4362b169469a93/l111817.png,https://drop-assets.ea.com/images/3q4gMefpvBrGdVOPMxk1dD/d310abcaf71d2a45ee4362b169469a93/l111817.png,CB,60,62,60,52,60,72,76,Right,192,82,Ligue 1 McDonald's
193474,Idrissa Gueye,https://ratings-images-prod.pulse.ea.com/FC25/full/player-portraits/p193474.png?padding=0.7,Senegal,136,https://drop-assets.ea.com/images/5YFW1KnsSwDBZwtoXH9mTj/690bf685246b53efaf24d6f2de696eb3/f_136.png,https://drop-assets.ea.com/images/6Cth6wtCt1i37ZjPMZKIm3/4c68def58bf71a34afa1870cad4d5cfe/l7.png,https://drop-assets.ea.com/images/6Cth6wtCt1i37ZjPMZKIm3/4c68def58bf71a34afa1870cad4d5cfe/l7.png,https://drop-assets.ea.com/images/6Cth6wtCt1i37ZjPMZKIm3/4c68def58bf71a34afa1870cad4d5cfe/l7.png,CDM,73,60,73,70,73,80,70,Right,174,66,Premier League
241707,Pape Gueye,https://ratings-images-prod.pulse.ea.com/FC25/full/player-portraits/p241707.png?padding=0.7,Senegal,136,https://drop-assets.ea.com/images/5YFW1KnsSwDBZwtoXH9mTj/690bf685246b53efaf24d6f2de696eb3/f_136.png,https://drop-assets.ea.com/images/xvk9pCQTX74mWG8EjcgYU/f631ffd2c7ac06bd43f2547fc44463c4/l483.png,https://drop-assets.ea.com/images/xvk9pCQTX74mWG8EjcgYU/f631ffd2c7ac06bd43f2547fc44463c4/l483.png,https://drop-assets.ea.com/images/xvk9pCQTX74mWG8EjcgYU/f631ffd2c7ac06bd43f2547fc44463c4/l483.png,CM,75,67,75,75,75,76,79,Left,189,79,LALIGA EA SPORTS
259868,Pape Matar Sarr,https://ratings-images-prod.pulse.ea.com/FC25/full/player-portraits/p259868.png?padding=0.7,Senegal,136,https://drop-assets.ea.com/images/5YFW1KnsSwDBZwtoXH9mTj/690bf685246b53efaf24d6f2de696eb3/f_136.png,https://drop-assets.ea.com/images/7kUcyCh5xGrzQlcjP2Q9NH/11aba507486f44765ee5938b1b5b097e/l18.png,https://drop-assets.ea.com/images/7kUcyCh5xGrzQlcjP2Q9NH/11aba507486f44765ee5938b1b5b097e/l18.png,https://drop-assets.ea.com/images/7kUcyCh5xGrzQlcjP2Q9NH/11aba507486f44765ee5938b1b5b097e/l18.png,CM,78,68,78,76,78,77,76,Right,184,70,Premier League
250858,Pathé Ciss,https://ratings-images-prod.pulse.ea.com/FC25/full/player-portraits/p250858.png?padding=0.7,Senegal,136,https://drop-assets.ea.com/images/5YFW1KnsSwDBZwtoXH9mTj/690bf685246b53efaf24d6f2de696eb3/f_136.png,https://drop-assets.ea.com/images/3SSzCmmavBBvrdJVySdnrm/f51360f07320e2dba9520037d3789543/l480.png,https://drop-assets.ea.com/images/3SSzCmmavBBvrdJVySdnrm/f51360f07320e2dba9520037d3789543/l480.png,https://drop-assets.ea.com/images/3SSzCmmavBBvrdJVySdnrm/f51360f07320e2dba9520037d3789543/l480.png,CDM,65,63,65,64,65,76,87,Right,186,71,LALIGA EA SPORTS
275138,Lamine Camara,https://ratings-images-prod.pulse.ea.com/FC25/full/player-portraits/p275138.png?padding=0.7,Senegal,136,https://drop-assets.ea.com/images/5YFW1KnsSwDBZwtoXH9mTj/690bf685246b53efaf24d6f2de696eb3/f_136.png,https://drop-assets.ea.com/images/6XicH1VsjyR3WbTdpk99p3/8b11b6c53072e6c9c042eb77f3c6a8f4/l69.png,https://drop-assets.ea.com/images/6XicH1VsjyR3WbTdpk99p3/8b11b6c53072e6c9c042eb77f3c6a8f4/l69.png,https://drop-assets.ea.com/images/6XicH1VsjyR3WbTdpk99p3/8b11b6c53072e6c9c042eb77f3c6a8f4/l69.png,CM,77,79,77,78,77,71,69,Right,173,65,Ligue 1 McDonald's
264293,Habib Diarra,https://ratings-images-prod.pulse.ea.com/FC25/full/player-portraits/p264293.png?padding=0.7,Senegal,136,https://drop-assets.ea.com/images/5YFW1KnsSwDBZwtoXH9mTj/690bf685246b53efaf24d6f2de696eb3/f_136.png,https://drop-assets.ea.com/images/6ja62Iw2LyY8cVrud4aSHi/aa6c15e4a2ceed66f92099108bea9dfa/l106.png,https://drop-assets.ea.com/images/6ja62Iw2LyY8cVrud4aSHi/aa6c15e4a2ceed66f92099108bea9dfa/l106.png,https://drop-assets.ea.com/images/6ja62Iw2LyY8cVrud4aSHi/aa6c15e4a2ceed66f92099108bea9dfa/l106.png,CM,77,70,77,71,77,71,71,Right,178,75,Premier League
fm_2000529129,Bara Sapoko Ndiaye,//img.fminside.net/faces/default-male.png,Senegal,,https://img.fminside.net/flag-svg/sn.svg,Gambino Stars,2000031754,//img.fminside.net/logos/Men/Clubs/Normal/2000031754.png,MC,58,70,58,47,58,37,52,Right,180,75,GFA Lower Leagues
208722,Sadio Mané,https://ratings-images-prod.pulse.ea.com/FC25/full/player-portraits/p208722.png?padding=0.7,Senegal,136,https://drop-assets.ea.com/images/5YFW1KnsSwDBZwtoXH9mTj/690bf685246b53efaf24d6f2de696eb3/f_136.png,https://drop-assets.ea.com/images/6oPkjdKPFc4aHfFp7UGXB7/262e529bd81a51c0b5f317e61b3f5985/l112139.png,https://drop-assets.ea.com/images/6oPkjdKPFc4aHfFp7UGXB7/262e529bd81a51c0b5f317e61b3f5985/l112139.png,https://drop-assets.ea.com/images/6oPkjdKPFc4aHfFp7UGXB7/262e529bd81a51c0b5f317e61b3f5985/l112139.png,LM,85,82,85,78,85,44,75,Right,174,69,ROSHN Saudi League
235353,Ismaïla Sarr,https://ratings-images-prod.pulse.ea.com/FC25/full/player-portraits/p235353.png?padding=0.7,Senegal,136,https://drop-assets.ea.com/images/5YFW1KnsSwDBZwtoXH9mTj/690bf685246b53efaf24d6f2de696eb3/f_136.png,https://drop-assets.ea.com/images/6j7pLWl2t3yl13bu6Y9s5K/91a346d14011a610d95ec956816b6a38/l1799.png,https://drop-assets.ea.com/images/6j7pLWl2t3yl13bu6Y9s5K/91a346d14011a610d95ec956816b6a38/l1799.png,https://drop-assets.ea.com/images/6j7pLWl2t3yl13bu6Y9s5K/91a346d14011a610d95ec956816b6a38/l1799.png,CAM,78,91,78,76,78,28,69,Right,185,70,Premier League
261188,Iliman Ndiaye,https://ratings-images-prod.pulse.ea.com/FC25/full/player-portraits/p261188.png?padding=0.7,Senegal,136,https://drop-assets.ea.com/images/5YFW1KnsSwDBZwtoXH9mTj/690bf685246b53efaf24d6f2de696eb3/f_136.png,https://drop-assets.ea.com/images/6Cth6wtCt1i37ZjPMZKIm3/4c68def58bf71a34afa1870cad4d5cfe/l7.png,https://drop-assets.ea.com/images/6Cth6wtCt1i37ZjPMZKIm3/4c68def58bf71a34afa1870cad4d5cfe/l7.png,https://drop-assets.ea.com/images/6Cth6wtCt1i37ZjPMZKIm3/4c68def58bf71a34afa1870cad4d5cfe/l7.png,LM,84,84,84,70,84,40,63,Right,180,70,Premier League
259197,Nicolas Jackson,https://ratings-images-prod.pulse.ea.com/FC25/full/player-portraits/p259197.png?padding=0.7,Senegal,136,https://drop-assets.ea.com/images/5YFW1KnsSwDBZwtoXH9mTj/690bf685246b53efaf24d6f2de696eb3/f_136.png,https://drop-assets.ea.com/images/3p0dv1pGWIH6lGAKZssZKH/4f70d2c5a3c147f3e006c863e85e4993/l21.png,https://drop-assets.ea.com/images/3p0dv1pGWIH6lGAKZssZKH/4f70d2c5a3c147f3e006c863e85e4993/l21.png,https://drop-assets.ea.com/images/3p0dv1pGWIH6lGAKZssZKH/4f70d2c5a3c147f3e006c863e85e4993/l21.png,ST,79,82,79,69,79,40,77,Right,187,78,Bundesliga
261084,Bamba Dieng,https://ratings-images-prod.pulse.ea.com/FC25/full/player-portraits/p261084.png?padding=0.7,Senegal,136,https://drop-assets.ea.com/images/5YFW1KnsSwDBZwtoXH9mTj/690bf685246b53efaf24d6f2de696eb3/f_136.png,https://drop-assets.ea.com/images/2OREXtP0UjOBQ3BJc30m0J/34b2b866809a7b77368f22c29d98b7ae/l217.png,https://drop-assets.ea.com/images/2OREXtP0UjOBQ3BJc30m0J/34b2b866809a7b77368f22c29d98b7ae/l217.png,https://drop-assets.ea.com/images/2OREXtP0UjOBQ3BJc30m0J/34b2b866809a7b77368f22c29d98b7ae/l217.png,ST,68,78,68,60,68,33,60,Right,178,72,Ligue 1 McDonald's
fm_219323,Cherif Ndiaye,//img.fminside.net/faces/default-male.png,Senegal,,https://img.fminside.net/flag-svg/sn.svg,Turris Pescara,2000117943,//img.fminside.net/logos/Men/Clubs/Normal/2000117943.png,DC,56,68,56,47,56,39,59,Right,195,90,Prima Categoria Abruzzo C
271222,Ibrahim Mbaye,https://ratings-images-prod.pulse.ea.com/FC25/full/player-portraits/p271222.png?padding=0.7,Senegal,136,https://drop-assets.ea.com/images/5YFW1KnsSwDBZwtoXH9mTj/690bf685246b53efaf24d6f2de696eb3/f_136.png,,,,CB,44,51,44,55,44,69,67,Right,192,83,Sudamericana
275324,Assane Diao,https://ratings-images-prod.pulse.ea.com/FC25/full/player-portraits/p275324.png?padding=0.7,Senegal,136,https://drop-assets.ea.com/images/5YFW1KnsSwDBZwtoXH9mTj/690bf685246b53efaf24d6f2de696eb3/f_136.png,https://drop-assets.ea.com/images/3y8mulzaICjwfi7inFVld2/ec9c71566982f8df59f26e81745143ec/l1745.png,https://drop-assets.ea.com/images/3y8mulzaICjwfi7inFVld2/ec9c71566982f8df59f26e81745143ec/l1745.png,https://drop-assets.ea.com/images/3y8mulzaICjwfi7inFVld2/ec9c71566982f8df59f26e81745143ec/l1745.png,LM,77,90,77,67,77,36,60,Right,185,72,Serie A Enilive
214979,Juan Musso,https://ratings-images-prod.pulse.ea.com/FC25/full/player-portraits/p214979.png?padding=0.7,Argentina,52,https://drop-assets.ea.com/images/4xMXjEt7CFJ6JENYeG45Sk/836d733dc1642c5e4ab3338d91481436/f_52.png,https://drop-assets.ea.com/images/vYcueolPvaGx8blMqhPZ5/5dc3479fc8b85d475fd980c53fc2056f/l240.png,https://drop-assets.ea.com/images/vYcueolPvaGx8blMqhPZ5/5dc3479fc8b85d475fd980c53fc2056f/l240.png,https://drop-assets.ea.com/images/vYcueolPvaGx8blMqhPZ5/5dc3479fc8b85d475fd980c53fc2056f/l240.png,GK,82,79,82,73,82,44,81,Right,191,93,LALIGA EA SPORTS
242835,Leonardo Balerdi,https://ratings-images-prod.pulse.ea.com/FC25/full/player-portraits/p242835.png?padding=0.7,Argentina,52,https://drop-assets.ea.com/images/4xMXjEt7CFJ6JENYeG45Sk/836d733dc1642c5e4ab3338d91481436/f_52.png,https://drop-assets.ea.com/images/3t06Qm41tT2gB8NqJYXdue/928373951a71a9a8565497e6481925d1/l219.png,https://drop-assets.ea.com/images/3t06Qm41tT2gB8NqJYXdue/928373951a71a9a8565497e6481925d1/l219.png,https://drop-assets.ea.com/images/3t06Qm41tT2gB8NqJYXdue/928373951a71a9a8565497e6481925d1/l219.png,CB,69,77,69,65,69,82,79,Right,187,85,Ligue 1 McDonald's
211256,Nicolás Tagliafico,https://ratings-images-prod.pulse.ea.com/FC25/full/player-portraits/p211256.png?padding=0.7,Argentina,52,https://drop-assets.ea.com/images/4xMXjEt7CFJ6JENYeG45Sk/836d733dc1642c5e4ab3338d91481436/f_52.png,https://drop-assets.ea.com/images/s2BAEtejMk8pyJDqN3uyR/9938fd597d35ed59158d5b441aa07455/l66.png,https://drop-assets.ea.com/images/s2BAEtejMk8pyJDqN3uyR/9938fd597d35ed59158d5b441aa07455/l66.png,https://drop-assets.ea.com/images/s2BAEtejMk8pyJDqN3uyR/9938fd597d35ed59158d5b441aa07455/l66.png,LB,76,67,76,70,76,77,76,Left,172,65,Ligue 1 McDonald's
231340,Gonzalo Montiel,https://ratings-images-prod.pulse.ea.com/FC25/full/player-portraits/p231340.png?padding=0.7,Argentina,52,https://drop-assets.ea.com/images/4xMXjEt7CFJ6JENYeG45Sk/836d733dc1642c5e4ab3338d91481436/f_52.png,https://drop-assets.ea.com/images/3a9cbBltvLpgMO1eByYVRq/bc311aba63f687dc0480c592dfeca1b4/l1876.png,https://drop-assets.ea.com/images/3a9cbBltvLpgMO1eByYVRq/bc311aba63f687dc0480c592dfeca1b4/l1876.png,https://drop-assets.ea.com/images/3a9cbBltvLpgMO1eByYVRq/bc311aba63f687dc0480c592dfeca1b4/l1876.png,RB,77,81,77,71,77,74,80,Right,175,70,LPF
207439,Leandro Paredes,https://ratings-images-prod.pulse.ea.com/FC25/full/player-portraits/p207439.png?padding=0.7,Argentina,52,https://drop-assets.ea.com/images/4xMXjEt7CFJ6JENYeG45Sk/836d733dc1642c5e4ab3338d91481436/f_52.png,https://drop-assets.ea.com/images/4v42cau4ZlAgfPnWHaQSKn/a9fa2af475b4b779ed13870c7f1ec66b/l1877.png,https://drop-assets.ea.com/images/4v42cau4ZlAgfPnWHaQSKn/a9fa2af475b4b779ed13870c7f1ec66b/l1877.png,https://drop-assets.ea.com/images/4v42cau4ZlAgfPnWHaQSKn/a9fa2af475b4b779ed13870c7f1ec66b/l1877.png,CM,79,62,79,82,79,72,74,Right,180,75,LPF
239301,Lisandro Martínez,https://ratings-images-prod.pulse.ea.com/FC25/full/player-portraits/p239301.png?padding=0.7,Argentina,52,https://drop-assets.ea.com/images/4xMXjEt7CFJ6JENYeG45Sk/836d733dc1642c5e4ab3338d91481436/f_52.png,https://drop-assets.ea.com/images/5xxJeUfFY6FEQZEJyJK35/990979becf88b88ecb6461dc441c2ebf/l11.png,https://drop-assets.ea.com/images/5xxJeUfFY6FEQZEJyJK35/990979becf88b88ecb6461dc441c2ebf/l11.png,https://drop-assets.ea.com/images/5xxJeUfFY6FEQZEJyJK35/990979becf88b88ecb6461dc441c2ebf/l11.png,CB,75,67,75,75,75,81,80,Left,178,77,Premier League
212616,Rodrigo De Paul,https://ratings-images-prod.pulse.ea.com/FC25/full/player-portraits/p212616.png?padding=0.7,Argentina,52,https://drop-assets.ea.com/images/4xMXjEt7CFJ6JENYeG45Sk/836d733dc1642c5e4ab3338d91481436/f_52.png,https://drop-assets.ea.com/images/3luAerlx8cliy5XNziWvOA/b7785fb1a6915d5044b4f954d83e4915/l112893.png,https://drop-assets.ea.com/images/3luAerlx8cliy5XNziWvOA/b7785fb1a6915d5044b4f954d83e4915/l112893.png,https://drop-assets.ea.com/images/3luAerlx8cliy5XNziWvOA/b7785fb1a6915d5044b4f954d83e4915/l112893.png,CM,83,75,83,83,83,76,83,Right,180,70,MLS
263370,Valentín Barco,https://ratings-images-prod.pulse.ea.com/FC25/full/player-portraits/p263370.png?padding=0.7,Argentina,52,https://drop-assets.ea.com/images/4xMXjEt7CFJ6JENYeG45Sk/836d733dc1642c5e4ab3338d91481436/f_52.png,https://drop-assets.ea.com/images/5ujpJkozlZbo3FNV0Fi84H/d39ffa173bd150d5f10bcfe3392abe54/l76.png,https://drop-assets.ea.com/images/5ujpJkozlZbo3FNV0Fi84H/d39ffa173bd150d5f10bcfe3392abe54/l76.png,https://drop-assets.ea.com/images/5ujpJkozlZbo3FNV0Fi84H/d39ffa173bd150d5f10bcfe3392abe54/l76.png,LB,78,76,78,75,78,68,61,Left,170,66,Ligue 1 McDonald's
246191,Julián Alvarez,https://ratings-images-prod.pulse.ea.com/FC25/full/player-portraits/p246191.png?padding=0.7,Argentina,52,https://drop-assets.ea.com/images/4xMXjEt7CFJ6JENYeG45Sk/836d733dc1642c5e4ab3338d91481436/f_52.png,https://drop-assets.ea.com/images/vYcueolPvaGx8blMqhPZ5/5dc3479fc8b85d475fd980c53fc2056f/l240.png,https://drop-assets.ea.com/images/vYcueolPvaGx8blMqhPZ5/5dc3479fc8b85d475fd980c53fc2056f/l240.png,https://drop-assets.ea.com/images/vYcueolPvaGx8blMqhPZ5/5dc3479fc8b85d475fd980c53fc2056f/l240.png,ST,87,85,87,81,87,57,79,Right,170,71,LALIGA EA SPORTS
158023,Lionel Messi,https://ratings-images-prod.pulse.ea.com/FC25/full/player-portraits/p158023.png?padding=0.7,Argentina,52,https://drop-assets.ea.com/images/4xMXjEt7CFJ6JENYeG45Sk/836d733dc1642c5e4ab3338d91481436/f_52.png,https://drop-assets.ea.com/images/3luAerlx8cliy5XNziWvOA/b7785fb1a6915d5044b4f954d83e4915/l112893.png,https://drop-assets.ea.com/images/3luAerlx8cliy5XNziWvOA/b7785fb1a6915d5044b4f954d83e4915/l112893.png,https://drop-assets.ea.com/images/3luAerlx8cliy5XNziWvOA/b7785fb1a6915d5044b4f954d83e4915/l112893.png,RW,90,78,90,85,90,33,64,Left,169,67,MLS
226226,Giovani Lo Celso,https://ratings-images-prod.pulse.ea.com/FC25/full/player-portraits/p226226.png?padding=0.7,Argentina,52,https://drop-assets.ea.com/images/4xMXjEt7CFJ6JENYeG45Sk/836d733dc1642c5e4ab3338d91481436/f_52.png,https://drop-assets.ea.com/images/4rODtg2WvYGHhUGfPXxilW/e047163865b561a0ced87f9f593498c1/l449.png,https://drop-assets.ea.com/images/4rODtg2WvYGHhUGfPXxilW/e047163865b561a0ced87f9f593498c1/l449.png,https://drop-assets.ea.com/images/4rODtg2WvYGHhUGfPXxilW/e047163865b561a0ced87f9f593498c1/l449.png,CAM,84,68,84,82,84,68,71,Left,177,68,LALIGA EA SPORTS
215316,Gerónimo Rulli,https://ratings-images-prod.pulse.ea.com/FC25/full/player-portraits/p215316.png?padding=0.7,Argentina,52,https://drop-assets.ea.com/images/4xMXjEt7CFJ6JENYeG45Sk/836d733dc1642c5e4ab3338d91481436/f_52.png,https://drop-assets.ea.com/images/3t06Qm41tT2gB8NqJYXdue/928373951a71a9a8565497e6481925d1/l219.png,https://drop-assets.ea.com/images/3t06Qm41tT2gB8NqJYXdue/928373951a71a9a8565497e6481925d1/l219.png,https://drop-assets.ea.com/images/3t06Qm41tT2gB8NqJYXdue/928373951a71a9a8565497e6481925d1/l219.png,GK,83,82,83,80,83,54,81,Right,189,84,Ligue 1 McDonald's
232488,Cristian Romero,https://ratings-images-prod.pulse.ea.com/FC25/full/player-portraits/p232488.png?padding=0.7,Argentina,52,https://drop-assets.ea.com/images/4xMXjEt7CFJ6JENYeG45Sk/836d733dc1642c5e4ab3338d91481436/f_52.png,https://drop-assets.ea.com/images/7kUcyCh5xGrzQlcjP2Q9NH/11aba507486f44765ee5938b1b5b097e/l18.png,https://drop-assets.ea.com/images/7kUcyCh5xGrzQlcjP2Q9NH/11aba507486f44765ee5938b1b5b097e/l18.png,https://drop-assets.ea.com/images/7kUcyCh5xGrzQlcjP2Q9NH/11aba507486f44765ee5938b1b5b097e/l18.png,CB,65,66,65,62,65,83,81,Right,185,79,Premier League
231521,Exequiel Palacios,https://ratings-images-prod.pulse.ea.com/FC25/full/player-portraits/p231521.png?padding=0.7,Argentina,52,https://drop-assets.ea.com/images/4xMXjEt7CFJ6JENYeG45Sk/836d733dc1642c5e4ab3338d91481436/f_52.png,https://drop-assets.ea.com/images/mGqQw1um1ucUAshcK0Eop/9c7fe656f526c98b217ff2a052377b5c/l32.png,https://drop-assets.ea.com/images/mGqQw1um1ucUAshcK0Eop/9c7fe656f526c98b217ff2a052377b5c/l32.png,https://drop-assets.ea.com/images/mGqQw1um1ucUAshcK0Eop/9c7fe656f526c98b217ff2a052377b5c/l32.png,CM,82,62,82,80,82,81,71,Right,178,69,Bundesliga
255069,Nicolás González,https://ratings-images-prod.pulse.ea.com/FC25/full/player-portraits/p255069.png?padding=0.7,Argentina,45,https://drop-assets.ea.com/images/Kv8okAYMsDbB3ZKbxrAXw/9d30c88d16a4c85002f35c6af412c6f7/f_45.png,https://drop-assets.ea.com/images/4asmNLic4aQn6cjlEg1t5u/88bea3ddd6c1f620bbf813041f248685/l10.png,https://drop-assets.ea.com/images/4asmNLic4aQn6cjlEg1t5u/88bea3ddd6c1f620bbf813041f248685/l10.png,https://drop-assets.ea.com/images/4asmNLic4aQn6cjlEg1t5u/88bea3ddd6c1f620bbf813041f248685/l10.png,CDM,77,67,77,77,77,74,80,Right,188,88,Premier League
245371,Thiago Almada,https://ratings-images-prod.pulse.ea.com/FC25/full/player-portraits/p245371.png?padding=0.7,Argentina,52,https://drop-assets.ea.com/images/4xMXjEt7CFJ6JENYeG45Sk/836d733dc1642c5e4ab3338d91481436/f_52.png,https://drop-assets.ea.com/images/vYcueolPvaGx8blMqhPZ5/5dc3479fc8b85d475fd980c53fc2056f/l240.png,https://drop-assets.ea.com/images/vYcueolPvaGx8blMqhPZ5/5dc3479fc8b85d475fd980c53fc2056f/l240.png,https://drop-assets.ea.com/images/vYcueolPvaGx8blMqhPZ5/5dc3479fc8b85d475fd980c53fc2056f/l240.png,CAM,83,79,83,79,83,51,58,Right,171,62,LALIGA EA SPORTS
253396,Giuliano Simeone,https://ratings-images-prod.pulse.ea.com/FC25/full/player-portraits/p253396.png?padding=0.7,Argentina,52,https://drop-assets.ea.com/images/4xMXjEt7CFJ6JENYeG45Sk/836d733dc1642c5e4ab3338d91481436/f_52.png,https://drop-assets.ea.com/images/vYcueolPvaGx8blMqhPZ5/5dc3479fc8b85d475fd980c53fc2056f/l240.png,https://drop-assets.ea.com/images/vYcueolPvaGx8blMqhPZ5/5dc3479fc8b85d475fd980c53fc2056f/l240.png,https://drop-assets.ea.com/images/vYcueolPvaGx8blMqhPZ5/5dc3479fc8b85d475fd980c53fc2056f/l240.png,RM,81,91,81,72,81,45,81,Right,173,75,LALIGA EA SPORTS
277846,Nico Paz,https://ratings-images-prod.pulse.ea.com/FC25/full/player-portraits/p277846.png?padding=0.7,Argentina,52,https://drop-assets.ea.com/images/4xMXjEt7CFJ6JENYeG45Sk/836d733dc1642c5e4ab3338d91481436/f_52.png,https://drop-assets.ea.com/images/3y8mulzaICjwfi7inFVld2/ec9c71566982f8df59f26e81745143ec/l1745.png,https://drop-assets.ea.com/images/3y8mulzaICjwfi7inFVld2/ec9c71566982f8df59f26e81745143ec/l1745.png,https://drop-assets.ea.com/images/3y8mulzaICjwfi7inFVld2/ec9c71566982f8df59f26e81745143ec/l1745.png,CAM,82,78,82,77,82,51,64,Left,186,81,Serie A Enilive
192366,Nicolás Otamendi,https://ratings-images-prod.pulse.ea.com/FC25/full/player-portraits/p192366.png?padding=0.7,Argentina,52,https://drop-assets.ea.com/images/4xMXjEt7CFJ6JENYeG45Sk/836d733dc1642c5e4ab3338d91481436/f_52.png,https://drop-assets.ea.com/images/2DamHkQ1ZP1CYVjFPp6ofg/3e07292021842fdadb7aaaa84e7473aa/l234.png,https://drop-assets.ea.com/images/2DamHkQ1ZP1CYVjFPp6ofg/3e07292021842fdadb7aaaa84e7473aa/l234.png,https://drop-assets.ea.com/images/2DamHkQ1ZP1CYVjFPp6ofg/3e07292021842fdadb7aaaa84e7473aa/l234.png,CB,62,60,62,64,62,83,85,Right,183,78,Liga Portugal
239837,Alexis Mac Allister,https://ratings-images-prod.pulse.ea.com/FC25/full/player-portraits/p239837.png?padding=0.7,Argentina,52,https://drop-assets.ea.com/images/4xMXjEt7CFJ6JENYeG45Sk/836d733dc1642c5e4ab3338d91481436/f_52.png,https://drop-assets.ea.com/images/3mmzooNXBDCKuCy6kWcGQo/2e332a30fe2a7225a88fcb1898f48bbf/l9.png,https://drop-assets.ea.com/images/3mmzooNXBDCKuCy6kWcGQo/2e332a30fe2a7225a88fcb1898f48bbf/l9.png,https://drop-assets.ea.com/images/3mmzooNXBDCKuCy6kWcGQo/2e332a30fe2a7225a88fcb1898f48bbf/l9.png,CM,85,66,85,85,85,78,76,Right,176,72,Premier League
fm_2000044526,José Manuel López,//img.fminside.net/facesfm26/2000044526.png,Argentina,,https://img.fminside.net/flag-svg/ar.svg,Palmeiras,329,//img.fminside.net/logos/Men/Clubs/Normal/329.png,ST,67,60,67,60,67,42,70,Left,190,85,Série A
231478,Lautaro Martínez,https://ratings-images-prod.pulse.ea.com/FC25/full/player-portraits/p231478.png?padding=0.7,Argentina,52,https://drop-assets.ea.com/images/4xMXjEt7CFJ6JENYeG45Sk/836d733dc1642c5e4ab3338d91481436/f_52.png,https://drop-assets.ea.com/images/1thPMvXN97JgFvt6ASWr4c/d2ca0a691a98c344305bc0975ab70314/l131682.png,https://drop-assets.ea.com/images/1thPMvXN97JgFvt6ASWr4c/d2ca0a691a98c344305bc0975ab70314/l131682.png,https://drop-assets.ea.com/images/1thPMvXN97JgFvt6ASWr4c/d2ca0a691a98c344305bc0975ab70314/l131682.png,ST,84,81,84,75,84,51,83,Right,174,72,Serie A Enilive
202811,Emiliano Martínez,https://ratings-images-prod.pulse.ea.com/FC25/full/player-portraits/p202811.png?padding=0.7,Argentina,52,https://drop-assets.ea.com/images/4xMXjEt7CFJ6JENYeG45Sk/836d733dc1642c5e4ab3338d91481436/f_52.png,https://drop-assets.ea.com/images/57c0ppYsEA88xL0gxqce8K/99605df97c6a96ea3b6e8a424c217af0/l2.png,https://drop-assets.ea.com/images/57c0ppYsEA88xL0gxqce8K/99605df97c6a96ea3b6e8a424c217af0/l2.png,https://drop-assets.ea.com/images/57c0ppYsEA88xL0gxqce8K/99605df97c6a96ea3b6e8a424c217af0/l2.png,GK,85,83,85,82,85,56,85,Right,195,88,Premier League
247090,Enzo Fernández,https://ratings-images-prod.pulse.ea.com/FC25/full/player-portraits/p247090.png?padding=0.7,Argentina,52,https://drop-assets.ea.com/images/4xMXjEt7CFJ6JENYeG45Sk/836d733dc1642c5e4ab3338d91481436/f_52.png,https://drop-assets.ea.com/images/6T0vfhzb3y9R6YVtmVwYcD/b99723a87536e30979c7cbdb8bba9310/l5.png,https://drop-assets.ea.com/images/6T0vfhzb3y9R6YVtmVwYcD/b99723a87536e30979c7cbdb8bba9310/l5.png,https://drop-assets.ea.com/images/6T0vfhzb3y9R6YVtmVwYcD/b99723a87536e30979c7cbdb8bba9310/l5.png,CM,81,68,81,85,81,73,75,Right,178,76,Premier League
236804,Facundo Medina,https://ratings-images-prod.pulse.ea.com/FC25/full/player-portraits/p236804.png?padding=0.7,Argentina,52,https://drop-assets.ea.com/images/4xMXjEt7CFJ6JENYeG45Sk/836d733dc1642c5e4ab3338d91481436/f_52.png,https://drop-assets.ea.com/images/3t06Qm41tT2gB8NqJYXdue/928373951a71a9a8565497e6481925d1/l219.png,https://drop-assets.ea.com/images/3t06Qm41tT2gB8NqJYXdue/928373951a71a9a8565497e6481925d1/l219.png,https://drop-assets.ea.com/images/3t06Qm41tT2gB8NqJYXdue/928373951a71a9a8565497e6481925d1/l219.png,CB,72,74,72,70,72,79,81,Left,184,77,Ligue 1 McDonald's
233084,Nahuel Molina,https://ratings-images-prod.pulse.ea.com/FC25/full/player-portraits/p233084.png?padding=0.7,Argentina,52,https://drop-assets.ea.com/images/4xMXjEt7CFJ6JENYeG45Sk/836d733dc1642c5e4ab3338d91481436/f_52.png,https://drop-assets.ea.com/images/vYcueolPvaGx8blMqhPZ5/5dc3479fc8b85d475fd980c53fc2056f/l240.png,https://drop-assets.ea.com/images/vYcueolPvaGx8blMqhPZ5/5dc3479fc8b85d475fd980c53fc2056f/l240.png,https://drop-assets.ea.com/images/vYcueolPvaGx8blMqhPZ5/5dc3479fc8b85d475fd980c53fc2056f/l240.png,RB,76,82,76,73,76,75,71,Right,175,70,LALIGA EA SPORTS
215522,Alexander Schlager,https://ratings-images-prod.pulse.ea.com/FC25/full/player-portraits/p215522.png?padding=0.7,Austria,4,https://drop-assets.ea.com/images/2nTz63NpDfuBGFbmXrDg0N/eaa6fc81bfd7bd77d76886d479841ebb/f_4.png,https://drop-assets.ea.com/images/nNiid5nKwX6NdLfbcgqgg/aa868fc5e73791dede875c372c6ef14f/l191.png,https://drop-assets.ea.com/images/nNiid5nKwX6NdLfbcgqgg/aa868fc5e73791dede875c372c6ef14f/l191.png,https://drop-assets.ea.com/images/nNiid5nKwX6NdLfbcgqgg/aa868fc5e73791dede875c372c6ef14f/l191.png,GK,76,72,76,69,76,46,73,Right,184,77,Ö. Bundesliga
261264,David Affengruber,https://ratings-images-prod.pulse.ea.com/FC25/full/player-portraits/p261264.png?padding=0.7,Austria,4,https://drop-assets.ea.com/images/2nTz63NpDfuBGFbmXrDg0N/eaa6fc81bfd7bd77d76886d479841ebb/f_4.png,https://drop-assets.ea.com/images/4i9SsTrlHBPTyWh3SBWTDl/151d49c14cd2b1f48547d9445b8c2c7e/l468.png,https://drop-assets.ea.com/images/4i9SsTrlHBPTyWh3SBWTDl/151d49c14cd2b1f48547d9445b8c2c7e/l468.png,https://drop-assets.ea.com/images/4i9SsTrlHBPTyWh3SBWTDl/151d49c14cd2b1f48547d9445b8c2c7e/l468.png,CB,69,73,69,56,69,75,83,Right,185,79,LALIGA EA SPORTS
237985,Kevin Danso,https://ratings-images-prod.pulse.ea.com/FC25/full/player-portraits/p237985.png?padding=0.7,Austria,4,https://drop-assets.ea.com/images/2nTz63NpDfuBGFbmXrDg0N/eaa6fc81bfd7bd77d76886d479841ebb/f_4.png,https://drop-assets.ea.com/images/7kUcyCh5xGrzQlcjP2Q9NH/11aba507486f44765ee5938b1b5b097e/l18.png,https://drop-assets.ea.com/images/7kUcyCh5xGrzQlcjP2Q9NH/11aba507486f44765ee5938b1b5b097e/l18.png,https://drop-assets.ea.com/images/7kUcyCh5xGrzQlcjP2Q9NH/11aba507486f44765ee5938b1b5b097e/l18.png,CB,62,73,62,57,62,78,83,Right,190,85,Premier League
233195,Xaver Schlager,https://ratings-images-prod.pulse.ea.com/FC25/full/player-portraits/p233195.png?padding=0.7,Austria,4,https://drop-assets.ea.com/images/2nTz63NpDfuBGFbmXrDg0N/eaa6fc81bfd7bd77d76886d479841ebb/f_4.png,https://drop-assets.ea.com/images/1EoW6b2VkhiP3S0vqikd9s/f181f899a2037360f70a9a8aba18af30/l112172.png,https://drop-assets.ea.com/images/1EoW6b2VkhiP3S0vqikd9s/f181f899a2037360f70a9a8aba18af30/l112172.png,https://drop-assets.ea.com/images/1EoW6b2VkhiP3S0vqikd9s/f181f899a2037360f70a9a8aba18af30/l112172.png,CDM,78,69,78,74,78,75,78,Left,174,78,Bundesliga
223671,Stefan Posch,https://ratings-images-prod.pulse.ea.com/FC25/full/player-portraits/p223671.png?padding=0.7,Austria,4,https://drop-assets.ea.com/images/2nTz63NpDfuBGFbmXrDg0N/eaa6fc81bfd7bd77d76886d479841ebb/f_4.png,https://drop-assets.ea.com/images/3y8mulzaICjwfi7inFVld2/ec9c71566982f8df59f26e81745143ec/l1745.png,https://drop-assets.ea.com/images/3y8mulzaICjwfi7inFVld2/ec9c71566982f8df59f26e81745143ec/l1745.png,https://drop-assets.ea.com/images/3y8mulzaICjwfi7inFVld2/ec9c71566982f8df59f26e81745143ec/l1745.png,RB,66,75,66,68,66,80,74,Right,190,82,Serie A Enilive
257876,Nicolas Seiwald,https://ratings-images-prod.pulse.ea.com/FC25/full/player-portraits/p257876.png?padding=0.7,Austria,4,https://drop-assets.ea.com/images/2nTz63NpDfuBGFbmXrDg0N/eaa6fc81bfd7bd77d76886d479841ebb/f_4.png,https://drop-assets.ea.com/images/1EoW6b2VkhiP3S0vqikd9s/f181f899a2037360f70a9a8aba18af30/l112172.png,https://drop-assets.ea.com/images/1EoW6b2VkhiP3S0vqikd9s/f181f899a2037360f70a9a8aba18af30/l112172.png,https://drop-assets.ea.com/images/1EoW6b2VkhiP3S0vqikd9s/f181f899a2037360f70a9a8aba18af30/l112172.png,CDM,74,72,74,74,74,74,76,Right,180,80,Bundesliga
fm_37003555,Marko Arnautović,//img.fminside.net/facesfm26/37003555.png,Austria,,https://img.fminside.net/flag-svg/at.svg,Crvena zvezda,1955,//img.fminside.net/logos/Men/Clubs/Normal/1955.png,ST,71,58,71,65,71,32,72,Right,192,87,Super liga
197445,David Alaba,https://ratings-images-prod.pulse.ea.com/FC25/full/player-portraits/p197445.png?padding=0.7,Austria,4,https://drop-assets.ea.com/images/2nTz63NpDfuBGFbmXrDg0N/eaa6fc81bfd7bd77d76886d479841ebb/f_4.png,https://drop-assets.ea.com/images/Pk8nYrWuRt895RlhJx8jI/445d98b711f413a3a1e70c41b19b0f95/l243.png,https://drop-assets.ea.com/images/Pk8nYrWuRt895RlhJx8jI/445d98b711f413a3a1e70c41b19b0f95/l243.png,https://drop-assets.ea.com/images/Pk8nYrWuRt895RlhJx8jI/445d98b711f413a3a1e70c41b19b0f95/l243.png,CB,79,68,79,82,79,82,75,Left,180,78,LALIGA EA SPORTS
204923,Marcel Sabitzer,https://ratings-images-prod.pulse.ea.com/FC25/full/player-portraits/p204923.png?padding=0.7,Austria,4,https://drop-assets.ea.com/images/2nTz63NpDfuBGFbmXrDg0N/eaa6fc81bfd7bd77d76886d479841ebb/f_4.png,https://drop-assets.ea.com/images/TmqxUZk2FrbFXOK1kdE89/3dce225926ac7cfd9f283ecd731fa710/l22.png,https://drop-assets.ea.com/images/TmqxUZk2FrbFXOK1kdE89/3dce225926ac7cfd9f283ecd731fa710/l22.png,https://drop-assets.ea.com/images/TmqxUZk2FrbFXOK1kdE89/3dce225926ac7cfd9f283ecd731fa710/l22.png,CDM,80,74,80,80,80,76,76,Right,178,76,Bundesliga
228336,Florian Grillitsch,https://ratings-images-prod.pulse.ea.com/FC25/full/player-portraits/p228336.png?padding=0.7,Austria,4,https://drop-assets.ea.com/images/2nTz63NpDfuBGFbmXrDg0N/eaa6fc81bfd7bd77d76886d479841ebb/f_4.png,https://drop-assets.ea.com/images/4qjtfL57Y3CxvssFaOwnJT/08cfda01d445741b93fd0f8163a4b267/l1896.png,https://drop-assets.ea.com/images/4qjtfL57Y3CxvssFaOwnJT/08cfda01d445741b93fd0f8163a4b267/l1896.png,https://drop-assets.ea.com/images/4qjtfL57Y3CxvssFaOwnJT/08cfda01d445741b93fd0f8163a4b267/l1896.png,CM,74,63,74,74,74,72,66,Right,187,77,Liga Portugal
199439,Michael Gregoritsch,https://ratings-images-prod.pulse.ea.com/FC25/full/player-portraits/p199439.png?padding=0.7,Austria,4,https://drop-assets.ea.com/images/2nTz63NpDfuBGFbmXrDg0N/eaa6fc81bfd7bd77d76886d479841ebb/f_4.png,https://drop-assets.ea.com/images/5lfBrm7kOb7cl8l7qm4dIm/3c07a35972ab6e19f1b25e6b318866dc/l269.png,https://drop-assets.ea.com/images/5lfBrm7kOb7cl8l7qm4dIm/3c07a35972ab6e19f1b25e6b318866dc/l269.png,https://drop-assets.ea.com/images/5lfBrm7kOb7cl8l7qm4dIm/3c07a35972ab6e19f1b25e6b318866dc/l269.png,ST,68,37,68,68,68,42,76,Left,193,91,3F Superliga
72937,Florian Wiegele,https://ratings-images-prod.pulse.ea.com/FC25/full/player-portraits/p72937.png?padding=0.7,Austria,4,https://drop-assets.ea.com/images/2nTz63NpDfuBGFbmXrDg0N/eaa6fc81bfd7bd77d76886d479841ebb/f_4.png,https://drop-assets.ea.com/images/5LmNp7F4reMrhue3FZ3lD5/7222160e6e0c97516d2c783964ac3c8c/l110468.png,https://drop-assets.ea.com/images/5LmNp7F4reMrhue3FZ3lD5/7222160e6e0c97516d2c783964ac3c8c/l110468.png,https://drop-assets.ea.com/images/5LmNp7F4reMrhue3FZ3lD5/7222160e6e0c97516d2c783964ac3c8c/l110468.png,GK,66,70,66,63,66,23,65,Left,205,87,Česká Liga
228505,Patrick Pentz,https://ratings-images-prod.pulse.ea.com/FC25/full/player-portraits/p228505.png?padding=0.7,Austria,4,https://drop-assets.ea.com/images/2nTz63NpDfuBGFbmXrDg0N/eaa6fc81bfd7bd77d76886d479841ebb/f_4.png,https://drop-assets.ea.com/images/5lfBrm7kOb7cl8l7qm4dIm/3c07a35972ab6e19f1b25e6b318866dc/l269.png,https://drop-assets.ea.com/images/5lfBrm7kOb7cl8l7qm4dIm/3c07a35972ab6e19f1b25e6b318866dc/l269.png,https://drop-assets.ea.com/images/5lfBrm7kOb7cl8l7qm4dIm/3c07a35972ab6e19f1b25e6b318866dc/l269.png,GK,74,71,74,70,74,53,70,Left,182,80,3F Superliga
239901,Saša Kalajdžić,https://ratings-images-prod.pulse.ea.com/FC25/full/player-portraits/p239901.png?padding=0.7,Austria,4,https://drop-assets.ea.com/images/2nTz63NpDfuBGFbmXrDg0N/eaa6fc81bfd7bd77d76886d479841ebb/f_4.png,https://drop-assets.ea.com/images/2IaqcXGAFPUX7ZB3PKrB1w/bf771aac860cb3b6e680de79b5b0e407/l252.png,https://drop-assets.ea.com/images/2IaqcXGAFPUX7ZB3PKrB1w/bf771aac860cb3b6e680de79b5b0e407/l252.png,https://drop-assets.ea.com/images/2IaqcXGAFPUX7ZB3PKrB1w/bf771aac860cb3b6e680de79b5b0e407/l252.png,ST,68,50,68,67,68,45,64,Right,200,90,Ö. Bundesliga
231366,Philipp Lienhart,https://ratings-images-prod.pulse.ea.com/FC25/full/player-portraits/p231366.png?padding=0.7,Austria,4,https://drop-assets.ea.com/images/2nTz63NpDfuBGFbmXrDg0N/eaa6fc81bfd7bd77d76886d479841ebb/f_4.png,https://drop-assets.ea.com/images/TnclXkBIoI1MtJBmRvObq/83167db02b49b274917cec5814510b79/l25.png,https://drop-assets.ea.com/images/TnclXkBIoI1MtJBmRvObq/83167db02b49b274917cec5814510b79/l25.png,https://drop-assets.ea.com/images/TnclXkBIoI1MtJBmRvObq/83167db02b49b274917cec5814510b79/l25.png,CB,64,67,64,59,64,81,78,Right,189,87,Bundesliga
216275,Phillipp Mwene,https://ratings-images-prod.pulse.ea.com/FC25/full/player-portraits/p216275.png?padding=0.7,Austria,4,https://drop-assets.ea.com/images/2nTz63NpDfuBGFbmXrDg0N/eaa6fc81bfd7bd77d76886d479841ebb/f_4.png,https://drop-assets.ea.com/images/4QO9B5tBI7mcWhzDDO3b6N/f70a1fd45fb4a6dd80ceea61a3e91c4d/l169.png,https://drop-assets.ea.com/images/4QO9B5tBI7mcWhzDDO3b6N/f70a1fd45fb4a6dd80ceea61a3e91c4d/l169.png,https://drop-assets.ea.com/images/4QO9B5tBI7mcWhzDDO3b6N/f70a1fd45fb4a6dd80ceea61a3e91c4d/l169.png,LB,75,78,75,69,75,70,70,Right,172,68,Bundesliga
259356,Carney Chukwuemeka,https://ratings-images-prod.pulse.ea.com/FC25/full/player-portraits/p259356.png?padding=0.7,Austria,14,https://drop-assets.ea.com/images/6ZM1OFXGUFeV0ZaYVKj2z/ae88ef17f8cb179fbc1c463f7e1e4bd8/f_14.png,https://drop-assets.ea.com/images/TmqxUZk2FrbFXOK1kdE89/3dce225926ac7cfd9f283ecd731fa710/l22.png,https://drop-assets.ea.com/images/TmqxUZk2FrbFXOK1kdE89/3dce225926ac7cfd9f283ecd731fa710/l22.png,https://drop-assets.ea.com/images/TmqxUZk2FrbFXOK1kdE89/3dce225926ac7cfd9f283ecd731fa710/l22.png,CAM,79,74,79,74,79,57,66,Right,187,77,Bundesliga
239701,Romano Schmid,https://ratings-images-prod.pulse.ea.com/FC25/full/player-portraits/p239701.png?padding=0.7,Austria,4,https://drop-assets.ea.com/images/2nTz63NpDfuBGFbmXrDg0N/eaa6fc81bfd7bd77d76886d479841ebb/f_4.png,https://drop-assets.ea.com/images/5UE88g3Vfeo6kFu8lh1s26/cfc99dce8f7c7dc22a8a39920383cf3d/l38.png,https://drop-assets.ea.com/images/5UE88g3Vfeo6kFu8lh1s26/cfc99dce8f7c7dc22a8a39920383cf3d/l38.png,https://drop-assets.ea.com/images/5UE88g3Vfeo6kFu8lh1s26/cfc99dce8f7c7dc22a8a39920383cf3d/l38.png,CAM,83,77,83,78,83,56,58,Right,168,73,Bundesliga
242187,Christoph Baumgartner,https://ratings-images-prod.pulse.ea.com/FC25/full/player-portraits/p242187.png?padding=0.7,Austria,4,https://drop-assets.ea.com/images/2nTz63NpDfuBGFbmXrDg0N/eaa6fc81bfd7bd77d76886d479841ebb/f_4.png,https://drop-assets.ea.com/images/1EoW6b2VkhiP3S0vqikd9s/f181f899a2037360f70a9a8aba18af30/l112172.png,https://drop-assets.ea.com/images/1EoW6b2VkhiP3S0vqikd9s/f181f899a2037360f70a9a8aba18af30/l112172.png,https://drop-assets.ea.com/images/1EoW6b2VkhiP3S0vqikd9s/f181f899a2037360f70a9a8aba18af30/l112172.png,CAM,79,74,79,72,79,47,63,Right,180,77,Bundesliga
225375,Konrad Laimer,https://ratings-images-prod.pulse.ea.com/FC25/full/player-portraits/p225375.png?padding=0.7,Austria,4,https://drop-assets.ea.com/images/2nTz63NpDfuBGFbmXrDg0N/eaa6fc81bfd7bd77d76886d479841ebb/f_4.png,https://drop-assets.ea.com/images/3p0dv1pGWIH6lGAKZssZKH/4f70d2c5a3c147f3e006c863e85e4993/l21.png,https://drop-assets.ea.com/images/3p0dv1pGWIH6lGAKZssZKH/4f70d2c5a3c147f3e006c863e85e4993/l21.png,https://drop-assets.ea.com/images/3p0dv1pGWIH6lGAKZssZKH/4f70d2c5a3c147f3e006c863e85e4993/l21.png,RB,75,82,75,76,75,81,76,Right,180,72,Bundesliga
254566,Patrick Wimmer,https://ratings-images-prod.pulse.ea.com/FC25/full/player-portraits/p254566.png?padding=0.7,Austria,4,https://drop-assets.ea.com/images/2nTz63NpDfuBGFbmXrDg0N/eaa6fc81bfd7bd77d76886d479841ebb/f_4.png,https://drop-assets.ea.com/images/4mw5u30yjPmzh9OVqKB0YV/ad59c24a84c9afb0a877046fadeb9c9e/l175.png,https://drop-assets.ea.com/images/4mw5u30yjPmzh9OVqKB0YV/ad59c24a84c9afb0a877046fadeb9c9e/l175.png,https://drop-assets.ea.com/images/4mw5u30yjPmzh9OVqKB0YV/ad59c24a84c9afb0a877046fadeb9c9e/l175.png,CAM,81,84,81,72,81,49,73,Right,182,77,Bundesliga
263041,Alexander Prass,https://ratings-images-prod.pulse.ea.com/FC25/full/player-portraits/p263041.png?padding=0.7,Austria,4,https://drop-assets.ea.com/images/2nTz63NpDfuBGFbmXrDg0N/eaa6fc81bfd7bd77d76886d479841ebb/f_4.png,https://drop-assets.ea.com/images/1ylwMQ1ia5SGcXYoIKhtdK/b24a8fed6fb30e01ea3fd15184b0046c/l10029.png,https://drop-assets.ea.com/images/1ylwMQ1ia5SGcXYoIKhtdK/b24a8fed6fb30e01ea3fd15184b0046c/l10029.png,https://drop-assets.ea.com/images/1ylwMQ1ia5SGcXYoIKhtdK/b24a8fed6fb30e01ea3fd15184b0046c/l10029.png,LB,75,74,75,74,75,69,74,Left,180,72,Bundesliga
237595,Marco Friedl,https://ratings-images-prod.pulse.ea.com/FC25/full/player-portraits/p237595.png?padding=0.7,Austria,4,https://drop-assets.ea.com/images/2nTz63NpDfuBGFbmXrDg0N/eaa6fc81bfd7bd77d76886d479841ebb/f_4.png,https://drop-assets.ea.com/images/5UE88g3Vfeo6kFu8lh1s26/cfc99dce8f7c7dc22a8a39920383cf3d/l38.png,https://drop-assets.ea.com/images/5UE88g3Vfeo6kFu8lh1s26/cfc99dce8f7c7dc22a8a39920383cf3d/l38.png,https://drop-assets.ea.com/images/5UE88g3Vfeo6kFu8lh1s26/cfc99dce8f7c7dc22a8a39920383cf3d/l38.png,CB,69,75,69,64,69,79,77,Left,187,82,Bundesliga
fm_2000138516,Paul Wanner,//img.fminside.net/facesfm26/2000138516.png,Austria,,https://img.fminside.net/flag-svg/at.svg,PSV,1028,//img.fminside.net/logos/Men/Clubs/Normal/1028.png,MC,73,65,73,60,73,39,57,Left,185,80,Eredivisie
250779,Michael Svoboda,https://ratings-images-prod.pulse.ea.com/FC25/full/player-portraits/p250779.png?padding=0.7,Austria,4,https://drop-assets.ea.com/images/2nTz63NpDfuBGFbmXrDg0N/eaa6fc81bfd7bd77d76886d479841ebb/f_4.png,https://drop-assets.ea.com/images/4oRMTpjQWJzNTb5EzszD2f/cf5a478ab8265df7c16b5789ee8cab4d/l205.png,https://drop-assets.ea.com/images/4oRMTpjQWJzNTb5EzszD2f/cf5a478ab8265df7c16b5789ee8cab4d/l205.png,https://drop-assets.ea.com/images/4oRMTpjQWJzNTb5EzszD2f/cf5a478ab8265df7c16b5789ee8cab4d/l205.png,CB,56,59,56,52,56,67,80,Right,195,86,Serie BKT
220925,Alessandro Schöpf,https://ratings-images-prod.pulse.ea.com/FC25/full/player-portraits/p220925.png?padding=0.7,Austria,4,https://drop-assets.ea.com/images/2nTz63NpDfuBGFbmXrDg0N/eaa6fc81bfd7bd77d76886d479841ebb/f_4.png,https://drop-assets.ea.com/images/3je630Jyv9mb9KEvwkSUhx/015c05bf33a512f1ae8d3cbd838381cf/l111822.png,https://drop-assets.ea.com/images/3je630Jyv9mb9KEvwkSUhx/015c05bf33a512f1ae8d3cbd838381cf/l111822.png,https://drop-assets.ea.com/images/3je630Jyv9mb9KEvwkSUhx/015c05bf33a512f1ae8d3cbd838381cf/l111822.png,CM,69,67,69,67,69,60,70,Right,178,74,Ö. Bundesliga
,Yazeed Abulaila,,Jordan,,,,,,,,,,,,,,,,,
fm_64042348,Abdallah Al-Fakhouri,//img.fminside.net/facesfm26/64042348.png,Jordan,,https://img.fminside.net/flag-svg/jo.svg,Al-Wehdat,135258,//img.fminside.net/logos/Men/Clubs/Normal/135258.png,GK,53,55,53,50,53,54,54,Right,187,82,Pro League
fm_23233242,Nour Bani Attiah,//img.fminside.net/faces/default-male.png,Jordan,,https://img.fminside.net/flag-svg/jo.svg,Al-Faisaly,135253,//img.fminside.net/logos/Men/Clubs/Normal/135253.png,GK,53,60,53,47,53,64,37,Right,179,74,Pro League
,Ihsan Haddad,,Jordan,,,,,,,,,,,,,,,,,
73466,Yazan Al-Arab,https://ratings-images-prod.pulse.ea.com/FC25/full/player-portraits/p73466.png?padding=0.7,Jordan,164,https://drop-assets.ea.com/images/24Xt9I1c7Am7zMQG4Renku/71f91801de374891f98273bb3f51f4c7/f_164.png,https://drop-assets.ea.com/images/6ayQgkHeJXDN0qKmBK8yi/860e90db016f468ab9a0a76e64ae9442/l982.png,https://drop-assets.ea.com/images/6ayQgkHeJXDN0qKmBK8yi/860e90db016f468ab9a0a76e64ae9442/l982.png,https://drop-assets.ea.com/images/6ayQgkHeJXDN0qKmBK8yi/860e90db016f468ab9a0a76e64ae9442/l982.png,CB,52,79,52,46,52,73,83,Left,188,87,K League 1
,Abdallah Nasib,,Jordan,,,,,,,,,,,,,,,,,
fm_64039163,Saed Al-Rosan,//img.fminside.net/faces/default-male.png,Jordan,,https://img.fminside.net/flag-svg/jo.svg,Al-Hussein,135254,//img.fminside.net/logos/Men/Clubs/Normal/135254.png,DC,45,60,45,37,45,60,65,Right,188,83,Pro League
,Husam Abu Dahab,,Jordan,,,,,,,,,,,,,,,,,
fm_2000274678,Mo Abualnadi,//img.fminside.net/faces/default-male.png,Jordan,,https://img.fminside.net/flag-svg/jo.svg,Selangor,106694,//img.fminside.net/logos/Men/Clubs/Normal/106694.png,DC,40,53,40,40,40,60,42,Left,185,80,Super League
,Salim Obaid,,Jordan,,,,,,,,,,,,,,,,,
,Anas Badawi,,Jordan,,,,,,,,,,,,,,,,,
,Rajaei Ayed,,Jordan,,,,,,,,,,,,,,,,,
fm_64042085,Noor Al-Rawabdeh,//img.fminside.net/facesfm26/64042085.png,Jordan,,https://img.fminside.net/flag-svg/jo.svg,Selangor,106694,//img.fminside.net/logos/Men/Clubs/Normal/106694.png,MC,58,68,58,50,58,50,54,Right,183,78,Super League
,Ibrahim Sadeh,,Jordan,,,,,,,,,,,,,,,,,
fm_64039165,Mohammad Abu Hashish,//img.fminside.net/facesfm26/64039165.png,Jordan,,https://img.fminside.net/flag-svg/jo.svg,Al-Karma,2000217512,//img.fminside.net/logos/Men/Clubs/Normal/2000217512.png,DL,53,70,53,47,53,50,52,Left,178,73,Premier League
,Nizar Al-Rashdan,,Jordan,,,,,,,,,,,,,,,,,
fm_2000085603,Mohannad Abu Taha,//img.fminside.net/facesfm26/2000085603.png,Jordan,,https://img.fminside.net/flag-svg/jo.svg,Al-Quwa Al-Jawiya,135214,//img.fminside.net/logos/Men/Clubs/Normal/135214.png,AML,63,63,63,57,63,45,47,Left,176,71,Premier League
fm_64049797,Amer Jamous,//img.fminside.net/faces/default-male.png,Jordan,,https://img.fminside.net/flag-svg/jo.svg,Al-Wehdat,135258,//img.fminside.net/logos/Men/Clubs/Normal/135258.png,DM,60,60,60,47,60,57,44,Right,173,68,Pro League
,Mohammad Al-Dawoud,,Jordan,,,,,,,,,,,,,,,,,
fm_2000197186,Yousef Qashi,//img.fminside.net/facesfm26/2000197186.png,Jordan,,https://img.fminside.net/flag-svg/jo.svg,Al-Hussein,135254,//img.fminside.net/logos/Men/Clubs/Normal/135254.png,MC,56,58,56,47,56,39,42,Right,178,73,Pro League
fm_2000470732,Mohammad Taha,//img.fminside.net/faces/default-male.png,Jordan,,https://img.fminside.net/flag-svg/jo.svg,Shabab Al-Ordon,23159203,//img.fminside.net/logos/Men/Clubs/Normal/23159203.png,DL,41,65,41,47,41,42,40,Left,179,74,Pro League
,Musa Al-Taamari,,Jordan,,,,,,,,,,,,,,,,,
fm_23243726,Mahmoud Al-Mardi,//img.fminside.net/facesfm26/23243726.png,Jordan,,https://img.fminside.net/flag-svg/jo.svg,Al-Hussein,135254,//img.fminside.net/logos/Men/Clubs/Normal/135254.png,AML,68,58,68,60,68,35,50,Right,179,74,Pro League
fm_64049018,Ali Olwan,//img.fminside.net/facesfm26/64049018.png,Jordan,,https://img.fminside.net/flag-svg/jo.svg,Al-Sailiya,1000546,//img.fminside.net/logos/Men/Clubs/Normal/1000546.png,ST,55,58,55,49,55,27,54,Right,184,79,Stars League
,Mohammad Abu Zrayq,,Jordan,,,,,,,,,,,,,,,,,
fm_2000209157,Ibrahim Sabra,//img.fminside.net/facesfm26/2000209157.png,Jordan,,https://img.fminside.net/flag-svg/jo.svg,Göztepe,130338,//img.fminside.net/logos/Men/Clubs/Normal/130338.png,ST,60,70,60,52,60,32,50,Right,184,79,Süper Lig
fm_2000388278,Odeh Al-Fakhouri,//img.fminside.net/faces/default-male.png,Jordan,,https://img.fminside.net/flag-svg/jo.svg,Pyramids,13208139,//img.fminside.net/logos/Men/Clubs/Normal/13208139.png,AML,57,58,57,49,57,32,49,Left,180,75,Premier League
fm_2000084196,Ali Azaizeh,//img.fminside.net/facesfm26/2000084196.png,Jordan,,https://img.fminside.net/flag-svg/jo.svg,Kazma,135249,//img.fminside.net/logos/Men/Clubs/Normal/135249.png,AMR,59,63,59,52,59,30,40,Left,179,74,Premier League
176550,David Ospina,https://ratings-images-prod.pulse.ea.com/FC25/full/player-portraits/p176550.png?padding=0.7,Colombia,56,https://drop-assets.ea.com/images/JphMzcFrWU7Uo2jq6GSep/d909b5b6000d5bf7515600d2c6db6375/f_56.png,,,,GK,77,75,77,77,77,53,79,Right,183,80,Libertadores
fm_76007680,Camilo Vargas,//img.fminside.net/facesfm26/76007680.png,Colombia,,https://img.fminside.net/flag-svg/co.svg,Atlas,106027,//img.fminside.net/logos/Men/Clubs/Normal/106027.png,GK,68,55,68,64,68,65,65,Left,187,82,Liga BBVA MX
229541,Álvaro Montero,https://ratings-images-prod.pulse.ea.com/FC25/full/player-portraits/p229541.png?padding=0.7,Colombia,56,https://drop-assets.ea.com/images/JphMzcFrWU7Uo2jq6GSep/d909b5b6000d5bf7515600d2c6db6375/f_56.png,https://drop-assets.ea.com/images/7npiMv3iWuBU6UGoPKMDzm/6856e8f10f2137a1f28d5a911b95c350/l101088.png,https://drop-assets.ea.com/images/7npiMv3iWuBU6UGoPKMDzm/6856e8f10f2137a1f28d5a911b95c350/l101088.png,https://drop-assets.ea.com/images/7npiMv3iWuBU6UGoPKMDzm/6856e8f10f2137a1f28d5a911b95c350/l101088.png,GK,71,75,71,72,71,43,80,Right,196,85,LPF
220793,Davinson Sánchez,https://ratings-images-prod.pulse.ea.com/FC25/full/player-portraits/p220793.png?padding=0.7,Colombia,56,https://drop-assets.ea.com/images/JphMzcFrWU7Uo2jq6GSep/d909b5b6000d5bf7515600d2c6db6375/f_56.png,https://drop-assets.ea.com/images/6P5sN0m3ZRE23vjlT8gh5q/f7f9acf3a7be5ea12f889d93dbdfd48f/l325.png,https://drop-assets.ea.com/images/6P5sN0m3ZRE23vjlT8gh5q/f7f9acf3a7be5ea12f889d93dbdfd48f/l325.png,https://drop-assets.ea.com/images/6P5sN0m3ZRE23vjlT8gh5q/f7f9acf3a7be5ea12f889d93dbdfd48f/l325.png,CB,73,82,73,63,73,82,88,Right,187,81,Trendyol Süper Lig
271632,Santiago Arias,https://ratings-images-prod.pulse.ea.com/FC25/full/player-portraits/p271632.png?padding=0.7,Colombia,56,https://drop-assets.ea.com/images/JphMzcFrWU7Uo2jq6GSep/d909b5b6000d5bf7515600d2c6db6375/f_56.png,,,,CB,46,62,46,43,46,69,68,Right,184,80,Libertadores
220523,Yerry Mina,https://ratings-images-prod.pulse.ea.com/FC25/full/player-portraits/p220523.png?padding=0.7,Colombia,56,https://drop-assets.ea.com/images/JphMzcFrWU7Uo2jq6GSep/d909b5b6000d5bf7515600d2c6db6375/f_56.png,https://drop-assets.ea.com/images/5sjhiBbFzi7mnkVrR5zk76/7ecf5510b695d3053df0fa1f94cd4cea/l1842.png,https://drop-assets.ea.com/images/5sjhiBbFzi7mnkVrR5zk76/7ecf5510b695d3053df0fa1f94cd4cea/l1842.png,https://drop-assets.ea.com/images/5sjhiBbFzi7mnkVrR5zk76/7ecf5510b695d3053df0fa1f94cd4cea/l1842.png,CB,55,34,55,52,55,77,84,Right,195,99,Serie A Enilive
237646,Daniel Muñoz,https://ratings-images-prod.pulse.ea.com/FC25/full/player-portraits/p237646.png?padding=0.7,Colombia,56,https://drop-assets.ea.com/images/JphMzcFrWU7Uo2jq6GSep/d909b5b6000d5bf7515600d2c6db6375/f_56.png,https://drop-assets.ea.com/images/6j7pLWl2t3yl13bu6Y9s5K/91a346d14011a610d95ec956816b6a38/l1799.png,https://drop-assets.ea.com/images/6j7pLWl2t3yl13bu6Y9s5K/91a346d14011a610d95ec956816b6a38/l1799.png,https://drop-assets.ea.com/images/6j7pLWl2t3yl13bu6Y9s5K/91a346d14011a610d95ec956816b6a38/l1799.png,RB,76,75,76,72,76,79,81,Right,181,73,Premier League
214026,Johan Mojica,https://ratings-images-prod.pulse.ea.com/FC25/full/player-portraits/p214026.png?padding=0.7,Colombia,56,https://drop-assets.ea.com/images/JphMzcFrWU7Uo2jq6GSep/d909b5b6000d5bf7515600d2c6db6375/f_56.png,https://drop-assets.ea.com/images/3M8ak3PmmUDRXsH9mryxH9/54d5da4b609ccf51bd0564abad99cc0e/l453.png,https://drop-assets.ea.com/images/3M8ak3PmmUDRXsH9mryxH9/54d5da4b609ccf51bd0564abad99cc0e/l453.png,https://drop-assets.ea.com/images/3M8ak3PmmUDRXsH9mryxH9/54d5da4b609ccf51bd0564abad99cc0e/l453.png,LB,73,88,73,73,73,74,70,Left,185,66,LALIGA EA SPORTS
231207,Jhon Lucumí,https://ratings-images-prod.pulse.ea.com/FC25/full/player-portraits/p231207.png?padding=0.7,Colombia,56,https://drop-assets.ea.com/images/JphMzcFrWU7Uo2jq6GSep/d909b5b6000d5bf7515600d2c6db6375/f_56.png,https://drop-assets.ea.com/images/46WRpnCKdCAJlQHuRwlxXF/a7ac6606d8a808d382d4dd5c484eb60e/l189.png,https://drop-assets.ea.com/images/46WRpnCKdCAJlQHuRwlxXF/a7ac6606d8a808d382d4dd5c484eb60e/l189.png,https://drop-assets.ea.com/images/46WRpnCKdCAJlQHuRwlxXF/a7ac6606d8a808d382d4dd5c484eb60e/l189.png,CB,61,65,61,62,61,77,78,Left,187,86,Serie A Enilive
220837,Deiver Machado,https://ratings-images-prod.pulse.ea.com/FC25/full/player-portraits/p220837.png?padding=0.7,Colombia,56,https://drop-assets.ea.com/images/JphMzcFrWU7Uo2jq6GSep/d909b5b6000d5bf7515600d2c6db6375/f_56.png,https://drop-assets.ea.com/images/3HrZR8go9EdkyD4jpbWPic/0fcbfb41b4d42943916892d763af8d55/l64.png,https://drop-assets.ea.com/images/3HrZR8go9EdkyD4jpbWPic/0fcbfb41b4d42943916892d763af8d55/l64.png,https://drop-assets.ea.com/images/3HrZR8go9EdkyD4jpbWPic/0fcbfb41b4d42943916892d763af8d55/l64.png,LB,76,84,76,71,76,71,76,Left,180,75,Ligue 1 McDonald's
fm_76053523,Willer Ditta,//img.fminside.net/facesfm26/76053523.png,Colombia,,https://img.fminside.net/flag-svg/co.svg,Cruz Azul,1254,//img.fminside.net/logos/Men/Clubs/Normal/1254.png,DC,56,63,56,54,56,72,64,Right,180,75,Liga BBVA MX
fm_76002390,James Rodríguez,//img.fminside.net/facesfm26/76002390.png,Colombia,,https://img.fminside.net/flag-svg/co.svg,Minnesota,20030048,//img.fminside.net/logos/Men/Clubs/Normal/20030048.png,AMC,76,40,76,87,76,35,54,Left,180,75,MLS
213991,Jefferson Lerma,https://ratings-images-prod.pulse.ea.com/FC25/full/player-portraits/p213991.png?padding=0.7,Colombia,56,https://drop-assets.ea.com/images/JphMzcFrWU7Uo2jq6GSep/d909b5b6000d5bf7515600d2c6db6375/f_56.png,https://drop-assets.ea.com/images/6j7pLWl2t3yl13bu6Y9s5K/91a346d14011a610d95ec956816b6a38/l1799.png,https://drop-assets.ea.com/images/6j7pLWl2t3yl13bu6Y9s5K/91a346d14011a610d95ec956816b6a38/l1799.png,https://drop-assets.ea.com/images/6j7pLWl2t3yl13bu6Y9s5K/91a346d14011a610d95ec956816b6a38/l1799.png,CDM,74,68,74,70,74,76,79,Right,179,70,Premier League
210513,Juan Fernando Quintero,https://ratings-images-prod.pulse.ea.com/FC25/full/player-portraits/p210513.png?padding=0.7,Colombia,56,https://drop-assets.ea.com/images/JphMzcFrWU7Uo2jq6GSep/d909b5b6000d5bf7515600d2c6db6375/f_56.png,https://drop-assets.ea.com/images/3a9cbBltvLpgMO1eByYVRq/bc311aba63f687dc0480c592dfeca1b4/l1876.png,https://drop-assets.ea.com/images/3a9cbBltvLpgMO1eByYVRq/bc311aba63f687dc0480c592dfeca1b4/l1876.png,https://drop-assets.ea.com/images/3a9cbBltvLpgMO1eByYVRq/bc311aba63f687dc0480c592dfeca1b4/l1876.png,CAM,81,62,81,79,81,41,54,Left,168,70,LPF
241602,Jhon Arias,https://ratings-images-prod.pulse.ea.com/FC25/full/player-portraits/p241602.png?padding=0.7,Colombia,56,https://drop-assets.ea.com/images/JphMzcFrWU7Uo2jq6GSep/d909b5b6000d5bf7515600d2c6db6375/f_56.png,https://drop-assets.ea.com/images/3DIKyPF6XcAgIrI3Wv0UBo/4b26ac5525105f84de13860ebe177633/l110.png,https://drop-assets.ea.com/images/3DIKyPF6XcAgIrI3Wv0UBo/4b26ac5525105f84de13860ebe177633/l110.png,https://drop-assets.ea.com/images/3DIKyPF6XcAgIrI3Wv0UBo/4b26ac5525105f84de13860ebe177633/l110.png,RW,79,85,79,74,79,42,68,Right,168,70,Premier League
262881,Richard Ríos,https://ratings-images-prod.pulse.ea.com/FC25/full/player-portraits/p262881.png?padding=0.7,Colombia,56,https://drop-assets.ea.com/images/JphMzcFrWU7Uo2jq6GSep/d909b5b6000d5bf7515600d2c6db6375/f_56.png,https://drop-assets.ea.com/images/2DamHkQ1ZP1CYVjFPp6ofg/3e07292021842fdadb7aaaa84e7473aa/l234.png,https://drop-assets.ea.com/images/2DamHkQ1ZP1CYVjFPp6ofg/3e07292021842fdadb7aaaa84e7473aa/l234.png,https://drop-assets.ea.com/images/2DamHkQ1ZP1CYVjFPp6ofg/3e07292021842fdadb7aaaa84e7473aa/l234.png,CM,82,81,82,77,82,72,82,Right,187,77,Liga Portugal
272951,Kevin Castaño,https://ratings-images-prod.pulse.ea.com/FC25/full/player-portraits/p272951.png?padding=0.7,Colombia,56,https://drop-assets.ea.com/images/JphMzcFrWU7Uo2jq6GSep/d909b5b6000d5bf7515600d2c6db6375/f_56.png,https://drop-assets.ea.com/images/3a9cbBltvLpgMO1eByYVRq/bc311aba63f687dc0480c592dfeca1b4/l1876.png,https://drop-assets.ea.com/images/3a9cbBltvLpgMO1eByYVRq/bc311aba63f687dc0480c592dfeca1b4/l1876.png,https://drop-assets.ea.com/images/3a9cbBltvLpgMO1eByYVRq/bc311aba63f687dc0480c592dfeca1b4/l1876.png,CM,76,76,76,76,76,72,75,Right,177,73,LPF
214366,Jorge Carrascal,https://ratings-images-prod.pulse.ea.com/FC25/full/player-portraits/p214366.png?padding=0.7,Colombia,56,https://drop-assets.ea.com/images/JphMzcFrWU7Uo2jq6GSep/d909b5b6000d5bf7515600d2c6db6375/f_56.png,,,,CM,65,66,65,70,65,69,71,Right,173,72,Sudamericana
238230,Jaminton Campaz,https://ratings-images-prod.pulse.ea.com/FC25/full/player-portraits/p238230.png?padding=0.7,Colombia,56,https://drop-assets.ea.com/images/JphMzcFrWU7Uo2jq6GSep/d909b5b6000d5bf7515600d2c6db6375/f_56.png,https://drop-assets.ea.com/images/4A7PCwuGJb5YWjRaD4BuXm/f4161b7e626811f4379ebbc4d28abd15/l110580.png,https://drop-assets.ea.com/images/4A7PCwuGJb5YWjRaD4BuXm/f4161b7e626811f4379ebbc4d28abd15/l110580.png,https://drop-assets.ea.com/images/4A7PCwuGJb5YWjRaD4BuXm/f4161b7e626811f4379ebbc4d28abd15/l110580.png,LM,77,85,77,72,77,30,57,Left,168,68,LPF
,Juan Portilla,,Colombia,,,,,,,,,,,,,,,,,
273827,Gustavo Puerta,https://ratings-images-prod.pulse.ea.com/FC25/full/player-portraits/p273827.png?padding=0.7,Colombia,56,https://drop-assets.ea.com/images/JphMzcFrWU7Uo2jq6GSep/d909b5b6000d5bf7515600d2c6db6375/f_56.png,https://drop-assets.ea.com/images/5V2bkOk8FIEJMEWuz70tnI/91475989a56e0b4171b890356993af7b/l456.png,https://drop-assets.ea.com/images/5V2bkOk8FIEJMEWuz70tnI/91475989a56e0b4171b890356993af7b/l456.png,https://drop-assets.ea.com/images/5V2bkOk8FIEJMEWuz70tnI/91475989a56e0b4171b890356993af7b/l456.png,CM,72,61,72,68,72,62,67,Right,172,70,LALIGA HYPERMOTION
241084,Luis Díaz,https://ratings-images-prod.pulse.ea.com/FC25/full/player-portraits/p241084.png?padding=0.7,Colombia,56,https://drop-assets.ea.com/images/JphMzcFrWU7Uo2jq6GSep/d909b5b6000d5bf7515600d2c6db6375/f_56.png,https://drop-assets.ea.com/images/3p0dv1pGWIH6lGAKZssZKH/4f70d2c5a3c147f3e006c863e85e4993/l21.png,https://drop-assets.ea.com/images/3p0dv1pGWIH6lGAKZssZKH/4f70d2c5a3c147f3e006c863e85e4993/l21.png,https://drop-assets.ea.com/images/3p0dv1pGWIH6lGAKZssZKH/4f70d2c5a3c147f3e006c863e85e4993/l21.png,LM,87,88,87,76,87,45,75,Right,180,73,Bundesliga
fm_76018954,Jhon Córdoba,//img.fminside.net/facesfm26/76018954.png,Colombia,,https://img.fminside.net/flag-svg/co.svg,FC Krasnodar,58029064,//img.fminside.net/logos/Men/Clubs/Normal/58029064.png,ST,66,75,66,52,66,42,79,Right,188,83,Premier Liga
245158,Luis Suárez,https://ratings-images-prod.pulse.ea.com/FC25/full/player-portraits/p245158.png?padding=0.7,Colombia,56,https://drop-assets.ea.com/images/JphMzcFrWU7Uo2jq6GSep/d909b5b6000d5bf7515600d2c6db6375/f_56.png,https://drop-assets.ea.com/images/2bL9oGApMvbYE1o0Byl8KB/c914cde8141f11124f026cb198a0eb00/l237.png,https://drop-assets.ea.com/images/2bL9oGApMvbYE1o0Byl8KB/c914cde8141f11124f026cb198a0eb00/l237.png,https://drop-assets.ea.com/images/2bL9oGApMvbYE1o0Byl8KB/c914cde8141f11124f026cb198a0eb00/l237.png,ST,75,83,75,66,75,38,78,Right,181,82,Liga Portugal
237034,Cucho Hernández,https://ratings-images-prod.pulse.ea.com/FC25/full/player-portraits/p237034.png?padding=0.7,Colombia,56,https://drop-assets.ea.com/images/JphMzcFrWU7Uo2jq6GSep/d909b5b6000d5bf7515600d2c6db6375/f_56.png,https://drop-assets.ea.com/images/4rODtg2WvYGHhUGfPXxilW/e047163865b561a0ced87f9f593498c1/l449.png,https://drop-assets.ea.com/images/4rODtg2WvYGHhUGfPXxilW/e047163865b561a0ced87f9f593498c1/l449.png,https://drop-assets.ea.com/images/4rODtg2WvYGHhUGfPXxilW/e047163865b561a0ced87f9f593498c1/l449.png,ST,81,81,81,75,81,42,78,Right,176,73,LALIGA EA SPORTS
246170,Andrés Gómez,https://ratings-images-prod.pulse.ea.com/FC25/full/player-portraits/p246170.png?padding=0.7,Colombia,56,https://drop-assets.ea.com/images/JphMzcFrWU7Uo2jq6GSep/d909b5b6000d5bf7515600d2c6db6375/f_56.png,,,,RW,69,73,69,56,69,25,51,Right,175,72,Sudamericana
223150,Lionel Mpasi,https://ratings-images-prod.pulse.ea.com/FC25/full/player-portraits/p223150.png?padding=0.7,DR Congo,110,https://drop-assets.ea.com/images/3lHYj8vXmZJ1fiQcwOOP10/805d2b639e27aac47f556048edbc2048/f_110.png,https://drop-assets.ea.com/images/7IYWPdU9YKwfNMZeFNwkdQ/076a30fc65780281a69cb43ae11a2ba3/l1738.png,https://drop-assets.ea.com/images/7IYWPdU9YKwfNMZeFNwkdQ/076a30fc65780281a69cb43ae11a2ba3/l1738.png,https://drop-assets.ea.com/images/7IYWPdU9YKwfNMZeFNwkdQ/076a30fc65780281a69cb43ae11a2ba3/l1738.png,GK,65,67,65,66,65,45,66,Right,182,78,Ligue 1 McDonald's
fm_84153374,Timothy Fayulu,//img.fminside.net/facesfm26/84153374.png,DR Congo,,https://img.fminside.net/flag-svg/cd.svg,FC Sion,1852,//img.fminside.net/logos/Men/Clubs/Normal/1852.png,GK,68,55,68,60,68,57,70,Right,192,87,Super League
262265,Matthieu Epolo,https://ratings-images-prod.pulse.ea.com/FC25/full/player-portraits/p262265.png?padding=0.7,DR Congo,7,https://drop-assets.ea.com/images/7eZLPoDDyxSlQoqcS4NVA2/6fc085dc7e85ccd7519be7ff2df875ee/f_7.png,https://drop-assets.ea.com/images/5kh9CgGBVXFJ9hz4prrdHU/cae0ecb087e4f0dc17329b6bccb02eae/l232.png,https://drop-assets.ea.com/images/5kh9CgGBVXFJ9hz4prrdHU/cae0ecb087e4f0dc17329b6bccb02eae/l232.png,https://drop-assets.ea.com/images/5kh9CgGBVXFJ9hz4prrdHU/cae0ecb087e4f0dc17329b6bccb02eae/l232.png,GK,73,76,73,66,73,32,70,Right,187,77,1A Pro League
fm_18057323,Chancel Mbemba,//img.fminside.net/facesfm26/18057323.png,DR Congo,,https://img.fminside.net/flag-svg/cd.svg,Lille,858,//img.fminside.net/logos/Men/Clubs/Normal/858.png,DC,62,63,62,57,62,69,67,Right,182,77,Ligue 1
212491,Arthur Masuaku,https://ratings-images-prod.pulse.ea.com/FC25/full/player-portraits/p212491.png?padding=0.7,DR Congo,110,https://drop-assets.ea.com/images/3lHYj8vXmZJ1fiQcwOOP10/805d2b639e27aac47f556048edbc2048/f_110.png,https://drop-assets.ea.com/images/6ja62Iw2LyY8cVrud4aSHi/aa6c15e4a2ceed66f92099108bea9dfa/l106.png,https://drop-assets.ea.com/images/6ja62Iw2LyY8cVrud4aSHi/aa6c15e4a2ceed66f92099108bea9dfa/l106.png,https://drop-assets.ea.com/images/6ja62Iw2LyY8cVrud4aSHi/aa6c15e4a2ceed66f92099108bea9dfa/l106.png,LB,78,79,78,74,78,68,79,Left,179,80,Premier League
fm_85136397,Gédéon Kalulu,//img.fminside.net/facesfm26/85136397.png,DR Congo,,https://img.fminside.net/flag-svg/cd.svg,Aris Limassol,453,//img.fminside.net/logos/Men/Clubs/Normal/453.png,DR,61,63,61,59,61,62,57,Right,179,74,A' Katigorías
222875,Joris Kayembe,https://ratings-images-prod.pulse.ea.com/FC25/full/player-portraits/p222875.png?padding=0.7,DR Congo,110,https://drop-assets.ea.com/images/3lHYj8vXmZJ1fiQcwOOP10/805d2b639e27aac47f556048edbc2048/f_110.png,https://drop-assets.ea.com/images/2064Z9wPzJbjkzW3n9b4RQ/ef883d28dde3104b3bea959320b4597a/l673.png,https://drop-assets.ea.com/images/2064Z9wPzJbjkzW3n9b4RQ/ef883d28dde3104b3bea959320b4597a/l673.png,https://drop-assets.ea.com/images/2064Z9wPzJbjkzW3n9b4RQ/ef883d28dde3104b3bea959320b4597a/l673.png,LB,74,79,74,71,74,66,74,Left,180,73,1A Pro League
239814,Dylan Batubinsika,https://ratings-images-prod.pulse.ea.com/FC25/full/player-portraits/p239814.png?padding=0.7,DR Congo,110,https://drop-assets.ea.com/images/3lHYj8vXmZJ1fiQcwOOP10/805d2b639e27aac47f556048edbc2048/f_110.png,https://drop-assets.ea.com/images/5MQDL5KvE9wgSeFC12qs95/b73cf35907b421f2fef86d4e5184b230/l1819.png,https://drop-assets.ea.com/images/5MQDL5KvE9wgSeFC12qs95/b73cf35907b421f2fef86d4e5184b230/l1819.png,https://drop-assets.ea.com/images/5MQDL5KvE9wgSeFC12qs95/b73cf35907b421f2fef86d4e5184b230/l1819.png,CB,55,69,55,52,55,69,79,Right,188,84,Ligue 2 BKT
231485,Axel Tuanzebe,https://ratings-images-prod.pulse.ea.com/FC25/full/player-portraits/p231485.png?padding=0.7,DR Congo,110,https://drop-assets.ea.com/images/3lHYj8vXmZJ1fiQcwOOP10/805d2b639e27aac47f556048edbc2048/f_110.png,https://drop-assets.ea.com/images/6CqBvyQgjJzPA5vU64paT8/03d21bd0df65afa73b752f66ca5c1714/l1796.png,https://drop-assets.ea.com/images/6CqBvyQgjJzPA5vU64paT8/03d21bd0df65afa73b752f66ca5c1714/l1796.png,https://drop-assets.ea.com/images/6CqBvyQgjJzPA5vU64paT8/03d21bd0df65afa73b752f66ca5c1714/l1796.png,RB,68,76,68,64,68,73,75,Right,185,75,Premier League
229880,Aaron Wan-Bissaka,https://ratings-images-prod.pulse.ea.com/FC25/full/player-portraits/p229880.png?padding=0.7,DR Congo,110,https://drop-assets.ea.com/images/3lHYj8vXmZJ1fiQcwOOP10/805d2b639e27aac47f556048edbc2048/f_110.png,https://drop-assets.ea.com/images/60X4vXPDgGISHaqyOdUGkg/c7def9840658d49d646e4895e9e04e94/l19.png,https://drop-assets.ea.com/images/60X4vXPDgGISHaqyOdUGkg/c7def9840658d49d646e4895e9e04e94/l19.png,https://drop-assets.ea.com/images/60X4vXPDgGISHaqyOdUGkg/c7def9840658d49d646e4895e9e04e94/l19.png,RB,77,80,77,69,77,78,73,Right,183,72,Premier League
269507,Steve Kapuadi,https://ratings-images-prod.pulse.ea.com/FC25/full/player-portraits/p269507.png?padding=0.7,DR Congo,110,https://drop-assets.ea.com/images/3lHYj8vXmZJ1fiQcwOOP10/805d2b639e27aac47f556048edbc2048/f_110.png,https://drop-assets.ea.com/images/443RsYqUHR8qQ7mewrt7sU/10b64536075942d7dfaceb2432e42198/l1871.png,https://drop-assets.ea.com/images/443RsYqUHR8qQ7mewrt7sU/10b64536075942d7dfaceb2432e42198/l1871.png,https://drop-assets.ea.com/images/443RsYqUHR8qQ7mewrt7sU/10b64536075942d7dfaceb2432e42198/l1871.png,CB,50,65,50,45,50,70,83,Left,196,88,PKO BP Ekstraklasa
fm_85125689,Samuel Moutoussamy,//img.fminside.net/facesfm26/85125689.png,DR Congo,,https://img.fminside.net/flag-svg/cd.svg,Atromitos,129692,//img.fminside.net/logos/Men/Clubs/Normal/129692.png,MC,59,55,59,55,59,69,64,Left,176,71,Super League
242217,Edo Kayembe,https://ratings-images-prod.pulse.ea.com/FC25/full/player-portraits/p242217.png?padding=0.7,DR Congo,110,https://drop-assets.ea.com/images/3lHYj8vXmZJ1fiQcwOOP10/805d2b639e27aac47f556048edbc2048/f_110.png,https://drop-assets.ea.com/images/2MxNfPhOs9sFL7KH8k5Pcd/1be0302e620f2da1b08f09fa9c7bcc64/l1795.png,https://drop-assets.ea.com/images/2MxNfPhOs9sFL7KH8k5Pcd/1be0302e620f2da1b08f09fa9c7bcc64/l1795.png,https://drop-assets.ea.com/images/2MxNfPhOs9sFL7KH8k5Pcd/1be0302e620f2da1b08f09fa9c7bcc64/l1795.png,CM,70,72,70,69,70,67,78,Left,183,84,EFL Championship
233884,Charles Pickel,https://ratings-images-prod.pulse.ea.com/FC25/full/player-portraits/p233884.png?padding=0.7,DR Congo,110,https://drop-assets.ea.com/images/3lHYj8vXmZJ1fiQcwOOP10/805d2b639e27aac47f556048edbc2048/f_110.png,https://drop-assets.ea.com/images/5NYvCpO1y0HynMKlJEcgRy/87d88f05181ecc55ecb3c86a6ce505d0/l452.png,https://drop-assets.ea.com/images/5NYvCpO1y0HynMKlJEcgRy/87d88f05181ecc55ecb3c86a6ce505d0/l452.png,https://drop-assets.ea.com/images/5NYvCpO1y0HynMKlJEcgRy/87d88f05181ecc55ecb3c86a6ce505d0/l452.png,CM,69,63,69,68,69,67,80,Right,187,76,LALIGA EA SPORTS
fm_34001371,Gaël Kakuta,//img.fminside.net/facesfm26/34001371.png,DR Congo,,https://img.fminside.net/flag-svg/cd.svg,Larisa,978,//img.fminside.net/logos/Men/Clubs/Normal/978.png,AMC,74,50,74,67,74,24,42,Left,173,68,Super League
269230,Noah Sadiki,https://ratings-images-prod.pulse.ea.com/FC25/full/player-portraits/p269230.png?padding=0.7,DR Congo,110,https://drop-assets.ea.com/images/3lHYj8vXmZJ1fiQcwOOP10/805d2b639e27aac47f556048edbc2048/f_110.png,https://drop-assets.ea.com/images/6ja62Iw2LyY8cVrud4aSHi/aa6c15e4a2ceed66f92099108bea9dfa/l106.png,https://drop-assets.ea.com/images/6ja62Iw2LyY8cVrud4aSHi/aa6c15e4a2ceed66f92099108bea9dfa/l106.png,https://drop-assets.ea.com/images/6ja62Iw2LyY8cVrud4aSHi/aa6c15e4a2ceed66f92099108bea9dfa/l106.png,CM,76,77,76,68,76,68,76,Right,173,77,Premier League
fm_29080657,Aaron Tshibola,//img.fminside.net/facesfm26/29080657.png,DR Congo,,https://img.fminside.net/flag-svg/cd.svg,Kilmarnock,1580,//img.fminside.net/logos/Men/Clubs/Normal/1580.png,MC,63,63,63,57,63,54,69,Right,190,85,cinch Premiership
274447,Ngal'ayel Mukau,https://ratings-images-prod.pulse.ea.com/FC25/full/player-portraits/p274447.png?padding=0.7,DR Congo,110,https://drop-assets.ea.com/images/3lHYj8vXmZJ1fiQcwOOP10/805d2b639e27aac47f556048edbc2048/f_110.png,https://drop-assets.ea.com/images/tfbRaZiFuJ9jTer1qcf0Z/95171efd06d2494735c0e8a7c5aa9df2/l65.png,https://drop-assets.ea.com/images/tfbRaZiFuJ9jTer1qcf0Z/95171efd06d2494735c0e8a7c5aa9df2/l65.png,https://drop-assets.ea.com/images/tfbRaZiFuJ9jTer1qcf0Z/95171efd06d2494735c0e8a7c5aa9df2/l65.png,CDM,71,69,71,65,71,70,75,Left,186,79,Ligue 1 McDonald's
73317,Brian Cipenga,https://ratings-images-prod.pulse.ea.com/FC25/full/player-portraits/p73317.png?padding=0.7,DR Congo,110,https://drop-assets.ea.com/images/3lHYj8vXmZJ1fiQcwOOP10/805d2b639e27aac47f556048edbc2048/f_110.png,https://drop-assets.ea.com/images/7c8oo7wtd4Qkrh8FqfWKPU/4b792fa122f16e852325f08355920bf3/l100852.png,https://drop-assets.ea.com/images/7c8oo7wtd4Qkrh8FqfWKPU/4b792fa122f16e852325f08355920bf3/l100852.png,https://drop-assets.ea.com/images/7c8oo7wtd4Qkrh8FqfWKPU/4b792fa122f16e852325f08355920bf3/l100852.png,LM,66,81,66,59,66,33,63,Right,172,67,LALIGA HYPERMOTION
198951,Cédric Bakambu,https://ratings-images-prod.pulse.ea.com/FC25/full/player-portraits/p198951.png?padding=0.7,DR Congo,110,https://drop-assets.ea.com/images/3lHYj8vXmZJ1fiQcwOOP10/805d2b639e27aac47f556048edbc2048/f_110.png,https://drop-assets.ea.com/images/4rODtg2WvYGHhUGfPXxilW/e047163865b561a0ced87f9f593498c1/l449.png,https://drop-assets.ea.com/images/4rODtg2WvYGHhUGfPXxilW/e047163865b561a0ced87f9f593498c1/l449.png,https://drop-assets.ea.com/images/4rODtg2WvYGHhUGfPXxilW/e047163865b561a0ced87f9f593498c1/l449.png,ST,72,78,72,68,72,40,68,Right,182,73,LALIGA EA SPORTS
,Meschak Elia,,DR Congo,,,,,,,,,,,,,,,,,
fm_18081111,Théo Bongonda,//img.fminside.net/facesfm26/18081111.png,DR Congo,,https://img.fminside.net/flag-svg/cd.svg,Spartak Moscow,1529,//img.fminside.net/logos/Men/Clubs/Normal/1529.png,AMR,69,75,69,57,69,37,50,Left,177,72,Premier Liga
,Fiston Mayele,,DR Congo,,,,,,,,,,,,,,,,,
234824,Yoane Wissa,https://ratings-images-prod.pulse.ea.com/FC25/full/player-portraits/p234824.png?padding=0.7,DR Congo,110,https://drop-assets.ea.com/images/3lHYj8vXmZJ1fiQcwOOP10/805d2b639e27aac47f556048edbc2048/f_110.png,https://drop-assets.ea.com/images/69fXoaX4p9zFwKaZYoNtNX/14d86649a9b5a3f7e876cc3d46357b5d/l13.png,https://drop-assets.ea.com/images/69fXoaX4p9zFwKaZYoNtNX/14d86649a9b5a3f7e876cc3d46357b5d/l13.png,https://drop-assets.ea.com/images/69fXoaX4p9zFwKaZYoNtNX/14d86649a9b5a3f7e876cc3d46357b5d/l13.png,ST,80,85,80,70,80,31,71,Right,176,74,Premier League
253036,Nathanaël Mbuku,https://ratings-images-prod.pulse.ea.com/FC25/full/player-portraits/p253036.png?padding=0.7,DR Congo,110,https://drop-assets.ea.com/images/3lHYj8vXmZJ1fiQcwOOP10/805d2b639e27aac47f556048edbc2048/f_110.png,https://drop-assets.ea.com/images/2s81zEAC1P8205XDHZ2rKf/eec584c08f6be8db257d7012c1b6cfb0/l70.png,https://drop-assets.ea.com/images/2s81zEAC1P8205XDHZ2rKf/eec584c08f6be8db257d7012c1b6cfb0/l70.png,https://drop-assets.ea.com/images/2s81zEAC1P8205XDHZ2rKf/eec584c08f6be8db257d7012c1b6cfb0/l70.png,RM,74,73,74,68,74,35,53,Left,170,68,Ligue 2 BKT
231652,Simon Banza,https://ratings-images-prod.pulse.ea.com/FC25/full/player-portraits/p231652.png?padding=0.7,DR Congo,110,https://drop-assets.ea.com/images/3lHYj8vXmZJ1fiQcwOOP10/805d2b639e27aac47f556048edbc2048/f_110.png,https://drop-assets.ea.com/images/4qjtfL57Y3CxvssFaOwnJT/08cfda01d445741b93fd0f8163a4b267/l1896.png,https://drop-assets.ea.com/images/4qjtfL57Y3CxvssFaOwnJT/08cfda01d445741b93fd0f8163a4b267/l1896.png,https://drop-assets.ea.com/images/4qjtfL57Y3CxvssFaOwnJT/08cfda01d445741b93fd0f8163a4b267/l1896.png,ST,77,79,77,62,77,36,79,Right,189,77,Liga Portugal
234577,Diogo Costa,https://ratings-images-prod.pulse.ea.com/FC25/full/player-portraits/p234577.png?padding=0.7,Portugal,38,https://drop-assets.ea.com/images/3CxRD7XqY2NSlZ3628fY4S/abf38470644ee334e6a425b9272f7767/f_38.png,https://drop-assets.ea.com/images/3rIoG9U8fPPfaXZiGOGtvw/37c0c0ceefe454e9c299d4cc1852671f/l236.png,https://drop-assets.ea.com/images/3rIoG9U8fPPfaXZiGOGtvw/37c0c0ceefe454e9c299d4cc1852671f/l236.png,https://drop-assets.ea.com/images/3rIoG9U8fPPfaXZiGOGtvw/37c0c0ceefe454e9c299d4cc1852671f/l236.png,GK,86,83,86,82,86,35,83,Right,187,84,Liga Portugal
212442,José Sá,https://ratings-images-prod.pulse.ea.com/FC25/full/player-portraits/p212442.png?padding=0.7,Portugal,38,https://drop-assets.ea.com/images/3CxRD7XqY2NSlZ3628fY4S/abf38470644ee334e6a425b9272f7767/f_38.png,https://drop-assets.ea.com/images/3DIKyPF6XcAgIrI3Wv0UBo/4b26ac5525105f84de13860ebe177633/l110.png,https://drop-assets.ea.com/images/3DIKyPF6XcAgIrI3Wv0UBo/4b26ac5525105f84de13860ebe177633/l110.png,https://drop-assets.ea.com/images/3DIKyPF6XcAgIrI3Wv0UBo/4b26ac5525105f84de13860ebe177633/l110.png,GK,77,77,77,70,77,52,76,Right,192,84,Premier League
210385,Rui Silva,https://ratings-images-prod.pulse.ea.com/FC25/full/player-portraits/p210385.png?padding=0.7,Portugal,38,https://drop-assets.ea.com/images/3CxRD7XqY2NSlZ3628fY4S/abf38470644ee334e6a425b9272f7767/f_38.png,https://drop-assets.ea.com/images/2bL9oGApMvbYE1o0Byl8KB/c914cde8141f11124f026cb198a0eb00/l237.png,https://drop-assets.ea.com/images/2bL9oGApMvbYE1o0Byl8KB/c914cde8141f11124f026cb198a0eb00/l237.png,https://drop-assets.ea.com/images/2bL9oGApMvbYE1o0Byl8KB/c914cde8141f11124f026cb198a0eb00/l237.png,GK,84,82,84,77,84,31,81,Left,191,91,Liga Portugal
239818,Rúben Dias,https://ratings-images-prod.pulse.ea.com/FC25/full/player-portraits/p239818.png?padding=0.7,Portugal,38,https://drop-assets.ea.com/images/3CxRD7XqY2NSlZ3628fY4S/abf38470644ee334e6a425b9272f7767/f_38.png,https://drop-assets.ea.com/images/4asmNLic4aQn6cjlEg1t5u/88bea3ddd6c1f620bbf813041f248685/l10.png,https://drop-assets.ea.com/images/4asmNLic4aQn6cjlEg1t5u/88bea3ddd6c1f620bbf813041f248685/l10.png,https://drop-assets.ea.com/images/4asmNLic4aQn6cjlEg1t5u/88bea3ddd6c1f620bbf813041f248685/l10.png,CB,69,59,69,69,69,86,84,Right,187,82,Premier League
210514,João Cancelo,https://ratings-images-prod.pulse.ea.com/FC25/full/player-portraits/p210514.png?padding=0.7,Portugal,38,https://drop-assets.ea.com/images/3CxRD7XqY2NSlZ3628fY4S/abf38470644ee334e6a425b9272f7767/f_38.png,https://drop-assets.ea.com/images/S6sbDN9mfGaVn2VJDekYR/c6f580c98a0d614b0b308a89a241c6ab/l605.png,https://drop-assets.ea.com/images/S6sbDN9mfGaVn2VJDekYR/c6f580c98a0d614b0b308a89a241c6ab/l605.png,https://drop-assets.ea.com/images/S6sbDN9mfGaVn2VJDekYR/c6f580c98a0d614b0b308a89a241c6ab/l605.png,RB,84,83,84,84,84,78,74,Right,182,74,ROSHN Saudi League
227928,Nélson Semedo,https://ratings-images-prod.pulse.ea.com/FC25/full/player-portraits/p227928.png?padding=0.7,Portugal,38,https://drop-assets.ea.com/images/3CxRD7XqY2NSlZ3628fY4S/abf38470644ee334e6a425b9272f7767/f_38.png,https://drop-assets.ea.com/images/3sfoNHvqDPqhM1PsEE1sNM/b9dcc82d0e2fba3efc8e8d0ed4c216a6/l326.png,https://drop-assets.ea.com/images/3sfoNHvqDPqhM1PsEE1sNM/b9dcc82d0e2fba3efc8e8d0ed4c216a6/l326.png,https://drop-assets.ea.com/images/3sfoNHvqDPqhM1PsEE1sNM/b9dcc82d0e2fba3efc8e8d0ed4c216a6/l326.png,RB,77,79,77,69,77,73,73,Right,177,69,Trendyol Süper Lig
252145,Nuno Mendes,https://ratings-images-prod.pulse.ea.com/FC25/full/player-portraits/p252145.png?padding=0.7,Portugal,38,https://drop-assets.ea.com/images/3CxRD7XqY2NSlZ3628fY4S/abf38470644ee334e6a425b9272f7767/f_38.png,https://drop-assets.ea.com/images/2QwnhmHh5K7bjkfZAF7ZCi/7c53874542fb5c606ff810a4b1f6b88b/l73.png,https://drop-assets.ea.com/images/2QwnhmHh5K7bjkfZAF7ZCi/7c53874542fb5c606ff810a4b1f6b88b/l73.png,https://drop-assets.ea.com/images/2QwnhmHh5K7bjkfZAF7ZCi/7c53874542fb5c606ff810a4b1f6b88b/l73.png,LB,82,95,82,76,82,80,77,Left,180,70,Ligue 1 McDonald's
234574,Diogo Dalot,https://ratings-images-prod.pulse.ea.com/FC25/full/player-portraits/p234574.png?padding=0.7,Portugal,38,https://drop-assets.ea.com/images/3CxRD7XqY2NSlZ3628fY4S/abf38470644ee334e6a425b9272f7767/f_38.png,https://drop-assets.ea.com/images/5xxJeUfFY6FEQZEJyJK35/990979becf88b88ecb6461dc441c2ebf/l11.png,https://drop-assets.ea.com/images/5xxJeUfFY6FEQZEJyJK35/990979becf88b88ecb6461dc441c2ebf/l11.png,https://drop-assets.ea.com/images/5xxJeUfFY6FEQZEJyJK35/990979becf88b88ecb6461dc441c2ebf/l11.png,RB,77,85,77,74,77,76,78,Right,183,76,Premier League
257179,Gonçalo Inácio,https://ratings-images-prod.pulse.ea.com/FC25/full/player-portraits/p257179.png?padding=0.7,Portugal,38,https://drop-assets.ea.com/images/3CxRD7XqY2NSlZ3628fY4S/abf38470644ee334e6a425b9272f7767/f_38.png,https://drop-assets.ea.com/images/2bL9oGApMvbYE1o0Byl8KB/c914cde8141f11124f026cb198a0eb00/l237.png,https://drop-assets.ea.com/images/2bL9oGApMvbYE1o0Byl8KB/c914cde8141f11124f026cb198a0eb00/l237.png,https://drop-assets.ea.com/images/2bL9oGApMvbYE1o0Byl8KB/c914cde8141f11124f026cb198a0eb00/l237.png,CB,73,77,73,71,73,82,81,Left,185,81,Liga Portugal
253124,Matheus Nunes,https://ratings-images-prod.pulse.ea.com/FC25/full/player-portraits/p253124.png?padding=0.7,Portugal,38,https://drop-assets.ea.com/images/3CxRD7XqY2NSlZ3628fY4S/abf38470644ee334e6a425b9272f7767/f_38.png,https://drop-assets.ea.com/images/4asmNLic4aQn6cjlEg1t5u/88bea3ddd6c1f620bbf813041f248685/l10.png,https://drop-assets.ea.com/images/4asmNLic4aQn6cjlEg1t5u/88bea3ddd6c1f620bbf813041f248685/l10.png,https://drop-assets.ea.com/images/4asmNLic4aQn6cjlEg1t5u/88bea3ddd6c1f620bbf813041f248685/l10.png,RB,79,85,79,76,79,73,76,Right,184,78,Premier League
273906,Renato Veiga,https://ratings-images-prod.pulse.ea.com/FC25/full/player-portraits/p273906.png?padding=0.7,Portugal,38,https://drop-assets.ea.com/images/3CxRD7XqY2NSlZ3628fY4S/abf38470644ee334e6a425b9272f7767/f_38.png,https://drop-assets.ea.com/images/xvk9pCQTX74mWG8EjcgYU/f631ffd2c7ac06bd43f2547fc44463c4/l483.png,https://drop-assets.ea.com/images/xvk9pCQTX74mWG8EjcgYU/f631ffd2c7ac06bd43f2547fc44463c4/l483.png,https://drop-assets.ea.com/images/xvk9pCQTX74mWG8EjcgYU/f631ffd2c7ac06bd43f2547fc44463c4/l483.png,CB,72,73,72,73,72,75,82,Left,190,88,LALIGA EA SPORTS
266096,Tomás Araújo,https://ratings-images-prod.pulse.ea.com/FC25/full/player-portraits/p266096.png?padding=0.7,Portugal,38,https://drop-assets.ea.com/images/3CxRD7XqY2NSlZ3628fY4S/abf38470644ee334e6a425b9272f7767/f_38.png,https://drop-assets.ea.com/images/2DamHkQ1ZP1CYVjFPp6ofg/3e07292021842fdadb7aaaa84e7473aa/l234.png,https://drop-assets.ea.com/images/2DamHkQ1ZP1CYVjFPp6ofg/3e07292021842fdadb7aaaa84e7473aa/l234.png,https://drop-assets.ea.com/images/2DamHkQ1ZP1CYVjFPp6ofg/3e07292021842fdadb7aaaa84e7473aa/l234.png,CB,72,82,72,69,72,77,79,Right,187,81,Liga Portugal
218667,Bernardo Silva,https://ratings-images-prod.pulse.ea.com/FC25/full/player-portraits/p218667.png?padding=0.7,Portugal,38,https://drop-assets.ea.com/images/3CxRD7XqY2NSlZ3628fY4S/abf38470644ee334e6a425b9272f7767/f_38.png,https://drop-assets.ea.com/images/4asmNLic4aQn6cjlEg1t5u/88bea3ddd6c1f620bbf813041f248685/l10.png,https://drop-assets.ea.com/images/4asmNLic4aQn6cjlEg1t5u/88bea3ddd6c1f620bbf813041f248685/l10.png,https://drop-assets.ea.com/images/4asmNLic4aQn6cjlEg1t5u/88bea3ddd6c1f620bbf813041f248685/l10.png,CM,89,61,89,83,89,71,65,Left,173,65,Premier League
212198,Bruno Fernandes,https://ratings-images-prod.pulse.ea.com/FC25/full/player-portraits/p212198.png?padding=0.7,Portugal,38,https://drop-assets.ea.com/images/3CxRD7XqY2NSlZ3628fY4S/abf38470644ee334e6a425b9272f7767/f_38.png,https://drop-assets.ea.com/images/5xxJeUfFY6FEQZEJyJK35/990979becf88b88ecb6461dc441c2ebf/l11.png,https://drop-assets.ea.com/images/5xxJeUfFY6FEQZEJyJK35/990979becf88b88ecb6461dc441c2ebf/l11.png,https://drop-assets.ea.com/images/5xxJeUfFY6FEQZEJyJK35/990979becf88b88ecb6461dc441c2ebf/l11.png,CAM,83,67,83,89,83,65,75,Right,179,69,Premier League
224293,Rúben Neves,https://ratings-images-prod.pulse.ea.com/FC25/full/player-portraits/p224293.png?padding=0.7,Portugal,38,https://drop-assets.ea.com/images/3CxRD7XqY2NSlZ3628fY4S/abf38470644ee334e6a425b9272f7767/f_38.png,https://drop-assets.ea.com/images/S6sbDN9mfGaVn2VJDekYR/c6f580c98a0d614b0b308a89a241c6ab/l605.png,https://drop-assets.ea.com/images/S6sbDN9mfGaVn2VJDekYR/c6f580c98a0d614b0b308a89a241c6ab/l605.png,https://drop-assets.ea.com/images/S6sbDN9mfGaVn2VJDekYR/c6f580c98a0d614b0b308a89a241c6ab/l605.png,CDM,77,57,77,87,77,77,76,Right,180,83,ROSHN Saudi League
255253,Vitinha,https://ratings-images-prod.pulse.ea.com/FC25/full/player-portraits/p255253.png?padding=0.7,Portugal,38,https://drop-assets.ea.com/images/3CxRD7XqY2NSlZ3628fY4S/abf38470644ee334e6a425b9272f7767/f_38.png,https://drop-assets.ea.com/images/2QwnhmHh5K7bjkfZAF7ZCi/7c53874542fb5c606ff810a4b1f6b88b/l73.png,https://drop-assets.ea.com/images/2QwnhmHh5K7bjkfZAF7ZCi/7c53874542fb5c606ff810a4b1f6b88b/l73.png,https://drop-assets.ea.com/images/2QwnhmHh5K7bjkfZAF7ZCi/7c53874542fb5c606ff810a4b1f6b88b/l73.png,CM,90,72,90,86,90,75,70,Right,172,64,Ligue 1 McDonald's
272834,João Neves,https://ratings-images-prod.pulse.ea.com/FC25/full/player-portraits/p272834.png?padding=0.7,Portugal,38,https://drop-assets.ea.com/images/3CxRD7XqY2NSlZ3628fY4S/abf38470644ee334e6a425b9272f7767/f_38.png,https://drop-assets.ea.com/images/2QwnhmHh5K7bjkfZAF7ZCi/7c53874542fb5c606ff810a4b1f6b88b/l73.png,https://drop-assets.ea.com/images/2QwnhmHh5K7bjkfZAF7ZCi/7c53874542fb5c606ff810a4b1f6b88b/l73.png,https://drop-assets.ea.com/images/2QwnhmHh5K7bjkfZAF7ZCi/7c53874542fb5c606ff810a4b1f6b88b/l73.png,CM,84,74,84,80,84,82,83,Right,174,66,Ligue 1 McDonald's
255566,Samú Costa,https://ratings-images-prod.pulse.ea.com/FC25/full/player-portraits/p255566.png?padding=0.7,Portugal,38,https://drop-assets.ea.com/images/3CxRD7XqY2NSlZ3628fY4S/abf38470644ee334e6a425b9272f7767/f_38.png,https://drop-assets.ea.com/images/3M8ak3PmmUDRXsH9mryxH9/54d5da4b609ccf51bd0564abad99cc0e/l453.png,https://drop-assets.ea.com/images/3M8ak3PmmUDRXsH9mryxH9/54d5da4b609ccf51bd0564abad99cc0e/l453.png,https://drop-assets.ea.com/images/3M8ak3PmmUDRXsH9mryxH9/54d5da4b609ccf51bd0564abad99cc0e/l453.png,CDM,71,61,71,70,71,75,79,Left,183,75,LALIGA EA SPORTS
20801,Cristiano Ronaldo,https://ratings-images-prod.pulse.ea.com/FC25/full/player-portraits/p20801.png?padding=0.7,Portugal,38,https://drop-assets.ea.com/images/3CxRD7XqY2NSlZ3628fY4S/abf38470644ee334e6a425b9272f7767/f_38.png,https://drop-assets.ea.com/images/6oPkjdKPFc4aHfFp7UGXB7/262e529bd81a51c0b5f317e61b3f5985/l112139.png,https://drop-assets.ea.com/images/6oPkjdKPFc4aHfFp7UGXB7/262e529bd81a51c0b5f317e61b3f5985/l112139.png,https://drop-assets.ea.com/images/6oPkjdKPFc4aHfFp7UGXB7/262e529bd81a51c0b5f317e61b3f5985/l112139.png,ST,80,76,80,76,80,34,76,Right,187,85,ROSHN Saudi League
242444,João Félix,https://ratings-images-prod.pulse.ea.com/FC25/full/player-portraits/p242444.png?padding=0.7,Portugal,38,https://drop-assets.ea.com/images/3CxRD7XqY2NSlZ3628fY4S/abf38470644ee334e6a425b9272f7767/f_38.png,https://drop-assets.ea.com/images/6oPkjdKPFc4aHfFp7UGXB7/262e529bd81a51c0b5f317e61b3f5985/l112139.png,https://drop-assets.ea.com/images/6oPkjdKPFc4aHfFp7UGXB7/262e529bd81a51c0b5f317e61b3f5985/l112139.png,https://drop-assets.ea.com/images/6oPkjdKPFc4aHfFp7UGXB7/262e529bd81a51c0b5f317e61b3f5985/l112139.png,CAM,82,77,82,77,82,45,66,Right,181,70,ROSHN Saudi League
241721,Rafael Leão,https://ratings-images-prod.pulse.ea.com/FC25/full/player-portraits/p241721.png?padding=0.7,Portugal,38,https://drop-assets.ea.com/images/3CxRD7XqY2NSlZ3628fY4S/abf38470644ee334e6a425b9272f7767/f_38.png,https://drop-assets.ea.com/images/6D3s1RlLRER3UOunC4Lofv/ec87a4178160a87521b0b7c688e7638e/l131681.png,https://drop-assets.ea.com/images/6D3s1RlLRER3UOunC4Lofv/ec87a4178160a87521b0b7c688e7638e/l131681.png,https://drop-assets.ea.com/images/6D3s1RlLRER3UOunC4Lofv/ec87a4178160a87521b0b7c688e7638e/l131681.png,LW,86,93,86,80,86,28,75,Right,188,81,Serie A Enilive
224411,Gonçalo Guedes,https://ratings-images-prod.pulse.ea.com/FC25/full/player-portraits/p224411.png?padding=0.7,Portugal,38,https://drop-assets.ea.com/images/3CxRD7XqY2NSlZ3628fY4S/abf38470644ee334e6a425b9272f7767/f_38.png,https://drop-assets.ea.com/images/2ohvULVVtNoXptjhNS2dLq/08d0f2d7ecfd9e0f43ce837a4e73d139/l457.png,https://drop-assets.ea.com/images/2ohvULVVtNoXptjhNS2dLq/08d0f2d7ecfd9e0f43ce837a4e73d139/l457.png,https://drop-assets.ea.com/images/2ohvULVVtNoXptjhNS2dLq/08d0f2d7ecfd9e0f43ce837a4e73d139/l457.png,ST,78,76,78,70,78,37,66,Right,179,68,LALIGA EA SPORTS
256903,Gonçalo Ramos,https://ratings-images-prod.pulse.ea.com/FC25/full/player-portraits/p256903.png?padding=0.7,Portugal,38,https://drop-assets.ea.com/images/3CxRD7XqY2NSlZ3628fY4S/abf38470644ee334e6a425b9272f7767/f_38.png,https://drop-assets.ea.com/images/2QwnhmHh5K7bjkfZAF7ZCi/7c53874542fb5c606ff810a4b1f6b88b/l73.png,https://drop-assets.ea.com/images/2QwnhmHh5K7bjkfZAF7ZCi/7c53874542fb5c606ff810a4b1f6b88b/l73.png,https://drop-assets.ea.com/images/2QwnhmHh5K7bjkfZAF7ZCi/7c53874542fb5c606ff810a4b1f6b88b/l73.png,ST,77,73,77,64,77,48,79,Right,185,82,Ligue 1 McDonald's
238616,Pedro Neto,https://ratings-images-prod.pulse.ea.com/FC25/full/player-portraits/p238616.png?padding=0.7,Portugal,38,https://drop-assets.ea.com/images/3CxRD7XqY2NSlZ3628fY4S/abf38470644ee334e6a425b9272f7767/f_38.png,https://drop-assets.ea.com/images/6T0vfhzb3y9R6YVtmVwYcD/b99723a87536e30979c7cbdb8bba9310/l5.png,https://drop-assets.ea.com/images/6T0vfhzb3y9R6YVtmVwYcD/b99723a87536e30979c7cbdb8bba9310/l5.png,https://drop-assets.ea.com/images/6T0vfhzb3y9R6YVtmVwYcD/b99723a87536e30979c7cbdb8bba9310/l5.png,RM,82,91,82,74,82,40,68,Left,174,62,Premier League
244778,Francisco Trincão,https://ratings-images-prod.pulse.ea.com/FC25/full/player-portraits/p244778.png?padding=0.7,Portugal,38,https://drop-assets.ea.com/images/3CxRD7XqY2NSlZ3628fY4S/abf38470644ee334e6a425b9272f7767/f_38.png,https://drop-assets.ea.com/images/2bL9oGApMvbYE1o0Byl8KB/c914cde8141f11124f026cb198a0eb00/l237.png,https://drop-assets.ea.com/images/2bL9oGApMvbYE1o0Byl8KB/c914cde8141f11124f026cb198a0eb00/l237.png,https://drop-assets.ea.com/images/2bL9oGApMvbYE1o0Byl8KB/c914cde8141f11124f026cb198a0eb00/l237.png,CAM,84,80,84,79,84,40,71,Left,184,74,Liga Portugal
261050,Francisco Conceição,https://ratings-images-prod.pulse.ea.com/FC25/full/player-portraits/p261050.png?padding=0.7,Portugal,38,https://drop-assets.ea.com/images/3CxRD7XqY2NSlZ3628fY4S/abf38470644ee334e6a425b9272f7767/f_38.png,https://drop-assets.ea.com/images/6zWQmPATtK8lpsiXbKb3mY/6b2d1dab08ef14f63271a5cd70a0db0d/l45.png,https://drop-assets.ea.com/images/6zWQmPATtK8lpsiXbKb3mY/6b2d1dab08ef14f63271a5cd70a0db0d/l45.png,https://drop-assets.ea.com/images/6zWQmPATtK8lpsiXbKb3mY/6b2d1dab08ef14f63271a5cd70a0db0d/l45.png,RM,85,87,85,73,85,36,50,Left,168,61,Serie A Enilive
,Utkir Yusupov,,Uzbekistan,,,,,,,,,,,,,,,,,
,Abduvohid Nematov,,Uzbekistan,,,,,,,,,,,,,,,,,
fm_59062045,Botirali Ergashev,//img.fminside.net/facesfm26/59062045.png,Uzbekistan,,https://img.fminside.net/flag-svg/uz.svg,Neftchi Farg'ona,483003,//img.fminside.net/logos/Men/Clubs/Normal/483003.png,GK,58,63,58,47,58,47,53,Right,189,84,O'zbekiston Superligasi
,Rustam Ashurmatov,,Uzbekistan,,,,,,,,,,,,,,,,,
,Farrukh Sayfiev,,Uzbekistan,,,,,,,,,,,,,,,,,
,Khojiakbar Alijonov,,Uzbekistan,,,,,,,,,,,,,,,,,
,Sherzod Nasrullaev,,Uzbekistan,,,,,,,,,,,,,,,,,
,Umar Eshmurodov,,Uzbekistan,,,,,,,,,,,,,,,,,
277031,Abdukodir Khusanov,https://ratings-images-prod.pulse.ea.com/FC25/full/player-portraits/p277031.png?padding=0.7,Uzbekistan,191,https://drop-assets.ea.com/images/56FJUum3zmzAsdOaMXAtfY/48f06f0fe0c52d2cdfea8c7787b5f5a2/f_191.png,https://drop-assets.ea.com/images/4asmNLic4aQn6cjlEg1t5u/88bea3ddd6c1f620bbf813041f248685/l10.png,https://drop-assets.ea.com/images/4asmNLic4aQn6cjlEg1t5u/88bea3ddd6c1f620bbf813041f248685/l10.png,https://drop-assets.ea.com/images/4asmNLic4aQn6cjlEg1t5u/88bea3ddd6c1f620bbf813041f248685/l10.png,CB,64,85,64,59,64,77,76,Right,186,84,Premier League
,Abdulla Abdullaev,,Uzbekistan,,,,,,,,,,,,,,,,,
,Bekhruz Karimov,,Uzbekistan,,,,,,,,,,,,,,,,,
,Jakhongir Urozov,,Uzbekistan,,,,,,,,,,,,,,,,,
,Avazbek Ulmasaliev,,Uzbekistan,,,,,,,,,,,,,,,,,
fm_59072225,Otabek Shukurov,//img.fminside.net/facesfm26/59072225.png,Uzbekistan,,https://img.fminside.net/flag-svg/uz.svg,Baniyas,7004292,//img.fminside.net/logos/Men/Clubs/Normal/7004292.png,DM,62,53,62,59,62,49,60,Right,183,78,ADNOC Pro League
fm_59060373,Odiljon Hamrobekov,//img.fminside.net/facesfm26/59060373.png,Uzbekistan,,https://img.fminside.net/flag-svg/uz.svg,Tractor,5512156,//img.fminside.net/logos/Men/Clubs/Normal/5512156.png,DM,54,58,54,57,54,72,62,Right,180,75,Pro League
fm_59025801,Jamshid Iskanderov,//img.fminside.net/facesfm26/59025801.png,Uzbekistan,,https://img.fminside.net/flag-svg/uz.svg,Neftchi Farg'ona,483003,//img.fminside.net/logos/Men/Clubs/Normal/483003.png,MC,62,58,62,65,62,44,59,Left,171,66,O'zbekiston Superligasi
fm_59132803,Akmal Mozgovoy,//img.fminside.net/facesfm26/59132803.png,Uzbekistan,,https://img.fminside.net/flag-svg/uz.svg,Paxtakor,475411,//img.fminside.net/logos/Men/Clubs/Normal/475411.png,MC,66,55,66,60,66,47,60,Right,175,70,O'zbekiston Superligasi
,Azizjon Ganiev,,Uzbekistan,,,,,,,,,,,,,,,,,
fm_59138154,Jasurbek Jaloliddinov,//img.fminside.net/facesfm26/59138154.png,Uzbekistan,,https://img.fminside.net/flag-svg/uz.svg,So'g'diyona,484434,//img.fminside.net/logos/Men/Clubs/Normal/484434.png,MC,63,60,63,64,63,37,44,Left,171,66,O'zbekiston Superligasi
,Umarali Rakhmonaliev,,Uzbekistan,,,,,,,,,,,,,,,,,
fm_2000224811,Sherzod Esanov,//img.fminside.net/facesfm26/2000224811.png,Uzbekistan,,https://img.fminside.net/flag-svg/uz.svg,Buxoro,483765,//img.fminside.net/logos/Men/Clubs/Normal/483765.png,MC,63,55,63,52,63,32,65,Right,190,85,O'zbekiston Superligasi
239964,Eldor Shomurodov,https://ratings-images-prod.pulse.ea.com/FC25/full/player-portraits/p239964.png?padding=0.7,Uzbekistan,191,https://drop-assets.ea.com/images/56FJUum3zmzAsdOaMXAtfY/48f06f0fe0c52d2cdfea8c7787b5f5a2/f_191.png,https://drop-assets.ea.com/images/zVaLMDwzieKwlZFk2bZ6K/58d008680451b4cf46041e38987cf69b/l101014.png,https://drop-assets.ea.com/images/zVaLMDwzieKwlZFk2bZ6K/58d008680451b4cf46041e38987cf69b/l101014.png,https://drop-assets.ea.com/images/zVaLMDwzieKwlZFk2bZ6K/58d008680451b4cf46041e38987cf69b/l101014.png,ST,75,79,75,64,75,40,66,Right,190,76,Trendyol Süper Lig
fm_59044494,Igor Sergeev,//img.fminside.net/facesfm26/59044494.png,Uzbekistan,,https://img.fminside.net/flag-svg/uz.svg,Persepolis,102860,//img.fminside.net/logos/Men/Clubs/Normal/102860.png,ST,60,48,60,47,60,34,72,Left,188,83,Pro League
fm_59062049,Jaloliddin Masharipov,//img.fminside.net/facesfm26/59062049.png,Uzbekistan,,https://img.fminside.net/flag-svg/uz.svg,Esteghlal,102856,//img.fminside.net/logos/Men/Clubs/Normal/102856.png,AML,68,63,68,67,68,34,47,Right,173,68,Pro League
,Oston Urunov,,Uzbekistan,,,,,,,,,,,,,,,,,
,Dostonbek Khamdamov,,Uzbekistan,,,,,,,,,,,,,,,,,
,Abbosbek Fayzullaev,,Uzbekistan,,,,,,,,,,,,,,,,,
fm_59130537,Azizbek Amonov,//img.fminside.net/facesfm26/59130537.png,Uzbekistan,,https://img.fminside.net/flag-svg/uz.svg,Dinamo Samarqand,477907,//img.fminside.net/logos/Men/Clubs/Normal/477907.png,AMC,60,48,60,47,60,44,60,Left,183,78,O'zbekiston Superligasi
fm_2000022279,Ruslanbek Jiyanov,//img.fminside.net/facesfm26/2000022279.png,Uzbekistan,,https://img.fminside.net/flag-svg/uz.svg,Navbahor,482314,//img.fminside.net/logos/Men/Clubs/Normal/482314.png,AMR,64,68,64,57,64,30,54,Right,170,65,O'zbekiston Superligasi
fm_59138186,Sherzod Temirov,//img.fminside.net/facesfm26/59138186.png,Uzbekistan,,https://img.fminside.net/flag-svg/uz.svg,Erbil,135313,//img.fminside.net/logos/Men/Clubs/Normal/135313.png,ST,60,60,60,44,60,32,60,Right,187,82,Premier League
241671,Dominik Livaković,https://ratings-images-prod.pulse.ea.com/FC25/full/player-portraits/p241671.png?padding=0.7,Croatia,10,https://drop-assets.ea.com/images/4ZYNK06L8ZkJTrdtSby4NW/eb42cc852fc74ea3d3f5b8904fb5194f/f_10.png,https://drop-assets.ea.com/images/40lM20ITshJSKsZtWMGQ8m/3f11cea65b14635cc29654b6ba13c0b6/l110062.png,https://drop-assets.ea.com/images/40lM20ITshJSKsZtWMGQ8m/3f11cea65b14635cc29654b6ba13c0b6/l110062.png,https://drop-assets.ea.com/images/40lM20ITshJSKsZtWMGQ8m/3f11cea65b14635cc29654b6ba13c0b6/l110062.png,GK,83,80,83,71,83,56,80,Right,188,79,LALIGA EA SPORTS
246267,Dominik Kotarski,https://ratings-images-prod.pulse.ea.com/FC25/full/player-portraits/p246267.png?padding=0.7,Croatia,10,https://drop-assets.ea.com/images/4ZYNK06L8ZkJTrdtSby4NW/eb42cc852fc74ea3d3f5b8904fb5194f/f_10.png,https://drop-assets.ea.com/images/6r6we9mj39z5Irzr0aRxQU/4066cee956fb6aca5b2021644a14f82f/l819.png,https://drop-assets.ea.com/images/6r6we9mj39z5Irzr0aRxQU/4066cee956fb6aca5b2021644a14f82f/l819.png,https://drop-assets.ea.com/images/6r6we9mj39z5Irzr0aRxQU/4066cee956fb6aca5b2021644a14f82f/l819.png,GK,80,79,80,76,80,46,73,Right,189,80,3F Superliga
258585,Ivor Pandur,https://ratings-images-prod.pulse.ea.com/FC25/full/player-portraits/p258585.png?padding=0.7,Croatia,10,https://drop-assets.ea.com/images/4ZYNK06L8ZkJTrdtSby4NW/eb42cc852fc74ea3d3f5b8904fb5194f/f_10.png,https://drop-assets.ea.com/images/5Uc4aTJOQyjzSXC2vj0B5h/32ce96322eb17c65d9d1bcdc52c43985/l1952.png,https://drop-assets.ea.com/images/5Uc4aTJOQyjzSXC2vj0B5h/32ce96322eb17c65d9d1bcdc52c43985/l1952.png,https://drop-assets.ea.com/images/5Uc4aTJOQyjzSXC2vj0B5h/32ce96322eb17c65d9d1bcdc52c43985/l1952.png,GK,77,72,77,64,77,39,69,Right,185,85,EFL Championship
251517,Joško Gvardiol,https://ratings-images-prod.pulse.ea.com/FC25/full/player-portraits/p251517.png?padding=0.7,Croatia,10,https://drop-assets.ea.com/images/4ZYNK06L8ZkJTrdtSby4NW/eb42cc852fc74ea3d3f5b8904fb5194f/f_10.png,https://drop-assets.ea.com/images/4asmNLic4aQn6cjlEg1t5u/88bea3ddd6c1f620bbf813041f248685/l10.png,https://drop-assets.ea.com/images/4asmNLic4aQn6cjlEg1t5u/88bea3ddd6c1f620bbf813041f248685/l10.png,https://drop-assets.ea.com/images/4asmNLic4aQn6cjlEg1t5u/88bea3ddd6c1f620bbf813041f248685/l10.png,LB,78,78,78,75,78,84,82,Left,185,80,Premier League
225263,Duje Ćaleta-Car,https://ratings-images-prod.pulse.ea.com/FC25/full/player-portraits/p225263.png?padding=0.7,Croatia,10,https://drop-assets.ea.com/images/4ZYNK06L8ZkJTrdtSby4NW/eb42cc852fc74ea3d3f5b8904fb5194f/f_10.png,https://drop-assets.ea.com/images/2ohvULVVtNoXptjhNS2dLq/08d0f2d7ecfd9e0f43ce837a4e73d139/l457.png,https://drop-assets.ea.com/images/2ohvULVVtNoXptjhNS2dLq/08d0f2d7ecfd9e0f43ce837a4e73d139/l457.png,https://drop-assets.ea.com/images/2ohvULVVtNoXptjhNS2dLq/08d0f2d7ecfd9e0f43ce837a4e73d139/l457.png,CB,59,58,59,55,59,74,76,Right,192,89,LALIGA EA SPORTS
256325,Josip Šutalo,https://ratings-images-prod.pulse.ea.com/FC25/full/player-portraits/p256325.png?padding=0.7,Croatia,10,https://drop-assets.ea.com/images/4ZYNK06L8ZkJTrdtSby4NW/eb42cc852fc74ea3d3f5b8904fb5194f/f_10.png,,,,CB,72,77,72,62,72,78,80,Right,185,82,Eredivisie
250955,Josip Stanišić,https://ratings-images-prod.pulse.ea.com/FC25/full/player-portraits/p250955.png?padding=0.7,Croatia,10,https://drop-assets.ea.com/images/4ZYNK06L8ZkJTrdtSby4NW/eb42cc852fc74ea3d3f5b8904fb5194f/f_10.png,https://drop-assets.ea.com/images/3p0dv1pGWIH6lGAKZssZKH/4f70d2c5a3c147f3e006c863e85e4993/l21.png,https://drop-assets.ea.com/images/3p0dv1pGWIH6lGAKZssZKH/4f70d2c5a3c147f3e006c863e85e4993/l21.png,https://drop-assets.ea.com/images/3p0dv1pGWIH6lGAKZssZKH/4f70d2c5a3c147f3e006c863e85e4993/l21.png,CB,69,73,69,65,69,79,74,Right,187,77,Bundesliga
238370,Marin Pongračić,https://ratings-images-prod.pulse.ea.com/FC25/full/player-portraits/p238370.png?padding=0.7,Croatia,10,https://drop-assets.ea.com/images/4ZYNK06L8ZkJTrdtSby4NW/eb42cc852fc74ea3d3f5b8904fb5194f/f_10.png,https://drop-assets.ea.com/images/j2Zuc19dll43zq88V7CgZ/d2e748909a451985aed5a26b122a4d8f/l110374.png,https://drop-assets.ea.com/images/j2Zuc19dll43zq88V7CgZ/d2e748909a451985aed5a26b122a4d8f/l110374.png,https://drop-assets.ea.com/images/j2Zuc19dll43zq88V7CgZ/d2e748909a451985aed5a26b122a4d8f/l110374.png,CB,62,61,62,52,62,74,76,Right,193,85,Serie A Enilive
244456,Martin Erlić,https://ratings-images-prod.pulse.ea.com/FC25/full/player-portraits/p244456.png?padding=0.7,Croatia,10,https://drop-assets.ea.com/images/4ZYNK06L8ZkJTrdtSby4NW/eb42cc852fc74ea3d3f5b8904fb5194f/f_10.png,https://drop-assets.ea.com/images/3OQnXwNFwM3MRzQFROVSyX/44407183d4b263858ce9d6b2b5a50195/l1516.png,https://drop-assets.ea.com/images/3OQnXwNFwM3MRzQFROVSyX/44407183d4b263858ce9d6b2b5a50195/l1516.png,https://drop-assets.ea.com/images/3OQnXwNFwM3MRzQFROVSyX/44407183d4b263858ce9d6b2b5a50195/l1516.png,CB,53,56,53,46,53,73,72,Right,192,88,3F Superliga
275192,Luka Vušković,https://ratings-images-prod.pulse.ea.com/FC25/full/player-portraits/p275192.png?padding=0.7,Croatia,10,https://drop-assets.ea.com/images/4ZYNK06L8ZkJTrdtSby4NW/eb42cc852fc74ea3d3f5b8904fb5194f/f_10.png,https://drop-assets.ea.com/images/Vwj9mu65nCqScjLevwVoY/37cf47cedf66f85ed8078fe491b122a7/l28.png,https://drop-assets.ea.com/images/Vwj9mu65nCqScjLevwVoY/37cf47cedf66f85ed8078fe491b122a7/l28.png,https://drop-assets.ea.com/images/Vwj9mu65nCqScjLevwVoY/37cf47cedf66f85ed8078fe491b122a7/l28.png,CB,58,58,58,57,58,70,77,Right,193,86,Bundesliga
177003,Luka Modrić,https://ratings-images-prod.pulse.ea.com/FC25/full/player-portraits/p177003.png?padding=0.7,Croatia,10,https://drop-assets.ea.com/images/4ZYNK06L8ZkJTrdtSby4NW/eb42cc852fc74ea3d3f5b8904fb5194f/f_10.png,https://drop-assets.ea.com/images/6D3s1RlLRER3UOunC4Lofv/ec87a4178160a87521b0b7c688e7638e/l131681.png,https://drop-assets.ea.com/images/6D3s1RlLRER3UOunC4Lofv/ec87a4178160a87521b0b7c688e7638e/l131681.png,https://drop-assets.ea.com/images/6D3s1RlLRER3UOunC4Lofv/ec87a4178160a87521b0b7c688e7638e/l131681.png,CM,86,68,86,86,86,70,62,Right,172,67,Serie A Enilive
207410,Mateo Kovačić,https://ratings-images-prod.pulse.ea.com/FC25/full/player-portraits/p207410.png?padding=0.7,Croatia,10,https://drop-assets.ea.com/images/4ZYNK06L8ZkJTrdtSby4NW/eb42cc852fc74ea3d3f5b8904fb5194f/f_10.png,https://drop-assets.ea.com/images/4asmNLic4aQn6cjlEg1t5u/88bea3ddd6c1f620bbf813041f248685/l10.png,https://drop-assets.ea.com/images/4asmNLic4aQn6cjlEg1t5u/88bea3ddd6c1f620bbf813041f248685/l10.png,https://drop-assets.ea.com/images/4asmNLic4aQn6cjlEg1t5u/88bea3ddd6c1f620bbf813041f248685/l10.png,CM,83,67,83,81,83,73,72,Right,178,77,Premier League
223273,Mario Pašalić,https://ratings-images-prod.pulse.ea.com/FC25/full/player-portraits/p223273.png?padding=0.7,Croatia,10,https://drop-assets.ea.com/images/4ZYNK06L8ZkJTrdtSby4NW/eb42cc852fc74ea3d3f5b8904fb5194f/f_10.png,https://drop-assets.ea.com/images/19gWEcyonp2fvk02MNHZOA/83b82283fc62f7010b529a53a0724eee/l115845.png,https://drop-assets.ea.com/images/19gWEcyonp2fvk02MNHZOA/83b82283fc62f7010b529a53a0724eee/l115845.png,https://drop-assets.ea.com/images/19gWEcyonp2fvk02MNHZOA/83b82283fc62f7010b529a53a0724eee/l115845.png,CM,81,69,81,77,81,67,76,Right,186,80,Serie A Enilive
241095,Nikola Vlašić,https://ratings-images-prod.pulse.ea.com/FC25/full/player-portraits/p241095.png?padding=0.7,Croatia,10,https://drop-assets.ea.com/images/4ZYNK06L8ZkJTrdtSby4NW/eb42cc852fc74ea3d3f5b8904fb5194f/f_10.png,https://drop-assets.ea.com/images/hSLWPIkJFJBzTMyk85qej/40d38d4675390d6677c4f17dddae5627/l54.png,https://drop-assets.ea.com/images/hSLWPIkJFJBzTMyk85qej/40d38d4675390d6677c4f17dddae5627/l54.png,https://drop-assets.ea.com/images/hSLWPIkJFJBzTMyk85qej/40d38d4675390d6677c4f17dddae5627/l54.png,CAM,81,74,81,76,81,57,70,Right,179,79,Serie A Enilive
258775,Luka Sučić,https://ratings-images-prod.pulse.ea.com/FC25/full/player-portraits/p258775.png?padding=0.7,Croatia,10,https://drop-assets.ea.com/images/4ZYNK06L8ZkJTrdtSby4NW/eb42cc852fc74ea3d3f5b8904fb5194f/f_10.png,https://drop-assets.ea.com/images/2ohvULVVtNoXptjhNS2dLq/08d0f2d7ecfd9e0f43ce837a4e73d139/l457.png,https://drop-assets.ea.com/images/2ohvULVVtNoXptjhNS2dLq/08d0f2d7ecfd9e0f43ce837a4e73d139/l457.png,https://drop-assets.ea.com/images/2ohvULVVtNoXptjhNS2dLq/08d0f2d7ecfd9e0f43ce837a4e73d139/l457.png,CM,77,76,77,78,77,68,72,Left,185,71,LALIGA EA SPORTS
262842,Martin Baturina,https://ratings-images-prod.pulse.ea.com/FC25/full/player-portraits/p262842.png?padding=0.7,Croatia,10,https://drop-assets.ea.com/images/4ZYNK06L8ZkJTrdtSby4NW/eb42cc852fc74ea3d3f5b8904fb5194f/f_10.png,https://drop-assets.ea.com/images/3y8mulzaICjwfi7inFVld2/ec9c71566982f8df59f26e81745143ec/l1745.png,https://drop-assets.ea.com/images/3y8mulzaICjwfi7inFVld2/ec9c71566982f8df59f26e81745143ec/l1745.png,https://drop-assets.ea.com/images/3y8mulzaICjwfi7inFVld2/ec9c71566982f8df59f26e81745143ec/l1745.png,CAM,83,77,83,78,83,59,66,Right,172,68,Serie A Enilive
257889,Kristijan Jakić,https://ratings-images-prod.pulse.ea.com/FC25/full/player-portraits/p257889.png?padding=0.7,Croatia,10,https://drop-assets.ea.com/images/4ZYNK06L8ZkJTrdtSby4NW/eb42cc852fc74ea3d3f5b8904fb5194f/f_10.png,https://drop-assets.ea.com/images/1LMXVBp9QlIruHH6OejXOw/97f61074046861f13beaf6216a07edb5/l100409.png,https://drop-assets.ea.com/images/1LMXVBp9QlIruHH6OejXOw/97f61074046861f13beaf6216a07edb5/l100409.png,https://drop-assets.ea.com/images/1LMXVBp9QlIruHH6OejXOw/97f61074046861f13beaf6216a07edb5/l100409.png,CDM,68,72,68,65,68,76,80,Right,181,75,Bundesliga
276278,Petar Sučić,https://ratings-images-prod.pulse.ea.com/FC25/full/player-portraits/p276278.png?padding=0.7,Croatia,10,https://drop-assets.ea.com/images/4ZYNK06L8ZkJTrdtSby4NW/eb42cc852fc74ea3d3f5b8904fb5194f/f_10.png,https://drop-assets.ea.com/images/1thPMvXN97JgFvt6ASWr4c/d2ca0a691a98c344305bc0975ab70314/l131682.png,https://drop-assets.ea.com/images/1thPMvXN97JgFvt6ASWr4c/d2ca0a691a98c344305bc0975ab70314/l131682.png,https://drop-assets.ea.com/images/1thPMvXN97JgFvt6ASWr4c/d2ca0a691a98c344305bc0975ab70314/l131682.png,CM,77,69,77,72,77,61,74,Right,183,76,Serie A Enilive
244270,Nikola Moro,https://ratings-images-prod.pulse.ea.com/FC25/full/player-portraits/p244270.png?padding=0.7,Croatia,10,https://drop-assets.ea.com/images/4ZYNK06L8ZkJTrdtSby4NW/eb42cc852fc74ea3d3f5b8904fb5194f/f_10.png,https://drop-assets.ea.com/images/46WRpnCKdCAJlQHuRwlxXF/a7ac6606d8a808d382d4dd5c484eb60e/l189.png,https://drop-assets.ea.com/images/46WRpnCKdCAJlQHuRwlxXF/a7ac6606d8a808d382d4dd5c484eb60e/l189.png,https://drop-assets.ea.com/images/46WRpnCKdCAJlQHuRwlxXF/a7ac6606d8a808d382d4dd5c484eb60e/l189.png,CDM,73,66,73,74,73,70,72,Right,184,78,Serie A Enilive
fm_24057535,Toni Fruk,//img.fminside.net/facesfm26/24057535.png,Croatia,,https://img.fminside.net/flag-svg/hr.svg,HNK Rijeka,441,//img.fminside.net/logos/Men/Clubs/Normal/441.png,AMC,74,53,74,74,74,27,52,Right,178,73,Prva HNL
181458,Ivan Perišić,https://ratings-images-prod.pulse.ea.com/FC25/full/player-portraits/p181458.png?padding=0.7,Croatia,10,https://drop-assets.ea.com/images/4ZYNK06L8ZkJTrdtSby4NW/eb42cc852fc74ea3d3f5b8904fb5194f/f_10.png,,,,RW,79,75,79,81,79,69,75,Right,186,80,Eredivisie
216354,Andrej Kramarić,https://ratings-images-prod.pulse.ea.com/FC25/full/player-portraits/p216354.png?padding=0.7,Croatia,10,https://drop-assets.ea.com/images/4ZYNK06L8ZkJTrdtSby4NW/eb42cc852fc74ea3d3f5b8904fb5194f/f_10.png,https://drop-assets.ea.com/images/1ylwMQ1ia5SGcXYoIKhtdK/b24a8fed6fb30e01ea3fd15184b0046c/l10029.png,https://drop-assets.ea.com/images/1ylwMQ1ia5SGcXYoIKhtdK/b24a8fed6fb30e01ea3fd15184b0046c/l10029.png,https://drop-assets.ea.com/images/1ylwMQ1ia5SGcXYoIKhtdK/b24a8fed6fb30e01ea3fd15184b0046c/l10029.png,CAM,84,67,84,78,84,33,73,Right,177,73,Bundesliga
188335,Ante Budimir,https://ratings-images-prod.pulse.ea.com/FC25/full/player-portraits/p188335.png?padding=0.7,Croatia,10,https://drop-assets.ea.com/images/4ZYNK06L8ZkJTrdtSby4NW/eb42cc852fc74ea3d3f5b8904fb5194f/f_10.png,https://drop-assets.ea.com/images/5T0gPuxPGVG3BLEP9wYxLx/8be8ef52e215bc47956d1084f702409d/l479.png,https://drop-assets.ea.com/images/5T0gPuxPGVG3BLEP9wYxLx/8be8ef52e215bc47956d1084f702409d/l479.png,https://drop-assets.ea.com/images/5T0gPuxPGVG3BLEP9wYxLx/8be8ef52e215bc47956d1084f702409d/l479.png,ST,76,59,76,63,76,35,80,Left,190,75,LALIGA EA SPORTS
262740,Marco Pašalić,https://ratings-images-prod.pulse.ea.com/FC25/full/player-portraits/p262740.png?padding=0.7,Croatia,10,https://drop-assets.ea.com/images/4ZYNK06L8ZkJTrdtSby4NW/eb42cc852fc74ea3d3f5b8904fb5194f/f_10.png,https://drop-assets.ea.com/images/2v0SzLTlk8reZAYV0kDrAH/39d28af286ec356ed9f70e279cf3ac22/l112606.png,https://drop-assets.ea.com/images/2v0SzLTlk8reZAYV0kDrAH/39d28af286ec356ed9f70e279cf3ac22/l112606.png,https://drop-assets.ea.com/images/2v0SzLTlk8reZAYV0kDrAH/39d28af286ec356ed9f70e279cf3ac22/l112606.png,RM,75,76,75,67,75,35,56,Left,177,74,MLS
244797,Petar Musa,https://ratings-images-prod.pulse.ea.com/FC25/full/player-portraits/p244797.png?padding=0.7,Croatia,10,https://drop-assets.ea.com/images/4ZYNK06L8ZkJTrdtSby4NW/eb42cc852fc74ea3d3f5b8904fb5194f/f_10.png,https://drop-assets.ea.com/images/2CowojBwwfe8I0tl2xDyEg/251f5781f470875f502bb8e708e1d5e5/l695.png,https://drop-assets.ea.com/images/2CowojBwwfe8I0tl2xDyEg/251f5781f470875f502bb8e708e1d5e5/l695.png,https://drop-assets.ea.com/images/2CowojBwwfe8I0tl2xDyEg/251f5781f470875f502bb8e708e1d5e5/l695.png,ST,71,82,71,61,71,41,81,Right,190,82,MLS
259750,Igor Matanović,https://ratings-images-prod.pulse.ea.com/FC25/full/player-portraits/p259750.png?padding=0.7,Croatia,10,https://drop-assets.ea.com/images/4ZYNK06L8ZkJTrdtSby4NW/eb42cc852fc74ea3d3f5b8904fb5194f/f_10.png,https://drop-assets.ea.com/images/TnclXkBIoI1MtJBmRvObq/83167db02b49b274917cec5814510b79/l25.png,https://drop-assets.ea.com/images/TnclXkBIoI1MtJBmRvObq/83167db02b49b274917cec5814510b79/l25.png,https://drop-assets.ea.com/images/TnclXkBIoI1MtJBmRvObq/83167db02b49b274917cec5814510b79/l25.png,ST,67,68,67,55,67,34,74,Right,194,90,Bundesliga
204935,Jordan Pickford,https://ratings-images-prod.pulse.ea.com/FC25/full/player-portraits/p204935.png?padding=0.7,England,14,https://drop-assets.ea.com/images/6ZM1OFXGUFeV0ZaYVKj2z/ae88ef17f8cb179fbc1c463f7e1e4bd8/f_14.png,https://drop-assets.ea.com/images/6Cth6wtCt1i37ZjPMZKIm3/4c68def58bf71a34afa1870cad4d5cfe/l7.png,https://drop-assets.ea.com/images/6Cth6wtCt1i37ZjPMZKIm3/4c68def58bf71a34afa1870cad4d5cfe/l7.png,https://drop-assets.ea.com/images/6Cth6wtCt1i37ZjPMZKIm3/4c68def58bf71a34afa1870cad4d5cfe/l7.png,GK,87,84,87,88,87,53,81,Left,185,77,Premier League
233306,Dean Henderson,https://ratings-images-prod.pulse.ea.com/FC25/full/player-portraits/p233306.png?padding=0.7,England,14,https://drop-assets.ea.com/images/6ZM1OFXGUFeV0ZaYVKj2z/ae88ef17f8cb179fbc1c463f7e1e4bd8/f_14.png,https://drop-assets.ea.com/images/6j7pLWl2t3yl13bu6Y9s5K/91a346d14011a610d95ec956816b6a38/l1799.png,https://drop-assets.ea.com/images/6j7pLWl2t3yl13bu6Y9s5K/91a346d14011a610d95ec956816b6a38/l1799.png,https://drop-assets.ea.com/images/6j7pLWl2t3yl13bu6Y9s5K/91a346d14011a610d95ec956816b6a38/l1799.png,GK,82,82,82,77,82,55,80,Right,188,85,Premier League
263063,James Trafford,https://ratings-images-prod.pulse.ea.com/FC25/full/player-portraits/p263063.png?padding=0.7,England,14,https://drop-assets.ea.com/images/6ZM1OFXGUFeV0ZaYVKj2z/ae88ef17f8cb179fbc1c463f7e1e4bd8/f_14.png,https://drop-assets.ea.com/images/4asmNLic4aQn6cjlEg1t5u/88bea3ddd6c1f620bbf813041f248685/l10.png,https://drop-assets.ea.com/images/4asmNLic4aQn6cjlEg1t5u/88bea3ddd6c1f620bbf813041f248685/l10.png,https://drop-assets.ea.com/images/4asmNLic4aQn6cjlEg1t5u/88bea3ddd6c1f620bbf813041f248685/l10.png,GK,78,77,78,72,78,53,74,Right,192,90,Premier League
203574,John Stones,https://ratings-images-prod.pulse.ea.com/FC25/full/player-portraits/p203574.png?padding=0.7,England,14,https://drop-assets.ea.com/images/6ZM1OFXGUFeV0ZaYVKj2z/ae88ef17f8cb179fbc1c463f7e1e4bd8/f_14.png,https://drop-assets.ea.com/images/4asmNLic4aQn6cjlEg1t5u/88bea3ddd6c1f620bbf813041f248685/l10.png,https://drop-assets.ea.com/images/4asmNLic4aQn6cjlEg1t5u/88bea3ddd6c1f620bbf813041f248685/l10.png,https://drop-assets.ea.com/images/4asmNLic4aQn6cjlEg1t5u/88bea3ddd6c1f620bbf813041f248685/l10.png,CB,75,64,75,74,75,84,72,Right,188,80,Premier League
241159,Marc Guéhi,https://ratings-images-prod.pulse.ea.com/FC25/full/player-portraits/p241159.png?padding=0.7,England,14,https://drop-assets.ea.com/images/6ZM1OFXGUFeV0ZaYVKj2z/ae88ef17f8cb179fbc1c463f7e1e4bd8/f_14.png,https://drop-assets.ea.com/images/6j7pLWl2t3yl13bu6Y9s5K/91a346d14011a610d95ec956816b6a38/l1799.png,https://drop-assets.ea.com/images/6j7pLWl2t3yl13bu6Y9s5K/91a346d14011a610d95ec956816b6a38/l1799.png,https://drop-assets.ea.com/images/6j7pLWl2t3yl13bu6Y9s5K/91a346d14011a610d95ec956816b6a38/l1799.png,CB,73,69,73,69,73,83,78,Right,182,82,Premier League
238074,Reece James,https://ratings-images-prod.pulse.ea.com/FC25/full/player-portraits/p238074.png?padding=0.7,England,14,https://drop-assets.ea.com/images/6ZM1OFXGUFeV0ZaYVKj2z/ae88ef17f8cb179fbc1c463f7e1e4bd8/f_14.png,https://drop-assets.ea.com/images/6T0vfhzb3y9R6YVtmVwYcD/b99723a87536e30979c7cbdb8bba9310/l5.png,https://drop-assets.ea.com/images/6T0vfhzb3y9R6YVtmVwYcD/b99723a87536e30979c7cbdb8bba9310/l5.png,https://drop-assets.ea.com/images/6T0vfhzb3y9R6YVtmVwYcD/b99723a87536e30979c7cbdb8bba9310/l5.png,RB,77,76,77,82,77,81,81,Right,180,91,Premier League
227678,Ezri Konsa,https://ratings-images-prod.pulse.ea.com/FC25/full/player-portraits/p227678.png?padding=0.7,England,14,https://drop-assets.ea.com/images/6ZM1OFXGUFeV0ZaYVKj2z/ae88ef17f8cb179fbc1c463f7e1e4bd8/f_14.png,https://drop-assets.ea.com/images/57c0ppYsEA88xL0gxqce8K/99605df97c6a96ea3b6e8a424c217af0/l2.png,https://drop-assets.ea.com/images/57c0ppYsEA88xL0gxqce8K/99605df97c6a96ea3b6e8a424c217af0/l2.png,https://drop-assets.ea.com/images/57c0ppYsEA88xL0gxqce8K/99605df97c6a96ea3b6e8a424c217af0/l2.png,CB,75,75,75,71,75,84,78,Right,183,77,Premier League
198032,Dan Burn,https://ratings-images-prod.pulse.ea.com/FC25/full/player-portraits/p198032.png?padding=0.7,England,14,https://drop-assets.ea.com/images/6ZM1OFXGUFeV0ZaYVKj2z/ae88ef17f8cb179fbc1c463f7e1e4bd8/f_14.png,https://drop-assets.ea.com/images/69fXoaX4p9zFwKaZYoNtNX/14d86649a9b5a3f7e876cc3d46357b5d/l13.png,https://drop-assets.ea.com/images/69fXoaX4p9zFwKaZYoNtNX/14d86649a9b5a3f7e876cc3d46357b5d/l13.png,https://drop-assets.ea.com/images/69fXoaX4p9zFwKaZYoNtNX/14d86649a9b5a3f7e876cc3d46357b5d/l13.png,CB,64,42,64,67,64,79,85,Left,201,104,Premier League
262118,Tino Livramento,https://ratings-images-prod.pulse.ea.com/FC25/full/player-portraits/p262118.png?padding=0.7,England,14,https://drop-assets.ea.com/images/6ZM1OFXGUFeV0ZaYVKj2z/ae88ef17f8cb179fbc1c463f7e1e4bd8/f_14.png,https://drop-assets.ea.com/images/69fXoaX4p9zFwKaZYoNtNX/14d86649a9b5a3f7e876cc3d46357b5d/l13.png,https://drop-assets.ea.com/images/69fXoaX4p9zFwKaZYoNtNX/14d86649a9b5a3f7e876cc3d46357b5d/l13.png,https://drop-assets.ea.com/images/69fXoaX4p9zFwKaZYoNtNX/14d86649a9b5a3f7e876cc3d46357b5d/l13.png,RB,78,82,78,72,78,76,74,Right,181,71,Premier League
243702,Djed Spence,https://ratings-images-prod.pulse.ea.com/FC25/full/player-portraits/p243702.png?padding=0.7,England,14,https://drop-assets.ea.com/images/6ZM1OFXGUFeV0ZaYVKj2z/ae88ef17f8cb179fbc1c463f7e1e4bd8/f_14.png,https://drop-assets.ea.com/images/7kUcyCh5xGrzQlcjP2Q9NH/11aba507486f44765ee5938b1b5b097e/l18.png,https://drop-assets.ea.com/images/7kUcyCh5xGrzQlcjP2Q9NH/11aba507486f44765ee5938b1b5b097e/l18.png,https://drop-assets.ea.com/images/7kUcyCh5xGrzQlcjP2Q9NH/11aba507486f44765ee5938b1b5b097e/l18.png,RB,79,88,79,71,79,74,72,Right,184,71,Premier League
277427,Nico O'Reilly,https://ratings-images-prod.pulse.ea.com/FC25/full/player-portraits/p277427.png?padding=0.7,England,14,https://drop-assets.ea.com/images/6ZM1OFXGUFeV0ZaYVKj2z/ae88ef17f8cb179fbc1c463f7e1e4bd8/f_14.png,https://drop-assets.ea.com/images/4asmNLic4aQn6cjlEg1t5u/88bea3ddd6c1f620bbf813041f248685/l10.png,https://drop-assets.ea.com/images/4asmNLic4aQn6cjlEg1t5u/88bea3ddd6c1f620bbf813041f248685/l10.png,https://drop-assets.ea.com/images/4asmNLic4aQn6cjlEg1t5u/88bea3ddd6c1f620bbf813041f248685/l10.png,LB,73,73,73,72,73,69,70,Left,193,77,Premier League
273651,Jarell Quansah,https://ratings-images-prod.pulse.ea.com/FC25/full/player-portraits/p273651.png?padding=0.7,England,14,https://drop-assets.ea.com/images/6ZM1OFXGUFeV0ZaYVKj2z/ae88ef17f8cb179fbc1c463f7e1e4bd8/f_14.png,https://drop-assets.ea.com/images/mGqQw1um1ucUAshcK0Eop/9c7fe656f526c98b217ff2a052377b5c/l32.png,https://drop-assets.ea.com/images/mGqQw1um1ucUAshcK0Eop/9c7fe656f526c98b217ff2a052377b5c/l32.png,https://drop-assets.ea.com/images/mGqQw1um1ucUAshcK0Eop/9c7fe656f526c98b217ff2a052377b5c/l32.png,CB,68,70,68,59,68,74,75,Right,190,80,Bundesliga
183711,Jordan Henderson,https://ratings-images-prod.pulse.ea.com/FC25/full/player-portraits/p183711.png?padding=0.7,England,14,https://drop-assets.ea.com/images/6ZM1OFXGUFeV0ZaYVKj2z/ae88ef17f8cb179fbc1c463f7e1e4bd8/f_14.png,https://drop-assets.ea.com/images/3UCvZhjBB0odWNL0OPusuK/1de0f5b97a2e137201670df2cf09e1a5/l1925.png,https://drop-assets.ea.com/images/3UCvZhjBB0odWNL0OPusuK/1de0f5b97a2e137201670df2cf09e1a5/l1925.png,https://drop-assets.ea.com/images/3UCvZhjBB0odWNL0OPusuK/1de0f5b97a2e137201670df2cf09e1a5/l1925.png,CDM,74,65,74,80,74,75,77,Right,182,80,Premier League
234378,Declan Rice,https://ratings-images-prod.pulse.ea.com/FC25/full/player-portraits/p234378.png?padding=0.7,England,14,https://drop-assets.ea.com/images/6ZM1OFXGUFeV0ZaYVKj2z/ae88ef17f8cb179fbc1c463f7e1e4bd8/f_14.png,https://drop-assets.ea.com/images/2ng99bvkwKaA228PJje39i/09d2df89a78377d3f8d3f78469cbadc9/l1.png,https://drop-assets.ea.com/images/2ng99bvkwKaA228PJje39i/09d2df89a78377d3f8d3f78469cbadc9/l1.png,https://drop-assets.ea.com/images/2ng99bvkwKaA228PJje39i/09d2df89a78377d3f8d3f78469cbadc9/l1.png,CDM,80,72,80,84,80,83,83,Right,185,80,Premier League
252371,Jude Bellingham,https://ratings-images-prod.pulse.ea.com/FC25/full/player-portraits/p252371.png?padding=0.7,England,14,https://drop-assets.ea.com/images/6ZM1OFXGUFeV0ZaYVKj2z/ae88ef17f8cb179fbc1c463f7e1e4bd8/f_14.png,https://drop-assets.ea.com/images/Pk8nYrWuRt895RlhJx8jI/445d98b711f413a3a1e70c41b19b0f95/l243.png,https://drop-assets.ea.com/images/Pk8nYrWuRt895RlhJx8jI/445d98b711f413a3a1e70c41b19b0f95/l243.png,https://drop-assets.ea.com/images/Pk8nYrWuRt895RlhJx8jI/445d98b711f413a3a1e70c41b19b0f95/l243.png,CAM,90,80,90,83,90,78,85,Right,186,75,LALIGA EA SPORTS
260247,Morgan Rogers,https://ratings-images-prod.pulse.ea.com/FC25/full/player-portraits/p260247.png?padding=0.7,England,14,https://drop-assets.ea.com/images/6ZM1OFXGUFeV0ZaYVKj2z/ae88ef17f8cb179fbc1c463f7e1e4bd8/f_14.png,https://drop-assets.ea.com/images/57c0ppYsEA88xL0gxqce8K/99605df97c6a96ea3b6e8a424c217af0/l2.png,https://drop-assets.ea.com/images/57c0ppYsEA88xL0gxqce8K/99605df97c6a96ea3b6e8a424c217af0/l2.png,https://drop-assets.ea.com/images/57c0ppYsEA88xL0gxqce8K/99605df97c6a96ea3b6e8a424c217af0/l2.png,CAM,84,77,84,79,84,67,79,Right,188,80,Premier League
269136,Kobbie Mainoo,https://ratings-images-prod.pulse.ea.com/FC25/full/player-portraits/p269136.png?padding=0.7,England,14,https://drop-assets.ea.com/images/6ZM1OFXGUFeV0ZaYVKj2z/ae88ef17f8cb179fbc1c463f7e1e4bd8/f_14.png,https://drop-assets.ea.com/images/5xxJeUfFY6FEQZEJyJK35/990979becf88b88ecb6461dc441c2ebf/l11.png,https://drop-assets.ea.com/images/5xxJeUfFY6FEQZEJyJK35/990979becf88b88ecb6461dc441c2ebf/l11.png,https://drop-assets.ea.com/images/5xxJeUfFY6FEQZEJyJK35/990979becf88b88ecb6461dc441c2ebf/l11.png,CM,81,68,81,74,81,73,74,Right,181,80,Premier League
254243,Elliot Anderson,https://ratings-images-prod.pulse.ea.com/FC25/full/player-portraits/p254243.png?padding=0.7,England,14,https://drop-assets.ea.com/images/6ZM1OFXGUFeV0ZaYVKj2z/ae88ef17f8cb179fbc1c463f7e1e4bd8/f_14.png,https://drop-assets.ea.com/images/60CgBQCMt7Dtcjip9xUxg8/5fa49387c380bf4772138b215ef4fd85/l14.png,https://drop-assets.ea.com/images/60CgBQCMt7Dtcjip9xUxg8/5fa49387c380bf4772138b215ef4fd85/l14.png,https://drop-assets.ea.com/images/60CgBQCMt7Dtcjip9xUxg8/5fa49387c380bf4772138b215ef4fd85/l14.png,CDM,81,71,81,79,81,77,78,Right,179,71,Premier League
202126,Harry Kane,https://ratings-images-prod.pulse.ea.com/FC25/full/player-portraits/p202126.png?padding=0.7,England,14,https://drop-assets.ea.com/images/6ZM1OFXGUFeV0ZaYVKj2z/ae88ef17f8cb179fbc1c463f7e1e4bd8/f_14.png,https://drop-assets.ea.com/images/3p0dv1pGWIH6lGAKZssZKH/4f70d2c5a3c147f3e006c863e85e4993/l21.png,https://drop-assets.ea.com/images/3p0dv1pGWIH6lGAKZssZKH/4f70d2c5a3c147f3e006c863e85e4993/l21.png,https://drop-assets.ea.com/images/3p0dv1pGWIH6lGAKZssZKH/4f70d2c5a3c147f3e006c863e85e4993/l21.png,ST,82,64,82,83,82,48,82,Right,188,86,Bundesliga
231677,Marcus Rashford,https://ratings-images-prod.pulse.ea.com/FC25/full/player-portraits/p231677.png?padding=0.7,England,14,https://drop-assets.ea.com/images/6ZM1OFXGUFeV0ZaYVKj2z/ae88ef17f8cb179fbc1c463f7e1e4bd8/f_14.png,https://drop-assets.ea.com/images/5VXhqALaBzgvb2YG8iJxlq/990024f3e3ecc9e6c37eae41ebef86bd/l241.png,https://drop-assets.ea.com/images/5VXhqALaBzgvb2YG8iJxlq/990024f3e3ecc9e6c37eae41ebef86bd/l241.png,https://drop-assets.ea.com/images/5VXhqALaBzgvb2YG8iJxlq/990024f3e3ecc9e6c37eae41ebef86bd/l241.png,LM,80,87,80,77,80,33,63,Right,186,70,LALIGA EA SPORTS
246669,Bukayo Saka,https://ratings-images-prod.pulse.ea.com/FC25/full/player-portraits/p246669.png?padding=0.7,England,14,https://drop-assets.ea.com/images/6ZM1OFXGUFeV0ZaYVKj2z/ae88ef17f8cb179fbc1c463f7e1e4bd8/f_14.png,https://drop-assets.ea.com/images/2ng99bvkwKaA228PJje39i/09d2df89a78377d3f8d3f78469cbadc9/l1.png,https://drop-assets.ea.com/images/2ng99bvkwKaA228PJje39i/09d2df89a78377d3f8d3f78469cbadc9/l1.png,https://drop-assets.ea.com/images/2ng99bvkwKaA228PJje39i/09d2df89a78377d3f8d3f78469cbadc9/l1.png,RW,88,84,88,85,88,60,73,Left,178,65,Premier League
221697,Ollie Watkins,https://ratings-images-prod.pulse.ea.com/FC25/full/player-portraits/p221697.png?padding=0.7,England,14,https://drop-assets.ea.com/images/6ZM1OFXGUFeV0ZaYVKj2z/ae88ef17f8cb179fbc1c463f7e1e4bd8/f_14.png,https://drop-assets.ea.com/images/57c0ppYsEA88xL0gxqce8K/99605df97c6a96ea3b6e8a424c217af0/l2.png,https://drop-assets.ea.com/images/57c0ppYsEA88xL0gxqce8K/99605df97c6a96ea3b6e8a424c217af0/l2.png,https://drop-assets.ea.com/images/57c0ppYsEA88xL0gxqce8K/99605df97c6a96ea3b6e8a424c217af0/l2.png,ST,80,77,80,73,80,50,80,Right,180,70,Premier League
242964,Anthony Gordon,https://ratings-images-prod.pulse.ea.com/FC25/full/player-portraits/p242964.png?padding=0.7,England,14,https://drop-assets.ea.com/images/6ZM1OFXGUFeV0ZaYVKj2z/ae88ef17f8cb179fbc1c463f7e1e4bd8/f_14.png,https://drop-assets.ea.com/images/69fXoaX4p9zFwKaZYoNtNX/14d86649a9b5a3f7e876cc3d46357b5d/l13.png,https://drop-assets.ea.com/images/69fXoaX4p9zFwKaZYoNtNX/14d86649a9b5a3f7e876cc3d46357b5d/l13.png,https://drop-assets.ea.com/images/69fXoaX4p9zFwKaZYoNtNX/14d86649a9b5a3f7e876cc3d46357b5d/l13.png,LW,83,91,83,78,83,50,71,Right,183,72,Premier League
235794,Eberechi Eze,https://ratings-images-prod.pulse.ea.com/FC25/full/player-portraits/p235794.png?padding=0.7,England,14,https://drop-assets.ea.com/images/6ZM1OFXGUFeV0ZaYVKj2z/ae88ef17f8cb179fbc1c463f7e1e4bd8/f_14.png,https://drop-assets.ea.com/images/2ng99bvkwKaA228PJje39i/09d2df89a78377d3f8d3f78469cbadc9/l1.png,https://drop-assets.ea.com/images/2ng99bvkwKaA228PJje39i/09d2df89a78377d3f8d3f78469cbadc9/l1.png,https://drop-assets.ea.com/images/2ng99bvkwKaA228PJje39i/09d2df89a78377d3f8d3f78469cbadc9/l1.png,CAM,87,74,87,81,87,50,68,Right,178,67,Premier League
254796,Noni Madueke,https://ratings-images-prod.pulse.ea.com/FC25/full/player-portraits/p254796.png?padding=0.7,England,14,https://drop-assets.ea.com/images/6ZM1OFXGUFeV0ZaYVKj2z/ae88ef17f8cb179fbc1c463f7e1e4bd8/f_14.png,https://drop-assets.ea.com/images/2ng99bvkwKaA228PJje39i/09d2df89a78377d3f8d3f78469cbadc9/l1.png,https://drop-assets.ea.com/images/2ng99bvkwKaA228PJje39i/09d2df89a78377d3f8d3f78469cbadc9/l1.png,https://drop-assets.ea.com/images/2ng99bvkwKaA228PJje39i/09d2df89a78377d3f8d3f78469cbadc9/l1.png,RW,83,88,83,74,83,45,69,Left,182,75,Premier League
212228,Ivan Toney,https://ratings-images-prod.pulse.ea.com/FC25/full/player-portraits/p212228.png?padding=0.7,England,14,https://drop-assets.ea.com/images/6ZM1OFXGUFeV0ZaYVKj2z/ae88ef17f8cb179fbc1c463f7e1e4bd8/f_14.png,https://drop-assets.ea.com/images/3lVk0osL7o6YMhHuK4YYD6/5e106847b59ce2a4f0bfb55988d812c3/l112387.png,https://drop-assets.ea.com/images/3lVk0osL7o6YMhHuK4YYD6/5e106847b59ce2a4f0bfb55988d812c3/l112387.png,https://drop-assets.ea.com/images/3lVk0osL7o6YMhHuK4YYD6/5e106847b59ce2a4f0bfb55988d812c3/l112387.png,ST,75,78,75,71,75,51,81,Right,187,76,ROSHN Saudi League
229956,Lawrence Ati-Zigi,https://ratings-images-prod.pulse.ea.com/FC25/full/player-portraits/p229956.png?padding=0.7,Ghana,117,https://drop-assets.ea.com/images/64fYElRtof03DcI6oxno1D/1a2b0686d9693e59b832c3d06a737109/f_117.png,https://drop-assets.ea.com/images/6oXijy08x7AduhQ0MgtVF/86a7b32e91f403572eedac635fac0ba9/l898.png,https://drop-assets.ea.com/images/6oXijy08x7AduhQ0MgtVF/86a7b32e91f403572eedac635fac0ba9/l898.png,https://drop-assets.ea.com/images/6oXijy08x7AduhQ0MgtVF/86a7b32e91f403572eedac635fac0ba9/l898.png,GK,74,72,74,66,74,40,73,Right,188,87,Brack Super League
fm_2000118883,Benjamin Asare,//img.fminside.net/facesfm26/2000118883.png,Ghana,,https://img.fminside.net/flag-svg/gh.svg,Hearts of Oak,1104147,//img.fminside.net/logos/Men/Clubs/Normal/1104147.png,GK,45,53,45,54,45,54,43,Right,188,83,Premier League
244191,Joseph Anang,https://ratings-images-prod.pulse.ea.com/FC25/full/player-portraits/p244191.png?padding=0.7,Ghana,117,https://drop-assets.ea.com/images/64fYElRtof03DcI6oxno1D/1a2b0686d9693e59b832c3d06a737109/f_117.png,https://drop-assets.ea.com/images/2Ql5IGkxsDhe86OyJLPS18/0e6a6bf3964d01fa9e8b24c15a0a0ba7/l423.png,https://drop-assets.ea.com/images/2Ql5IGkxsDhe86OyJLPS18/0e6a6bf3964d01fa9e8b24c15a0a0ba7/l423.png,https://drop-assets.ea.com/images/2Ql5IGkxsDhe86OyJLPS18/0e6a6bf3964d01fa9e8b24c15a0a0ba7/l423.png,GK,68,67,68,66,68,33,65,Right,190,72,SSE Airtricity PD
209620,Abdul Rahman Baba,https://ratings-images-prod.pulse.ea.com/FC25/full/player-portraits/p209620.png?padding=0.7,Ghana,117,https://drop-assets.ea.com/images/64fYElRtof03DcI6oxno1D/1a2b0686d9693e59b832c3d06a737109/f_117.png,https://drop-assets.ea.com/images/5goZMQS107pyc49zxrozAC/509a07a4d44e6315d1e5f6d556485f05/l393.png,https://drop-assets.ea.com/images/5goZMQS107pyc49zxrozAC/509a07a4d44e6315d1e5f6d556485f05/l393.png,https://drop-assets.ea.com/images/5goZMQS107pyc49zxrozAC/509a07a4d44e6315d1e5f6d556485f05/l393.png,LB,74,77,74,69,74,72,78,Left,180,73,Hellas Liga
247124,Gideon Mensah,https://ratings-images-prod.pulse.ea.com/FC25/full/player-portraits/p247124.png?padding=0.7,Ghana,117,https://drop-assets.ea.com/images/64fYElRtof03DcI6oxno1D/1a2b0686d9693e59b832c3d06a737109/f_117.png,https://drop-assets.ea.com/images/1bqZtPlVC4DJC6d0eJ3wF3/d7b36902b29fff13d5cccba0d2b3ef21/l57.png,https://drop-assets.ea.com/images/1bqZtPlVC4DJC6d0eJ3wF3/d7b36902b29fff13d5cccba0d2b3ef21/l57.png,https://drop-assets.ea.com/images/1bqZtPlVC4DJC6d0eJ3wF3/d7b36902b29fff13d5cccba0d2b3ef21/l57.png,LB,72,76,72,65,72,68,67,Left,178,64,Ligue 1 McDonald's
257946,Alidu Seidu,https://ratings-images-prod.pulse.ea.com/FC25/full/player-portraits/p257946.png?padding=0.7,Ghana,117,https://drop-assets.ea.com/images/64fYElRtof03DcI6oxno1D/1a2b0686d9693e59b832c3d06a737109/f_117.png,https://drop-assets.ea.com/images/7CHlTnryGZyOatI2WOFXiP/def56f5b08c456e671d09d3a47cc327b/l74.png,https://drop-assets.ea.com/images/7CHlTnryGZyOatI2WOFXiP/def56f5b08c456e671d09d3a47cc327b/l74.png,https://drop-assets.ea.com/images/7CHlTnryGZyOatI2WOFXiP/def56f5b08c456e671d09d3a47cc327b/l74.png,CB,70,61,70,61,70,75,67,Right,173,68,Ligue 1 McDonald's
241710,Jerome Opoku,https://ratings-images-prod.pulse.ea.com/FC25/full/player-portraits/p241710.png?padding=0.7,Ghana,117,https://drop-assets.ea.com/images/64fYElRtof03DcI6oxno1D/1a2b0686d9693e59b832c3d06a737109/f_117.png,https://drop-assets.ea.com/images/zVaLMDwzieKwlZFk2bZ6K/58d008680451b4cf46041e38987cf69b/l101014.png,https://drop-assets.ea.com/images/zVaLMDwzieKwlZFk2bZ6K/58d008680451b4cf46041e38987cf69b/l101014.png,https://drop-assets.ea.com/images/zVaLMDwzieKwlZFk2bZ6K/58d008680451b4cf46041e38987cf69b/l101014.png,CB,59,59,59,54,59,73,80,Left,197,79,Trendyol Süper Lig
276634,Jonas Adjetey,https://ratings-images-prod.pulse.ea.com/FC25/full/player-portraits/p276634.png?padding=0.7,Ghana,117,https://drop-assets.ea.com/images/64fYElRtof03DcI6oxno1D/1a2b0686d9693e59b832c3d06a737109/f_117.png,https://drop-assets.ea.com/images/3Pch82RlxKrcAbcxJRaXPd/5960afa4e37bb3f71de4ba619cebeaee/l896.png,https://drop-assets.ea.com/images/3Pch82RlxKrcAbcxJRaXPd/5960afa4e37bb3f71de4ba619cebeaee/l896.png,https://drop-assets.ea.com/images/3Pch82RlxKrcAbcxJRaXPd/5960afa4e37bb3f71de4ba619cebeaee/l896.png,CB,50,70,50,47,50,71,71,Right,188,82,Brack Super League
235662,Abdul Mumin,https://ratings-images-prod.pulse.ea.com/FC25/full/player-portraits/p235662.png?padding=0.7,Ghana,117,https://drop-assets.ea.com/images/64fYElRtof03DcI6oxno1D/1a2b0686d9693e59b832c3d06a737109/f_117.png,https://drop-assets.ea.com/images/3SSzCmmavBBvrdJVySdnrm/f51360f07320e2dba9520037d3789543/l480.png,https://drop-assets.ea.com/images/3SSzCmmavBBvrdJVySdnrm/f51360f07320e2dba9520037d3789543/l480.png,https://drop-assets.ea.com/images/3SSzCmmavBBvrdJVySdnrm/f51360f07320e2dba9520037d3789543/l480.png,CB,69,76,69,61,69,77,76,Right,188,75,LALIGA EA SPORTS
273948,Kojo Peprah Oppong,https://ratings-images-prod.pulse.ea.com/FC25/full/player-portraits/p273948.png?padding=0.7,Ghana,117,https://drop-assets.ea.com/images/64fYElRtof03DcI6oxno1D/1a2b0686d9693e59b832c3d06a737109/f_117.png,https://drop-assets.ea.com/images/zByYanPvcCULBfC8OITvN/a262863aa77bfb1551a403f5f9b49f28/l72.png,https://drop-assets.ea.com/images/zByYanPvcCULBfC8OITvN/a262863aa77bfb1551a403f5f9b49f28/l72.png,https://drop-assets.ea.com/images/zByYanPvcCULBfC8OITvN/a262863aa77bfb1551a403f5f9b49f28/l72.png,CB,54,74,54,44,54,64,71,Right,185,78,Ligue 1 McDonald's
263112,Marvin Senaya,https://ratings-images-prod.pulse.ea.com/FC25/full/player-portraits/p263112.png?padding=0.7,Ghana,18,https://drop-assets.ea.com/images/3ECAQzhfgSLWRf9IIHB6G8/7e235a7b2f93c1f73db7f89dc03b3657/f_18.png,https://drop-assets.ea.com/images/1bqZtPlVC4DJC6d0eJ3wF3/d7b36902b29fff13d5cccba0d2b3ef21/l57.png,https://drop-assets.ea.com/images/1bqZtPlVC4DJC6d0eJ3wF3/d7b36902b29fff13d5cccba0d2b3ef21/l57.png,https://drop-assets.ea.com/images/1bqZtPlVC4DJC6d0eJ3wF3/d7b36902b29fff13d5cccba0d2b3ef21/l57.png,RB,66,70,66,57,66,67,64,Right,181,65,Ligue 1 McDonald's
209989,Thomas Partey,https://ratings-images-prod.pulse.ea.com/FC25/full/player-portraits/p209989.png?padding=0.7,Ghana,117,https://drop-assets.ea.com/images/64fYElRtof03DcI6oxno1D/1a2b0686d9693e59b832c3d06a737109/f_117.png,https://drop-assets.ea.com/images/xvk9pCQTX74mWG8EjcgYU/f631ffd2c7ac06bd43f2547fc44463c4/l483.png,https://drop-assets.ea.com/images/xvk9pCQTX74mWG8EjcgYU/f631ffd2c7ac06bd43f2547fc44463c4/l483.png,https://drop-assets.ea.com/images/xvk9pCQTX74mWG8EjcgYU/f631ffd2c7ac06bd43f2547fc44463c4/l483.png,CDM,77,59,77,80,77,80,82,Right,185,77,LALIGA EA SPORTS
267680,Abdul Fatawu,https://ratings-images-prod.pulse.ea.com/FC25/full/player-portraits/p267680.png?padding=0.7,Ghana,117,https://drop-assets.ea.com/images/64fYElRtof03DcI6oxno1D/1a2b0686d9693e59b832c3d06a737109/f_117.png,https://drop-assets.ea.com/images/4BhVwLyplKIUlwmC0mmsPM/885243174655c4aac2f8fc094ffcc619/l95.png,https://drop-assets.ea.com/images/4BhVwLyplKIUlwmC0mmsPM/885243174655c4aac2f8fc094ffcc619/l95.png,https://drop-assets.ea.com/images/4BhVwLyplKIUlwmC0mmsPM/885243174655c4aac2f8fc094ffcc619/l95.png,RM,78,83,78,74,78,46,64,Left,177,73,EFL Championship
256035,Kamaldeen Sulemana,https://ratings-images-prod.pulse.ea.com/FC25/full/player-portraits/p256035.png?padding=0.7,Ghana,117,https://drop-assets.ea.com/images/64fYElRtof03DcI6oxno1D/1a2b0686d9693e59b832c3d06a737109/f_117.png,https://drop-assets.ea.com/images/19gWEcyonp2fvk02MNHZOA/83b82283fc62f7010b529a53a0724eee/l115845.png,https://drop-assets.ea.com/images/19gWEcyonp2fvk02MNHZOA/83b82283fc62f7010b529a53a0724eee/l115845.png,https://drop-assets.ea.com/images/19gWEcyonp2fvk02MNHZOA/83b82283fc62f7010b529a53a0724eee/l115845.png,LM,76,88,76,63,76,28,59,Right,175,70,Serie A Enilive
238392,Elisha Owusu,https://ratings-images-prod.pulse.ea.com/FC25/full/player-portraits/p238392.png?padding=0.7,Ghana,117,https://drop-assets.ea.com/images/64fYElRtof03DcI6oxno1D/1a2b0686d9693e59b832c3d06a737109/f_117.png,https://drop-assets.ea.com/images/1bqZtPlVC4DJC6d0eJ3wF3/d7b36902b29fff13d5cccba0d2b3ef21/l57.png,https://drop-assets.ea.com/images/1bqZtPlVC4DJC6d0eJ3wF3/d7b36902b29fff13d5cccba0d2b3ef21/l57.png,https://drop-assets.ea.com/images/1bqZtPlVC4DJC6d0eJ3wF3/d7b36902b29fff13d5cccba0d2b3ef21/l57.png,CDM,70,55,70,68,70,70,70,Right,182,72,Ligue 1 McDonald's
73638,Caleb Yirenkyi,https://ratings-images-prod.pulse.ea.com/FC25/full/player-portraits/p73638.png?padding=0.7,Ghana,117,https://drop-assets.ea.com/images/64fYElRtof03DcI6oxno1D/1a2b0686d9693e59b832c3d06a737109/f_117.png,https://drop-assets.ea.com/images/gSMMRVyaLXhtvthut1pcw/183d3ba801ceef22eb46156bb2573801/l1788.png,https://drop-assets.ea.com/images/gSMMRVyaLXhtvthut1pcw/183d3ba801ceef22eb46156bb2573801/l1788.png,https://drop-assets.ea.com/images/gSMMRVyaLXhtvthut1pcw/183d3ba801ceef22eb46156bb2573801/l1788.png,CM,67,66,67,59,67,63,70,Right,181,73,3F Superliga
253114,Kwasi Sibo,https://ratings-images-prod.pulse.ea.com/FC25/full/player-portraits/p253114.png?padding=0.7,Ghana,117,https://drop-assets.ea.com/images/64fYElRtof03DcI6oxno1D/1a2b0686d9693e59b832c3d06a737109/f_117.png,https://drop-assets.ea.com/images/1T0WoM8QmdkGaHUzqSll3a/13e4f9aa029c861d5766dd1eb4f6a75f/l110827.png,https://drop-assets.ea.com/images/1T0WoM8QmdkGaHUzqSll3a/13e4f9aa029c861d5766dd1eb4f6a75f/l110827.png,https://drop-assets.ea.com/images/1T0WoM8QmdkGaHUzqSll3a/13e4f9aa029c861d5766dd1eb4f6a75f/l110827.png,CDM,65,63,65,58,65,67,79,Right,182,72,LALIGA EA SPORTS
264441,Augustine Boakye,https://ratings-images-prod.pulse.ea.com/FC25/full/player-portraits/p264441.png?padding=0.7,Ghana,117,https://drop-assets.ea.com/images/64fYElRtof03DcI6oxno1D/1a2b0686d9693e59b832c3d06a737109/f_117.png,https://drop-assets.ea.com/images/5MQDL5KvE9wgSeFC12qs95/b73cf35907b421f2fef86d4e5184b230/l1819.png,https://drop-assets.ea.com/images/5MQDL5KvE9wgSeFC12qs95/b73cf35907b421f2fef86d4e5184b230/l1819.png,https://drop-assets.ea.com/images/5MQDL5KvE9wgSeFC12qs95/b73cf35907b421f2fef86d4e5184b230/l1819.png,RW,73,86,73,59,73,26,57,Left,178,70,Ligue 2 BKT
197756,Jordan Ayew,https://ratings-images-prod.pulse.ea.com/FC25/full/player-portraits/p197756.png?padding=0.7,Ghana,117,https://drop-assets.ea.com/images/64fYElRtof03DcI6oxno1D/1a2b0686d9693e59b832c3d06a737109/f_117.png,https://drop-assets.ea.com/images/4BhVwLyplKIUlwmC0mmsPM/885243174655c4aac2f8fc094ffcc619/l95.png,https://drop-assets.ea.com/images/4BhVwLyplKIUlwmC0mmsPM/885243174655c4aac2f8fc094ffcc619/l95.png,https://drop-assets.ea.com/images/4BhVwLyplKIUlwmC0mmsPM/885243174655c4aac2f8fc094ffcc619/l95.png,RM,75,66,75,70,75,56,71,Right,182,81,EFL Championship
241236,Antoine Semenyo,https://ratings-images-prod.pulse.ea.com/FC25/full/player-portraits/p241236.png?padding=0.7,Ghana,117,https://drop-assets.ea.com/images/64fYElRtof03DcI6oxno1D/1a2b0686d9693e59b832c3d06a737109/f_117.png,https://drop-assets.ea.com/images/5Z6J6MhqjuJVwE7SVnfr5E/6075ff3239d67bdf8258a067ed93ccdb/l1943.png,https://drop-assets.ea.com/images/5Z6J6MhqjuJVwE7SVnfr5E/6075ff3239d67bdf8258a067ed93ccdb/l1943.png,https://drop-assets.ea.com/images/5Z6J6MhqjuJVwE7SVnfr5E/6075ff3239d67bdf8258a067ed93ccdb/l1943.png,RM,81,80,81,73,81,40,79,Right,185,79,Premier League
216201,Iñaki Williams,https://ratings-images-prod.pulse.ea.com/FC25/full/player-portraits/p216201.png?padding=0.7,Ghana,117,https://drop-assets.ea.com/images/64fYElRtof03DcI6oxno1D/1a2b0686d9693e59b832c3d06a737109/f_117.png,https://drop-assets.ea.com/images/5lGGXYvaOCdAYlo8xWPzQb/7092243785809519c68b482ad21b2c41/l448.png,https://drop-assets.ea.com/images/5lGGXYvaOCdAYlo8xWPzQb/7092243785809519c68b482ad21b2c41/l448.png,https://drop-assets.ea.com/images/5lGGXYvaOCdAYlo8xWPzQb/7092243785809519c68b482ad21b2c41/l448.png,RM,80,94,80,74,80,45,84,Right,186,80,LALIGA EA SPORTS
268763,Ernest Nuamah,https://ratings-images-prod.pulse.ea.com/FC25/full/player-portraits/p268763.png?padding=0.7,Ghana,117,https://drop-assets.ea.com/images/64fYElRtof03DcI6oxno1D/1a2b0686d9693e59b832c3d06a737109/f_117.png,https://drop-assets.ea.com/images/s2BAEtejMk8pyJDqN3uyR/9938fd597d35ed59158d5b441aa07455/l66.png,https://drop-assets.ea.com/images/s2BAEtejMk8pyJDqN3uyR/9938fd597d35ed59158d5b441aa07455/l66.png,https://drop-assets.ea.com/images/s2BAEtejMk8pyJDqN3uyR/9938fd597d35ed59158d5b441aa07455/l66.png,RM,78,82,78,69,78,24,58,Left,178,71,Ligue 1 McDonald's
274913,Christopher Bonsu Baah,https://ratings-images-prod.pulse.ea.com/FC25/full/player-portraits/p274913.png?padding=0.7,Ghana,117,https://drop-assets.ea.com/images/64fYElRtof03DcI6oxno1D/1a2b0686d9693e59b832c3d06a737109/f_117.png,https://drop-assets.ea.com/images/OQhve5ubflu5c5OXWRlUV/4874b82f2bab16f04e6702812ac521a6/l112391.png,https://drop-assets.ea.com/images/OQhve5ubflu5c5OXWRlUV/4874b82f2bab16f04e6702812ac521a6/l112391.png,https://drop-assets.ea.com/images/OQhve5ubflu5c5OXWRlUV/4874b82f2bab16f04e6702812ac521a6/l112391.png,LM,79,87,79,64,79,34,66,Left,172,73,ROSHN Saudi League
235744,Brandon Thomas-Asante,https://ratings-images-prod.pulse.ea.com/FC25/full/player-portraits/p235744.png?padding=0.7,Ghana,117,https://drop-assets.ea.com/images/64fYElRtof03DcI6oxno1D/1a2b0686d9693e59b832c3d06a737109/f_117.png,https://drop-assets.ea.com/images/2gQg3oJShWcRNapNPs6nwg/f151b26049eba7d246ca89edcdd19388/l1800.png,https://drop-assets.ea.com/images/2gQg3oJShWcRNapNPs6nwg/f151b26049eba7d246ca89edcdd19388/l1800.png,https://drop-assets.ea.com/images/2gQg3oJShWcRNapNPs6nwg/f151b26049eba7d246ca89edcdd19388/l1800.png,ST,69,83,69,59,69,34,76,Right,180,83,EFL Championship
74753,Prince Kwabena Adu,https://ratings-images-prod.pulse.ea.com/FC25/full/player-portraits/p74753.png?padding=0.7,Ghana,117,https://drop-assets.ea.com/images/64fYElRtof03DcI6oxno1D/1a2b0686d9693e59b832c3d06a737109/f_117.png,https://drop-assets.ea.com/images/5LmNp7F4reMrhue3FZ3lD5/7222160e6e0c97516d2c783964ac3c8c/l110468.png,https://drop-assets.ea.com/images/5LmNp7F4reMrhue3FZ3lD5/7222160e6e0c97516d2c783964ac3c8c/l110468.png,https://drop-assets.ea.com/images/5LmNp7F4reMrhue3FZ3lD5/7222160e6e0c97516d2c783964ac3c8c/l110468.png,ST,67,73,67,57,67,26,66,Right,179,78,Česká Liga
202089,Luis Mejía,https://ratings-images-prod.pulse.ea.com/FC25/full/player-portraits/p202089.png?padding=0.7,Panama,87,https://drop-assets.ea.com/images/6nPiJOkNGVRbfInMzN4uZ6/ca54c106c455e27d3841a8503067c0c0/f_87.png,,,,GK,75,69,75,68,75,52,71,Left,193,81,Libertadores
263976,Orlando Mosquera,https://ratings-images-prod.pulse.ea.com/FC25/full/player-portraits/p263976.png?padding=0.7,Panama,87,https://drop-assets.ea.com/images/6nPiJOkNGVRbfInMzN4uZ6/ca54c106c455e27d3841a8503067c0c0/f_87.png,https://drop-assets.ea.com/images/3u5Hyla3Uqp1SDvPyS2X5x/78a5bea18628d97e18761d19113d5cec/l113057.png,https://drop-assets.ea.com/images/3u5Hyla3Uqp1SDvPyS2X5x/78a5bea18628d97e18761d19113d5cec/l113057.png,https://drop-assets.ea.com/images/3u5Hyla3Uqp1SDvPyS2X5x/78a5bea18628d97e18761d19113d5cec/l113057.png,GK,71,73,71,69,71,32,65,Right,191,91,ROSHN Saudi League
fm_80026394,César Samudio,//img.fminside.net/faces/default-male.png,Panama,,https://img.fminside.net/flag-svg/pa.svg,CA Independiente,80010011,//img.fminside.net/logos/Men/Clubs/Normal/80010011.png,GK,45,38,45,44,45,45,43,Left,187,82,Primera Division
fm_86008024,Eric Davis,//img.fminside.net/facesfm26/86008024.png,Panama,,https://img.fminside.net/flag-svg/pa.svg,Plaza Amador,308262,//img.fminside.net/logos/Men/Clubs/Normal/308262.png,DL,59,58,59,72,59,47,50,Left,179,74,Primera Division
fm_83152912,Fidel Escobar,//img.fminside.net/facesfm26/83152912.png,Panama,,https://img.fminside.net/flag-svg/pa.svg,Saprissa,102367,//img.fminside.net/logos/Men/Clubs/Normal/102367.png,DC,46,63,46,45,46,62,65,Right,184,79,Liga Promérica
,Michael Amir Murillo,,Panama,,,,,,,,,,,,,,,,,
fm_80012044,Roderick Miller,//img.fminside.net/facesfm26/80012044.png,Panama,,https://img.fminside.net/flag-svg/pa.svg,Turan Tovuz,162,//img.fminside.net/logos/Men/Clubs/Normal/162.png,DC,41,55,41,40,41,62,72,Left,189,84,Premyer Liqası
252873,Andrés Andrade,https://ratings-images-prod.pulse.ea.com/FC25/full/player-portraits/p252873.png?padding=0.7,Panama,87,https://drop-assets.ea.com/images/6nPiJOkNGVRbfInMzN4uZ6/ca54c106c455e27d3841a8503067c0c0/f_87.png,https://drop-assets.ea.com/images/2IaqcXGAFPUX7ZB3PKrB1w/bf771aac860cb3b6e680de79b5b0e407/l252.png,https://drop-assets.ea.com/images/2IaqcXGAFPUX7ZB3PKrB1w/bf771aac860cb3b6e680de79b5b0e407/l252.png,https://drop-assets.ea.com/images/2IaqcXGAFPUX7ZB3PKrB1w/bf771aac860cb3b6e680de79b5b0e407/l252.png,CB,64,74,64,60,64,68,79,Left,187,78,Ö. Bundesliga
fm_80030343,César Blackman,//img.fminside.net/facesfm26/80030343.png,Panama,,https://img.fminside.net/flag-svg/pa.svg,Slovan Bratislava,1622,//img.fminside.net/logos/Men/Clubs/Normal/1622.png,DR,61,75,61,64,61,44,47,Right,174,69,Fortuna Liga
72708,José Córdoba,https://ratings-images-prod.pulse.ea.com/FC25/full/player-portraits/p72708.png?padding=0.7,Panama,87,https://drop-assets.ea.com/images/6nPiJOkNGVRbfInMzN4uZ6/ca54c106c455e27d3841a8503067c0c0/f_87.png,https://drop-assets.ea.com/images/7o6o0SBCe2scNTDZcX13sy/1f3e34348bf728dbac2afb6b3f67d680/l1792.png,https://drop-assets.ea.com/images/7o6o0SBCe2scNTDZcX13sy/1f3e34348bf728dbac2afb6b3f67d680/l1792.png,https://drop-assets.ea.com/images/7o6o0SBCe2scNTDZcX13sy/1f3e34348bf728dbac2afb6b3f67d680/l1792.png,CB,61,72,61,53,61,65,73,Left,187,78,EFL Championship
fm_80031711,Jiovany Ramos,//img.fminside.net/facesfm26/80031711.png,Panama,,https://img.fminside.net/flag-svg/pa.svg,Academia Puerto Cabello,86047464,//img.fminside.net/logos/Men/Clubs/Normal/86047464.png,DC,51,63,51,44,51,62,62,Right,184,79,Liga Venezolana
fm_80033229,Jorge Gutiérrez,//img.fminside.net/facesfm26/80033229.png,Panama,,https://img.fminside.net/flag-svg/pa.svg,Deportivo La Guaira,86034571,//img.fminside.net/logos/Men/Clubs/Normal/86034571.png,DL,57,63,57,59,57,49,54,Left,171,66,Liga Venezolana
fm_2000133104,Edgardo Fariña,//img.fminside.net/facesfm26/2000133104.png,Panama,,https://img.fminside.net/flag-svg/pa.svg,Pari NN,58145944,//img.fminside.net/logos/Men/Clubs/Normal/58145944.png,DC,53,55,53,55,53,65,74,Right,195,90,Premier Liga
217047,Aníbal Godoy,https://ratings-images-prod.pulse.ea.com/FC25/full/player-portraits/p217047.png?padding=0.7,Panama,87,https://drop-assets.ea.com/images/6nPiJOkNGVRbfInMzN4uZ6/ca54c106c455e27d3841a8503067c0c0/f_87.png,https://drop-assets.ea.com/images/3VVZhRHVje6glEOzkZ19Q5/9eb88fb073b6778321bbced6e22b58d9/l131439.png,https://drop-assets.ea.com/images/3VVZhRHVje6glEOzkZ19Q5/9eb88fb073b6778321bbced6e22b58d9/l131439.png,https://drop-assets.ea.com/images/3VVZhRHVje6glEOzkZ19Q5/9eb88fb073b6778321bbced6e22b58d9/l131439.png,CM,67,43,67,65,67,64,75,Left,183,82,MLS
fm_67099292,Alberto Quintero,//img.fminside.net/facesfm26/67099292.png,Panama,,https://img.fminside.net/flag-svg/pa.svg,Plaza Amador,308262,//img.fminside.net/logos/Men/Clubs/Normal/308262.png,AMR,62,83,62,60,62,39,35,Right,167,62,Primera Division
fm_80027502,Yoel Bárcenas,//img.fminside.net/facesfm26/80027502.png,Panama,,https://img.fminside.net/flag-svg/pa.svg,Mazatlán,2000017276,//img.fminside.net/logos/Men/Clubs/Normal/2000017276.png,AMR,59,60,59,62,59,47,52,Right,178,73,Liga BBVA MX
fm_80033240,Adalberto Carrasquilla,//img.fminside.net/facesfm26/80033240.png,Panama,,https://img.fminside.net/flag-svg/pa.svg,Pumas,1260,//img.fminside.net/logos/Men/Clubs/Normal/1260.png,MC,68,70,68,64,68,54,59,Right,171,66,Liga BBVA MX
fm_78081551,José Luis Rodríguez,//img.fminside.net/facesfm26/78081551.png,Panama,,https://img.fminside.net/flag-svg/uy.svg,Vasco da Gama,339,//img.fminside.net/logos/Men/Clubs/Normal/339.png,DR,62,65,62,62,62,50,64,Right,183,78,Série A
fm_80029264,Cristian Martínez,//img.fminside.net/facesfm26/80029264.png,Panama,,https://img.fminside.net/flag-svg/pa.svg,Kiryat-Shmona,7861687,//img.fminside.net/logos/Men/Clubs/Normal/7861687.png,MC,60,60,60,55,60,45,54,Right,171,66,Ligat Ha'Al
fm_80030210,César Yanis,//img.fminside.net/facesfm26/80030210.png,Panama,,https://img.fminside.net/flag-svg/pa.svg,Cobresal,130795,//img.fminside.net/logos/Men/Clubs/Normal/130795.png,AMR,64,70,64,60,64,35,27,Left,164,59,Primera División
259568,Carlos Harvey,https://ratings-images-prod.pulse.ea.com/FC25/full/player-portraits/p259568.png?padding=0.7,Panama,87,https://drop-assets.ea.com/images/6nPiJOkNGVRbfInMzN4uZ6/ca54c106c455e27d3841a8503067c0c0/f_87.png,https://drop-assets.ea.com/images/632umlZ6r0HxZcYgoNFx3h/190ea770d54566bc9ea6479273ef4ed6/l111138.png,https://drop-assets.ea.com/images/632umlZ6r0HxZcYgoNFx3h/190ea770d54566bc9ea6479273ef4ed6/l111138.png,https://drop-assets.ea.com/images/632umlZ6r0HxZcYgoNFx3h/190ea770d54566bc9ea6479273ef4ed6/l111138.png,CB,58,53,58,54,58,64,73,Right,185,89,MLS
fm_2000086100,Azarias Londoño,//img.fminside.net/facesfm26/2000086100.png,Panama,,https://img.fminside.net/flag-svg/pa.svg,U. Católica (Quito),5270423,//img.fminside.net/logos/Men/Clubs/Normal/5270423.png,ST,67,73,67,65,67,34,70,Right,185,80,Serie A
243545,José Fajardo,https://ratings-images-prod.pulse.ea.com/FC25/full/player-portraits/p243545.png?padding=0.7,Panama,87,https://drop-assets.ea.com/images/6nPiJOkNGVRbfInMzN4uZ6/ca54c106c455e27d3841a8503067c0c0/f_87.png,,,,ST,68,69,68,58,68,33,68,Right,180,69,Sudamericana
fm_84125463,Ismael Díaz,//img.fminside.net/facesfm26/84125463.png,Panama,,https://img.fminside.net/flag-svg/pa.svg,León,1259,//img.fminside.net/logos/Men/Clubs/Normal/1259.png,AML,69,68,69,59,69,34,69,Right,182,77,Liga BBVA MX
fm_78044572,Cecilio Waterman,//img.fminside.net/facesfm26/78044572.png,Panama,,https://img.fminside.net/flag-svg/pa.svg,U. de Concepción,130789,//img.fminside.net/logos/Men/Clubs/Normal/130789.png,ST,56,58,56,45,56,34,67,Right,181,76,Campeonato Primera B
fm_80031675,Tomás Rodríguez,//img.fminside.net/facesfm26/80031675.png,Panama,,https://img.fminside.net/flag-svg/pa.svg,Sporting San Miguelito,86000024,//img.fminside.net/logos/Men/Clubs/Normal/86000024.png,AMR,61,63,61,54,61,34,60,Right,184,79,Primera Division
fm_2000161798,Cho Wi-je,//img.fminside.net/facesfm26/2000161798.png,South Korea,,https://img.fminside.net/flag-svg/kr.svg,Jeonbuk,130776,//img.fminside.net/logos/Men/Clubs/Normal/130776.png,DC,50,48,50,45,50,64,57,Right,189,84,K League 1
fm_2000280811,Tyler Fletcher,//img.fminside.net/faces/default-male.png,Scotland,,,Manchester United,680,//img.fminside.net/logos/Men/Clubs/Normal/680.png,DM,51,63,51,50,51,54,57,Right,183,78,Premier League
fm_15016604,Mathew Ryan,//img.fminside.net/facesfm26/15016604.png,Australia,,https://img.fminside.net/flag-svg/au.svg,Levante,1717,//img.fminside.net/logos/Men/Clubs/Normal/1717.png,GK,70,48,70,65,70,69,59,Right,184,84,LaLiga
fm_15023766,Miloš Degenek,//img.fminside.net/facesfm26/15023766.png,Australia,,https://img.fminside.net/flag-svg/au.svg,APOEL,451,//img.fminside.net/logos/Men/Clubs/Normal/451.png,DC,49,55,49,44,49,67,65,Right,187,82,A' Katigorías
268913,Alessandro Circati,https://ratings-images-prod.pulse.ea.com/FC25/full/player-portraits/p268913.png?padding=0.7,Australia,195,https://drop-assets.ea.com/images/1z4BxEaFLZ7lgOP3T5RVqv/99256126771f079224aadffd2f61ad94/f_195.png,https://drop-assets.ea.com/images/5yViIzJxGDnBEeuNhjjHJc/adbfeb6c414f290e1aa51813f26cd829/l50.png,https://drop-assets.ea.com/images/5yViIzJxGDnBEeuNhjjHJc/adbfeb6c414f290e1aa51813f26cd829/l50.png,https://drop-assets.ea.com/images/5yViIzJxGDnBEeuNhjjHJc/adbfeb6c414f290e1aa51813f26cd829/l50.png,CB,49,59,49,53,49,72,77,Right,190,84,Serie A Enilive
241552,Jacob Italiano,https://ratings-images-prod.pulse.ea.com/FC25/full/player-portraits/p241552.png?padding=0.7,Australia,195,https://drop-assets.ea.com/images/1z4BxEaFLZ7lgOP3T5RVqv/99256126771f079224aadffd2f61ad94/f_195.png,https://drop-assets.ea.com/images/2PBNrVN0FGIERqTpIHcMyr/674f31ad65967fa853610e0214f9be1e/l113616.png,https://drop-assets.ea.com/images/2PBNrVN0FGIERqTpIHcMyr/674f31ad65967fa853610e0214f9be1e/l113616.png,https://drop-assets.ea.com/images/2PBNrVN0FGIERqTpIHcMyr/674f31ad65967fa853610e0214f9be1e/l113616.png,LB,69,76,69,59,69,58,56,,177,71,Ö. Bundesliga
fm_2000015266,Jordan Bos,//img.fminside.net/facesfm26/2000015266.png,Australia,,https://img.fminside.net/flag-svg/au.svg,Feyenoord,1013,//img.fminside.net/logos/Men/Clubs/Normal/1013.png,DL,60,65,60,57,60,62,62,Left,180,75,Eredivisie
fm_15016694,Jason Geria,//img.fminside.net/facesfm26/15016694.png,Australia,,https://img.fminside.net/flag-svg/au.svg,Albirex Niigata,107280,//img.fminside.net/logos/Men/Clubs/Normal/107280.png,DR,56,73,56,49,56,64,67,Right,183,78,J.League 1
195033,Mathew Leckie,https://ratings-images-prod.pulse.ea.com/FC25/full/player-portraits/p195033.png?padding=0.7,Australia,195,https://drop-assets.ea.com/images/1z4BxEaFLZ7lgOP3T5RVqv/99256126771f079224aadffd2f61ad94/f_195.png,https://drop-assets.ea.com/images/1XScyNZzA618ZhIFrLQWeQ/1a86ddea6e00ca7096da38cc3ccd79c8/l112224.png,https://drop-assets.ea.com/images/1XScyNZzA618ZhIFrLQWeQ/1a86ddea6e00ca7096da38cc3ccd79c8/l112224.png,https://drop-assets.ea.com/images/1XScyNZzA618ZhIFrLQWeQ/1a86ddea6e00ca7096da38cc3ccd79c8/l112224.png,CM,74,79,74,67,74,63,76,Right,181,78,A-League
240648,Connor Metcalfe,https://ratings-images-prod.pulse.ea.com/FC25/full/player-portraits/p240648.png?padding=0.7,Australia,195,https://drop-assets.ea.com/images/1z4BxEaFLZ7lgOP3T5RVqv/99256126771f079224aadffd2f61ad94/f_195.png,https://drop-assets.ea.com/images/5T624XIJuQHAzZ40IwcdRn/4413b83d7bdf21e02132fa086b4a355d/l110329.png,https://drop-assets.ea.com/images/5T624XIJuQHAzZ40IwcdRn/4413b83d7bdf21e02132fa086b4a355d/l110329.png,https://drop-assets.ea.com/images/5T624XIJuQHAzZ40IwcdRn/4413b83d7bdf21e02132fa086b4a355d/l110329.png,CM,70,72,70,66,70,62,75,,178,70,Bundesliga
255767,Mohamed Touré,https://ratings-images-prod.pulse.ea.com/FC25/full/player-portraits/p255767.png?padding=0.7,Australia,195,https://drop-assets.ea.com/images/1z4BxEaFLZ7lgOP3T5RVqv/99256126771f079224aadffd2f61ad94/f_195.png,https://drop-assets.ea.com/images/7Bt0W4NrUfLwgEiF7q4MS0/f230d222ede6924c693e6ee66ee9ef5e/l1786.png,https://drop-assets.ea.com/images/7Bt0W4NrUfLwgEiF7q4MS0/f230d222ede6924c693e6ee66ee9ef5e/l1786.png,https://drop-assets.ea.com/images/7Bt0W4NrUfLwgEiF7q4MS0/f230d222ede6924c693e6ee66ee9ef5e/l1786.png,ST,67,86,67,57,67,33,72,Right,186,89,3F Superliga
fm_91145128,Ajdin Hrustic,//img.fminside.net/facesfm26/91145128.png,Australia,,https://img.fminside.net/flag-svg/au.svg,Heracles,1037,//img.fminside.net/logos/Men/Clubs/Normal/1037.png,MC,66,55,66,59,66,35,57,Left,183,78,Eredivisie
212830,Awer Mabil,https://ratings-images-prod.pulse.ea.com/FC25/full/player-portraits/p212830.png?padding=0.7,Australia,195,https://drop-assets.ea.com/images/1z4BxEaFLZ7lgOP3T5RVqv/99256126771f079224aadffd2f61ad94/f_195.png,https://drop-assets.ea.com/images/7c8oo7wtd4Qkrh8FqfWKPU/4b792fa122f16e852325f08355920bf3/l100852.png,https://drop-assets.ea.com/images/7c8oo7wtd4Qkrh8FqfWKPU/4b792fa122f16e852325f08355920bf3/l100852.png,https://drop-assets.ea.com/images/7c8oo7wtd4Qkrh8FqfWKPU/4b792fa122f16e852325f08355920bf3/l100852.png,RM,68,85,68,60,68,34,61,Right,178,73,LALIGA HYPERMOTION
204424,Paul Izzo,https://ratings-images-prod.pulse.ea.com/FC25/full/player-portraits/p204424.png?padding=0.7,Australia,195,https://drop-assets.ea.com/images/1z4BxEaFLZ7lgOP3T5RVqv/99256126771f079224aadffd2f61ad94/f_195.png,https://drop-assets.ea.com/images/7Bt0W4NrUfLwgEiF7q4MS0/f230d222ede6924c693e6ee66ee9ef5e/l1786.png,https://drop-assets.ea.com/images/7Bt0W4NrUfLwgEiF7q4MS0/f230d222ede6924c693e6ee66ee9ef5e/l1786.png,https://drop-assets.ea.com/images/7Bt0W4NrUfLwgEiF7q4MS0/f230d222ede6924c693e6ee66ee9ef5e/l1786.png,GK,72,71,72,66,72,55,69,Right,185,81,3F Superliga
230888,Aiden O'Neill,https://ratings-images-prod.pulse.ea.com/FC25/full/player-portraits/p230888.png?padding=0.7,Australia,195,https://drop-assets.ea.com/images/1z4BxEaFLZ7lgOP3T5RVqv/99256126771f079224aadffd2f61ad94/f_195.png,https://drop-assets.ea.com/images/BJhoD5d8b2BP4SGRS7PYh/39a45c63ab3fbda10faa0d2247a77829/l112828.png,https://drop-assets.ea.com/images/BJhoD5d8b2BP4SGRS7PYh/39a45c63ab3fbda10faa0d2247a77829/l112828.png,https://drop-assets.ea.com/images/BJhoD5d8b2BP4SGRS7PYh/39a45c63ab3fbda10faa0d2247a77829/l112828.png,CDM,68,76,68,65,68,66,77,Right,178,70,MLS
fm_15075193,Cammy Devlin,//img.fminside.net/facesfm26/15075193.png,Australia,,https://img.fminside.net/flag-svg/au.svg,Hearts,1573,//img.fminside.net/logos/Men/Clubs/Normal/1573.png,DM,51,60,51,47,51,67,57,Right,171,66,cinch Premiership
252700,Kai Trewin,https://ratings-images-prod.pulse.ea.com/FC25/full/player-portraits/p252700.png?padding=0.7,Australia,195,https://drop-assets.ea.com/images/1z4BxEaFLZ7lgOP3T5RVqv/99256126771f079224aadffd2f61ad94/f_195.png,https://drop-assets.ea.com/images/1XScyNZzA618ZhIFrLQWeQ/1a86ddea6e00ca7096da38cc3ccd79c8/l112224.png,https://drop-assets.ea.com/images/1XScyNZzA618ZhIFrLQWeQ/1a86ddea6e00ca7096da38cc3ccd79c8/l112224.png,https://drop-assets.ea.com/images/1XScyNZzA618ZhIFrLQWeQ/1a86ddea6e00ca7096da38cc3ccd79c8/l112224.png,CB,59,66,59,58,59,69,79,Right,178,72,A-League
202157,Aziz Behich,https://ratings-images-prod.pulse.ea.com/FC25/full/player-portraits/p202157.png?padding=0.7,Australia,195,https://drop-assets.ea.com/images/1z4BxEaFLZ7lgOP3T5RVqv/99256126771f079224aadffd2f61ad94/f_195.png,https://drop-assets.ea.com/images/1XScyNZzA618ZhIFrLQWeQ/1a86ddea6e00ca7096da38cc3ccd79c8/l112224.png,https://drop-assets.ea.com/images/1XScyNZzA618ZhIFrLQWeQ/1a86ddea6e00ca7096da38cc3ccd79c8/l112224.png,https://drop-assets.ea.com/images/1XScyNZzA618ZhIFrLQWeQ/1a86ddea6e00ca7096da38cc3ccd79c8/l112224.png,LB,69,74,69,65,69,61,71,,173,68,A-League
266245,Nestory Irankunda,https://ratings-images-prod.pulse.ea.com/FC25/full/player-portraits/p266245.png?padding=0.7,Australia,195,https://drop-assets.ea.com/images/1z4BxEaFLZ7lgOP3T5RVqv/99256126771f079224aadffd2f61ad94/f_195.png,https://drop-assets.ea.com/images/2MxNfPhOs9sFL7KH8k5Pcd/1be0302e620f2da1b08f09fa9c7bcc64/l1795.png,https://drop-assets.ea.com/images/2MxNfPhOs9sFL7KH8k5Pcd/1be0302e620f2da1b08f09fa9c7bcc64/l1795.png,https://drop-assets.ea.com/images/2MxNfPhOs9sFL7KH8k5Pcd/1be0302e620f2da1b08f09fa9c7bcc64/l1795.png,RM,70,88,70,62,70,43,74,Right,175,74,EFL Championship
267599,Patrick Beach,https://ratings-images-prod.pulse.ea.com/FC25/full/player-portraits/p267599.png?padding=0.7,Australia,195,https://drop-assets.ea.com/images/1z4BxEaFLZ7lgOP3T5RVqv/99256126771f079224aadffd2f61ad94/f_195.png,https://drop-assets.ea.com/images/1XScyNZzA618ZhIFrLQWeQ/1a86ddea6e00ca7096da38cc3ccd79c8/l112224.png,https://drop-assets.ea.com/images/1XScyNZzA618ZhIFrLQWeQ/1a86ddea6e00ca7096da38cc3ccd79c8/l112224.png,https://drop-assets.ea.com/images/1XScyNZzA618ZhIFrLQWeQ/1a86ddea6e00ca7096da38cc3ccd79c8/l112224.png,GK,71,68,71,64,71,31,62,,183,75,A-League
229901,Harry Souttar,https://ratings-images-prod.pulse.ea.com/FC25/full/player-portraits/p229901.png?padding=0.7,Australia,195,https://drop-assets.ea.com/images/1z4BxEaFLZ7lgOP3T5RVqv/99256126771f079224aadffd2f61ad94/f_195.png,https://drop-assets.ea.com/images/4BhVwLyplKIUlwmC0mmsPM/885243174655c4aac2f8fc094ffcc619/l95.png,https://drop-assets.ea.com/images/4BhVwLyplKIUlwmC0mmsPM/885243174655c4aac2f8fc094ffcc619/l95.png,https://drop-assets.ea.com/images/4BhVwLyplKIUlwmC0mmsPM/885243174655c4aac2f8fc094ffcc619/l95.png,CB,54,46,54,51,54,73,75,Right,198,101,EFL Championship
265761,Cristian Volpato,https://ratings-images-prod.pulse.ea.com/FC25/full/player-portraits/p265761.png?padding=0.7,Australia,27,https://drop-assets.ea.com/images/2WtjWPqYzT7xcMCbvajGZH/d06e9ec4734a0d43d88f65386cc3a484/f_27.png,https://drop-assets.ea.com/images/1XH03NyWoyYHO0EH69QYG4/fe0a0c7effe48754e97248d04e352f4e/l111974.png,https://drop-assets.ea.com/images/1XH03NyWoyYHO0EH69QYG4/fe0a0c7effe48754e97248d04e352f4e/l111974.png,https://drop-assets.ea.com/images/1XH03NyWoyYHO0EH69QYG4/fe0a0c7effe48754e97248d04e352f4e/l111974.png,RW,71,72,71,66,71,37,60,,187,78,Serie A Enilive
216744,Cameron Burgess,https://ratings-images-prod.pulse.ea.com/FC25/full/player-portraits/p216744.png?padding=0.7,Australia,195,https://drop-assets.ea.com/images/1z4BxEaFLZ7lgOP3T5RVqv/99256126771f079224aadffd2f61ad94/f_195.png,https://drop-assets.ea.com/images/60iyv11p84xXjnNC397ovE/a5a3cc893fef05eb845c27ffb893f510/l1960.png,https://drop-assets.ea.com/images/60iyv11p84xXjnNC397ovE/a5a3cc893fef05eb845c27ffb893f510/l1960.png,https://drop-assets.ea.com/images/60iyv11p84xXjnNC397ovE/a5a3cc893fef05eb845c27ffb893f510/l1960.png,CB,54,48,54,57,54,73,78,,194,81,EFL Championship
211378,Jackson Irvine,https://ratings-images-prod.pulse.ea.com/FC25/full/player-portraits/p211378.png?padding=0.7,Australia,195,https://drop-assets.ea.com/images/1z4BxEaFLZ7lgOP3T5RVqv/99256126771f079224aadffd2f61ad94/f_195.png,https://drop-assets.ea.com/images/5T624XIJuQHAzZ40IwcdRn/4413b83d7bdf21e02132fa086b4a355d/l110329.png,https://drop-assets.ea.com/images/5T624XIJuQHAzZ40IwcdRn/4413b83d7bdf21e02132fa086b4a355d/l110329.png,https://drop-assets.ea.com/images/5T624XIJuQHAzZ40IwcdRn/4413b83d7bdf21e02132fa086b4a355d/l110329.png,CM,70,67,70,71,70,72,80,Right,189,74,Bundesliga
262039,Nishan Velupillay,https://ratings-images-prod.pulse.ea.com/FC25/full/player-portraits/p262039.png?padding=0.7,Australia,195,https://drop-assets.ea.com/images/1z4BxEaFLZ7lgOP3T5RVqv/99256126771f079224aadffd2f61ad94/f_195.png,https://drop-assets.ea.com/images/38KjMIBvVdG6GBt4VEhMk2/60a666b7ff0cd770a61077d1a76296b4/l111397.png,https://drop-assets.ea.com/images/38KjMIBvVdG6GBt4VEhMk2/60a666b7ff0cd770a61077d1a76296b4/l111397.png,https://drop-assets.ea.com/images/38KjMIBvVdG6GBt4VEhMk2/60a666b7ff0cd770a61077d1a76296b4/l111397.png,LM,70,94,70,55,70,35,57,Right,181,77,A-League
fm_2000155676,Paul Okon-Engstler,//img.fminside.net/facesfm26/2000155676.png,Australia,,https://img.fminside.net/flag-svg/au.svg,Sydney FC,1300490,//img.fminside.net/logos/Men/Clubs/Normal/1300490.png,DM,57,60,57,55,57,60,57,Left,185,80,A-League
75145,Lucas Herrington,https://ratings-images-prod.pulse.ea.com/FC25/full/player-portraits/p75145.png?padding=0.7,Australia,195,https://drop-assets.ea.com/images/1z4BxEaFLZ7lgOP3T5RVqv/99256126771f079224aadffd2f61ad94/f_195.png,https://drop-assets.ea.com/images/2L67iwPzC0MBqm5YQv0J57/c3e6be7ea654273f0a5b628c4b305dad/l111395.png,https://drop-assets.ea.com/images/2L67iwPzC0MBqm5YQv0J57/c3e6be7ea654273f0a5b628c4b305dad/l111395.png,https://drop-assets.ea.com/images/2L67iwPzC0MBqm5YQv0J57/c3e6be7ea654273f0a5b628c4b305dad/l111395.png,CB,45,65,45,42,45,57,66,Right,190,80,A-League
260386,Tete Yengi,https://ratings-images-prod.pulse.ea.com/FC25/full/player-portraits/p260386.png?padding=0.7,Australia,195,https://drop-assets.ea.com/images/1z4BxEaFLZ7lgOP3T5RVqv/99256126771f079224aadffd2f61ad94/f_195.png,https://drop-assets.ea.com/images/I0oWCWf0LCuKXP2zZVEgi/fd9fb80eab438e17e451d5615d614ddd/l621.png,https://drop-assets.ea.com/images/I0oWCWf0LCuKXP2zZVEgi/fd9fb80eab438e17e451d5615d614ddd/l621.png,https://drop-assets.ea.com/images/I0oWCWf0LCuKXP2zZVEgi/fd9fb80eab438e17e451d5615d614ddd/l621.png,ST,55,69,55,48,55,37,78,Right,197,89,Scottish Prem
253354,Hernán Galíndez,https://ratings-images-prod.pulse.ea.com/FC25/full/player-portraits/p253354.png?padding=0.7,Ecuador,57,https://drop-assets.ea.com/images/66PiFUp2Q6vRExGveELXgV/e8199bd0e00c5c544ac498d6424aafa0/f_57.png,https://drop-assets.ea.com/images/3FJoWMsQWBn1s7iu1eVCYM/6c279863936f9aa0fd1eb1a704cec7ca/l111711.png,https://drop-assets.ea.com/images/3FJoWMsQWBn1s7iu1eVCYM/6c279863936f9aa0fd1eb1a704cec7ca/l111711.png,https://drop-assets.ea.com/images/3FJoWMsQWBn1s7iu1eVCYM/6c279863936f9aa0fd1eb1a704cec7ca/l111711.png,GK,74,74,74,70,74,32,76,Right,189,84,LPF
fm_86057914,Félix Torres,//img.fminside.net/facesfm26/86057914.png,Ecuador,,https://img.fminside.net/flag-svg/ec.svg,Corinthians,319,//img.fminside.net/logos/Men/Clubs/Normal/319.png,DC,51,63,51,39,51,65,80,Right,187,82,Série A
256197,Piero Hincapié,https://ratings-images-prod.pulse.ea.com/FC25/full/player-portraits/p256197.png?padding=0.7,Ecuador,57,https://drop-assets.ea.com/images/66PiFUp2Q6vRExGveELXgV/e8199bd0e00c5c544ac498d6424aafa0/f_57.png,https://drop-assets.ea.com/images/2ng99bvkwKaA228PJje39i/09d2df89a78377d3f8d3f78469cbadc9/l1.png,https://drop-assets.ea.com/images/2ng99bvkwKaA228PJje39i/09d2df89a78377d3f8d3f78469cbadc9/l1.png,https://drop-assets.ea.com/images/2ng99bvkwKaA228PJje39i/09d2df89a78377d3f8d3f78469cbadc9/l1.png,CB,72,84,72,65,72,84,82,,184,77,Premier League
268611,Joel Ordóñez,https://ratings-images-prod.pulse.ea.com/FC25/full/player-portraits/p268611.png?padding=0.7,Ecuador,57,https://drop-assets.ea.com/images/66PiFUp2Q6vRExGveELXgV/e8199bd0e00c5c544ac498d6424aafa0/f_57.png,https://drop-assets.ea.com/images/7nHwlhyC2uPcLbb3LoBS82/08409177bc75126cfd7a9005fe3faa00/l231.png,https://drop-assets.ea.com/images/7nHwlhyC2uPcLbb3LoBS82/08409177bc75126cfd7a9005fe3faa00/l231.png,https://drop-assets.ea.com/images/7nHwlhyC2uPcLbb3LoBS82/08409177bc75126cfd7a9005fe3faa00/l231.png,CB,56,74,56,54,56,74,79,Right,188,80,1A Pro League
fm_86067580,Jordy Alcívar,//img.fminside.net/facesfm26/86067580.png,Ecuador,,https://img.fminside.net/flag-svg/ec.svg,Independiente del Valle,80001277,//img.fminside.net/logos/Men/Clubs/Normal/80001277.png,MC,70,65,70,60,70,62,59,Right,175,70,Serie A
256196,Willian Pacho,https://ratings-images-prod.pulse.ea.com/FC25/full/player-portraits/p256196.png?padding=0.7,Ecuador,57,https://drop-assets.ea.com/images/66PiFUp2Q6vRExGveELXgV/e8199bd0e00c5c544ac498d6424aafa0/f_57.png,https://drop-assets.ea.com/images/2QwnhmHh5K7bjkfZAF7ZCi/7c53874542fb5c606ff810a4b1f6b88b/l73.png,https://drop-assets.ea.com/images/2QwnhmHh5K7bjkfZAF7ZCi/7c53874542fb5c606ff810a4b1f6b88b/l73.png,https://drop-assets.ea.com/images/2QwnhmHh5K7bjkfZAF7ZCi/7c53874542fb5c606ff810a4b1f6b88b/l73.png,CB,62,80,62,62,62,86,86,,188,81,Ligue 1 McDonald's
237942,Pervis Estupiñán,https://ratings-images-prod.pulse.ea.com/FC25/full/player-portraits/p237942.png?padding=0.7,Ecuador,57,https://drop-assets.ea.com/images/66PiFUp2Q6vRExGveELXgV/e8199bd0e00c5c544ac498d6424aafa0/f_57.png,https://drop-assets.ea.com/images/6D3s1RlLRER3UOunC4Lofv/ec87a4178160a87521b0b7c688e7638e/l131681.png,https://drop-assets.ea.com/images/6D3s1RlLRER3UOunC4Lofv/ec87a4178160a87521b0b7c688e7638e/l131681.png,https://drop-assets.ea.com/images/6D3s1RlLRER3UOunC4Lofv/ec87a4178160a87521b0b7c688e7638e/l131681.png,LB,78,76,78,77,78,75,72,,175,79,Serie A Enilive
277197,Denil Castillo,https://ratings-images-prod.pulse.ea.com/FC25/full/player-portraits/p277197.png?padding=0.7,Ecuador,57,https://drop-assets.ea.com/images/66PiFUp2Q6vRExGveELXgV/e8199bd0e00c5c544ac498d6424aafa0/f_57.png,https://drop-assets.ea.com/images/3OQnXwNFwM3MRzQFROVSyX/44407183d4b263858ce9d6b2b5a50195/l1516.png,https://drop-assets.ea.com/images/3OQnXwNFwM3MRzQFROVSyX/44407183d4b263858ce9d6b2b5a50195/l1516.png,https://drop-assets.ea.com/images/3OQnXwNFwM3MRzQFROVSyX/44407183d4b263858ce9d6b2b5a50195/l1516.png,CM,65,60,65,67,65,64,71,Right,189,70,3F Superliga
242755,John Yeboah,https://ratings-images-prod.pulse.ea.com/FC25/full/player-portraits/p242755.png?padding=0.7,Ecuador,57,https://drop-assets.ea.com/images/66PiFUp2Q6vRExGveELXgV/e8199bd0e00c5c544ac498d6424aafa0/f_57.png,https://drop-assets.ea.com/images/4oRMTpjQWJzNTb5EzszD2f/cf5a478ab8265df7c16b5789ee8cab4d/l205.png,https://drop-assets.ea.com/images/4oRMTpjQWJzNTb5EzszD2f/cf5a478ab8265df7c16b5789ee8cab4d/l205.png,https://drop-assets.ea.com/images/4oRMTpjQWJzNTb5EzszD2f/cf5a478ab8265df7c16b5789ee8cab4d/l205.png,ST,75,92,75,62,75,26,57,,170,66,Serie BKT
274559,Kendry Páez,https://ratings-images-prod.pulse.ea.com/FC25/full/player-portraits/p274559.png?padding=0.7,Ecuador,57,https://drop-assets.ea.com/images/66PiFUp2Q6vRExGveELXgV/e8199bd0e00c5c544ac498d6424aafa0/f_57.png,https://drop-assets.ea.com/images/5ujpJkozlZbo3FNV0Fi84H/d39ffa173bd150d5f10bcfe3392abe54/l76.png,https://drop-assets.ea.com/images/5ujpJkozlZbo3FNV0Fi84H/d39ffa173bd150d5f10bcfe3392abe54/l76.png,https://drop-assets.ea.com/images/5ujpJkozlZbo3FNV0Fi84H/d39ffa173bd150d5f10bcfe3392abe54/l76.png,CAM,75,79,75,69,75,43,54,,178,71,Ligue 1 McDonald's
272569,Kevin Rodríguez,https://ratings-images-prod.pulse.ea.com/FC25/full/player-portraits/p272569.png?padding=0.7,Ecuador,57,https://drop-assets.ea.com/images/66PiFUp2Q6vRExGveELXgV/e8199bd0e00c5c544ac498d6424aafa0/f_57.png,https://drop-assets.ea.com/images/6qEBd0g4qIBH3X6KtaTayV/e7405958edc583e79f63c0e71e560c77/l2014.png,https://drop-assets.ea.com/images/6qEBd0g4qIBH3X6KtaTayV/e7405958edc583e79f63c0e71e560c77/l2014.png,https://drop-assets.ea.com/images/6qEBd0g4qIBH3X6KtaTayV/e7405958edc583e79f63c0e71e560c77/l2014.png,ST,68,79,68,54,68,25,67,Right,190,72,1A Pro League
fm_86066843,Moisés Ramírez,//img.fminside.net/facesfm26/86066843.png,Ecuador,,https://img.fminside.net/flag-svg/ec.svg,Kifisia,36077318,//img.fminside.net/logos/Men/Clubs/Normal/36077318.png,GK,73,73,73,50,73,49,69,Right,185,85,Super League
fm_86012153,Enner Valencia,//img.fminside.net/facesfm26/86012153.png,Ecuador,,https://img.fminside.net/flag-svg/ec.svg,Pachuca,116204,//img.fminside.net/logos/Men/Clubs/Normal/116204.png,ST,70,70,70,50,70,25,57,Right,177,72,Liga BBVA MX
263397,Alan Minda,https://ratings-images-prod.pulse.ea.com/FC25/full/player-portraits/p263397.png?padding=0.7,Ecuador,57,https://drop-assets.ea.com/images/66PiFUp2Q6vRExGveELXgV/e8199bd0e00c5c544ac498d6424aafa0/f_57.png,https://drop-assets.ea.com/images/3B7cR0sHmUUw9m7fliqe2U/50001b0d0a513f9f098cbbcc10638d39/l1750.png,https://drop-assets.ea.com/images/3B7cR0sHmUUw9m7fliqe2U/50001b0d0a513f9f098cbbcc10638d39/l1750.png,https://drop-assets.ea.com/images/3B7cR0sHmUUw9m7fliqe2U/50001b0d0a513f9f098cbbcc10638d39/l1750.png,RM,71,84,71,62,71,51,59,Right,171,67,1A Pro League
fm_86075794,Pedro Vite,//img.fminside.net/facesfm26/86075794.png,Ecuador,,https://img.fminside.net/flag-svg/ec.svg,Pumas,1260,//img.fminside.net/logos/Men/Clubs/Normal/1260.png,MC,64,65,64,60,64,42,50,Left,170,65,Liga BBVA MX
256199,Anthony Valencia,https://ratings-images-prod.pulse.ea.com/FC25/full/player-portraits/p256199.png?padding=0.7,Ecuador,57,https://drop-assets.ea.com/images/66PiFUp2Q6vRExGveELXgV/e8199bd0e00c5c544ac498d6424aafa0/f_57.png,https://drop-assets.ea.com/images/1wT4b98gccpzVFHeTx5Uqk/c32f89ede86de13b615f5ab7f9984964/l230.png,https://drop-assets.ea.com/images/1wT4b98gccpzVFHeTx5Uqk/c32f89ede86de13b615f5ab7f9984964/l230.png,https://drop-assets.ea.com/images/1wT4b98gccpzVFHeTx5Uqk/c32f89ede86de13b615f5ab7f9984964/l230.png,RM,74,82,74,61,74,52,53,,174,64,1A Pro League
246055,Ángelo Preciado,https://ratings-images-prod.pulse.ea.com/FC25/full/player-portraits/p246055.png?padding=0.7,Ecuador,57,https://drop-assets.ea.com/images/66PiFUp2Q6vRExGveELXgV/e8199bd0e00c5c544ac498d6424aafa0/f_57.png,https://drop-assets.ea.com/images/WsjKkMgEXh4mceoAQzFIi/d0b9c0ac886f0f3f3f91ca6ebda21577/l267.png,https://drop-assets.ea.com/images/WsjKkMgEXh4mceoAQzFIi/d0b9c0ac886f0f3f3f91ca6ebda21577/l267.png,https://drop-assets.ea.com/images/WsjKkMgEXh4mceoAQzFIi/d0b9c0ac886f0f3f3f91ca6ebda21577/l267.png,RM,76,87,76,70,76,66,71,Right,173,74,Česká Liga
268508,Jordy Caicedo,https://ratings-images-prod.pulse.ea.com/FC25/full/player-portraits/p268508.png?padding=0.7,Ecuador,57,https://drop-assets.ea.com/images/66PiFUp2Q6vRExGveELXgV/e8199bd0e00c5c544ac498d6424aafa0/f_57.png,https://drop-assets.ea.com/images/7EQycAuCy6CEVABWUekZLt/dbf53d920a63c1a028904dddb1f1844e/l459.png,https://drop-assets.ea.com/images/7EQycAuCy6CEVABWUekZLt/dbf53d920a63c1a028904dddb1f1844e/l459.png,https://drop-assets.ea.com/images/7EQycAuCy6CEVABWUekZLt/dbf53d920a63c1a028904dddb1f1844e/l459.png,ST,62,69,62,44,62,34,77,Right,187,82,LALIGA HYPERMOTION
fm_86066846,Gonzalo Plata,//img.fminside.net/facesfm26/86066846.png,Ecuador,,https://img.fminside.net/flag-svg/ec.svg,Flamengo,322,//img.fminside.net/logos/Men/Clubs/Normal/322.png,AMR,74,78,74,67,74,27,50,Left,178,73,Série A
264205,Nilson Angulo,https://ratings-images-prod.pulse.ea.com/FC25/full/player-portraits/p264205.png?padding=0.7,Ecuador,57,https://drop-assets.ea.com/images/66PiFUp2Q6vRExGveELXgV/e8199bd0e00c5c544ac498d6424aafa0/f_57.png,https://drop-assets.ea.com/images/6fPz45ZIDQWOd7Lqv0GuZF/045eacfd4e3fade98ceca05cb12b6c60/l229.png,https://drop-assets.ea.com/images/6fPz45ZIDQWOd7Lqv0GuZF/045eacfd4e3fade98ceca05cb12b6c60/l229.png,https://drop-assets.ea.com/images/6fPz45ZIDQWOd7Lqv0GuZF/045eacfd4e3fade98ceca05cb12b6c60/l229.png,LM,68,80,68,60,68,34,55,Right,184,65,1A Pro League
fm_86066841,Alan Franco,//img.fminside.net/facesfm26/86066841.png,Ecuador,,https://img.fminside.net/flag-svg/ec.svg,Atlético Mineiro,314,//img.fminside.net/logos/Men/Clubs/Normal/314.png,DM,60,65,60,57,60,69,60,Right,175,70,Série A
fm_86044196,Gonzalo Valle,//img.fminside.net/facesfm26/86044196.png,Ecuador,,https://img.fminside.net/flag-svg/ec.svg,Liga de Quito,5270338,//img.fminside.net/logos/Men/Clubs/Normal/5270338.png,GK,55,68,55,55,55,65,73,Right,185,85,Serie A
256079,Moisés Caicedo,https://ratings-images-prod.pulse.ea.com/FC25/full/player-portraits/p256079.png?padding=0.7,Ecuador,57,https://drop-assets.ea.com/images/66PiFUp2Q6vRExGveELXgV/e8199bd0e00c5c544ac498d6424aafa0/f_57.png,https://drop-assets.ea.com/images/6T0vfhzb3y9R6YVtmVwYcD/b99723a87536e30979c7cbdb8bba9310/l5.png,https://drop-assets.ea.com/images/6T0vfhzb3y9R6YVtmVwYcD/b99723a87536e30979c7cbdb8bba9310/l5.png,https://drop-assets.ea.com/images/6T0vfhzb3y9R6YVtmVwYcD/b99723a87536e30979c7cbdb8bba9310/l5.png,CDM,81,71,81,78,81,84,82,Right,178,73,Premier League
271417,Yaimar Medina,https://ratings-images-prod.pulse.ea.com/FC25/full/player-portraits/p271417.png?padding=0.7,Ecuador,57,https://drop-assets.ea.com/images/66PiFUp2Q6vRExGveELXgV/e8199bd0e00c5c544ac498d6424aafa0/f_57.png,https://drop-assets.ea.com/images/2064Z9wPzJbjkzW3n9b4RQ/ef883d28dde3104b3bea959320b4597a/l673.png,https://drop-assets.ea.com/images/2064Z9wPzJbjkzW3n9b4RQ/ef883d28dde3104b3bea959320b4597a/l673.png,https://drop-assets.ea.com/images/2064Z9wPzJbjkzW3n9b4RQ/ef883d28dde3104b3bea959320b4597a/l673.png,LB,67,91,67,64,67,61,64,,175,70,1A Pro League
fm_19354849,Jackson Porozo,//img.fminside.net/facesfm26/19354849.png,Ecuador,,https://img.fminside.net/flag-svg/ec.svg,Troyes,1971,//img.fminside.net/logos/Men/Clubs/Normal/1971.png,DC,61,68,61,42,61,69,72,Right,192,87,Ligue 2
277742,Jeremy Arévalo,https://ratings-images-prod.pulse.ea.com/FC25/full/player-portraits/p277742.png?padding=0.7,Ecuador,45,https://drop-assets.ea.com/images/Kv8okAYMsDbB3ZKbxrAXw/9d30c88d16a4c85002f35c6af412c6f7/f_45.png,https://drop-assets.ea.com/images/5V2bkOk8FIEJMEWuz70tnI/91475989a56e0b4171b890356993af7b/l456.png,https://drop-assets.ea.com/images/5V2bkOk8FIEJMEWuz70tnI/91475989a56e0b4171b890356993af7b/l456.png,https://drop-assets.ea.com/images/5V2bkOk8FIEJMEWuz70tnI/91475989a56e0b4171b890356993af7b/l456.png,ST,61,74,61,49,61,24,52,Right,180,81,LALIGA HYPERMOTION
236629,Christopher Opéri,https://ratings-images-prod.pulse.ea.com/FC25/full/player-portraits/p236629.png?padding=0.7,Ivory Coast,108,https://drop-assets.ea.com/images/6WOgIUFG0fMJWcKjih5i3K/8d09758d91059b879a2e5521f8d7e616/f_108.png,https://drop-assets.ea.com/images/zVaLMDwzieKwlZFk2bZ6K/58d008680451b4cf46041e38987cf69b/l101014.png,https://drop-assets.ea.com/images/zVaLMDwzieKwlZFk2bZ6K/58d008680451b4cf46041e38987cf69b/l101014.png,https://drop-assets.ea.com/images/zVaLMDwzieKwlZFk2bZ6K/58d008680451b4cf46041e38987cf69b/l101014.png,LB,72,78,72,70,72,68,72,,183,78,Trendyol Süper Lig
261028,Herman Johansson,https://ratings-images-prod.pulse.ea.com/FC25/full/player-portraits/p261028.png?padding=0.7,Sweden,46,https://drop-assets.ea.com/images/4ts7Tmr55hzylhHNBA5xsw/073e32f2c968ae9d531bb1d013a350a0/f_46.png,https://drop-assets.ea.com/images/2R8BSFngBCfvRboYU4yWaQ/7317fdcd076f7427d2c09a5d22aea240/l112072.png,https://drop-assets.ea.com/images/2R8BSFngBCfvRboYU4yWaQ/7317fdcd076f7427d2c09a5d22aea240/l112072.png,https://drop-assets.ea.com/images/2R8BSFngBCfvRboYU4yWaQ/7317fdcd076f7427d2c09a5d22aea240/l112072.png,RB,64,83,64,60,64,63,75,Right,190,82,Allsvenskan
fm_23348109,Shahriyar Moghanlou,//img.fminside.net/facesfm26/23348109.png,Iran,,https://img.fminside.net/flag-svg/ir.svg,,,,ST,59,63,59,54,59,29,70,Left,189,84,
182494,Fernando Muslera,https://ratings-images-prod.pulse.ea.com/FC25/full/player-portraits/p182494.png?padding=0.7,Uruguay,60,https://drop-assets.ea.com/images/GRwJwZ17RfDveZX4N4L78/25beda9babb2d93a8ff7bb5487eb263b/f_60.png,https://drop-assets.ea.com/images/4YAQMFITOGB7FMvl3pAP52/0b2344540d9573f06dea8d5ed3af4bff/l101083.png,https://drop-assets.ea.com/images/4YAQMFITOGB7FMvl3pAP52/0b2344540d9573f06dea8d5ed3af4bff/l101083.png,https://drop-assets.ea.com/images/4YAQMFITOGB7FMvl3pAP52/0b2344540d9573f06dea8d5ed3af4bff/l101083.png,GK,77,81,77,66,77,43,78,Right,190,74,LPF
fm_78063165,Sergio Rochet,//img.fminside.net/facesfm26/78063165.png,Uruguay,,https://img.fminside.net/flag-svg/uy.svg,Internacional,326,//img.fminside.net/logos/Men/Clubs/Normal/326.png,GK,75,63,75,60,75,59,67,Right,191,91,Série A
fm_78067540,Santiago Mele,//img.fminside.net/facesfm26/78067540.png,Uruguay,,https://img.fminside.net/flag-svg/uy.svg,Monterrey,1257,//img.fminside.net/logos/Men/Clubs/Normal/1257.png,GK,65,55,65,57,65,64,62,Right,178,78,Liga BBVA MX
216460,José María Giménez,https://ratings-images-prod.pulse.ea.com/FC25/full/player-portraits/p216460.png?padding=0.7,Uruguay,60,https://drop-assets.ea.com/images/GRwJwZ17RfDveZX4N4L78/25beda9babb2d93a8ff7bb5487eb263b/f_60.png,https://drop-assets.ea.com/images/vYcueolPvaGx8blMqhPZ5/5dc3479fc8b85d475fd980c53fc2056f/l240.png,https://drop-assets.ea.com/images/vYcueolPvaGx8blMqhPZ5/5dc3479fc8b85d475fd980c53fc2056f/l240.png,https://drop-assets.ea.com/images/vYcueolPvaGx8blMqhPZ5/5dc3479fc8b85d475fd980c53fc2056f/l240.png,CB,62,73,62,60,62,85,82,Right,185,79,LALIGA EA SPORTS
fm_78081848,Matías Viña,//img.fminside.net/facesfm26/78081848.png,Uruguay,,https://img.fminside.net/flag-svg/uy.svg,Flamengo,322,//img.fminside.net/logos/Men/Clubs/Normal/322.png,DL,66,73,66,59,66,55,60,Left,180,75,Série A
240716,Mathías Olivera,https://ratings-images-prod.pulse.ea.com/FC25/full/player-portraits/p240716.png?padding=0.7,Uruguay,60,https://drop-assets.ea.com/images/GRwJwZ17RfDveZX4N4L78/25beda9babb2d93a8ff7bb5487eb263b/f_60.png,https://drop-assets.ea.com/images/2FIV26KpnSXl3Nv8Ar6jk3/d8461aa150da3d433fccc34bc80c978f/l48.png,https://drop-assets.ea.com/images/2FIV26KpnSXl3Nv8Ar6jk3/d8461aa150da3d433fccc34bc80c978f/l48.png,https://drop-assets.ea.com/images/2FIV26KpnSXl3Nv8Ar6jk3/d8461aa150da3d433fccc34bc80c978f/l48.png,LB,72,70,72,69,72,77,73,,184,78,Serie A Enilive
fm_78044524,Guillermo Varela,//img.fminside.net/facesfm26/78044524.png,Uruguay,,https://img.fminside.net/flag-svg/uy.svg,Flamengo,322,//img.fminside.net/logos/Men/Clubs/Normal/322.png,DR,65,65,65,57,65,69,54,Right,174,69,Série A
253163,Ronald Araújo,https://ratings-images-prod.pulse.ea.com/FC25/full/player-portraits/p253163.png?padding=0.7,Uruguay,60,https://drop-assets.ea.com/images/GRwJwZ17RfDveZX4N4L78/25beda9babb2d93a8ff7bb5487eb263b/f_60.png,https://drop-assets.ea.com/images/5VXhqALaBzgvb2YG8iJxlq/990024f3e3ecc9e6c37eae41ebef86bd/l241.png,https://drop-assets.ea.com/images/5VXhqALaBzgvb2YG8iJxlq/990024f3e3ecc9e6c37eae41ebef86bd/l241.png,https://drop-assets.ea.com/images/5VXhqALaBzgvb2YG8iJxlq/990024f3e3ecc9e6c37eae41ebef86bd/l241.png,CB,61,80,61,63,61,81,83,Right,188,79,LALIGA EA SPORTS
fm_78089358,Sebastián Cáceres,//img.fminside.net/facesfm26/78089358.png,Uruguay,,https://img.fminside.net/flag-svg/uy.svg,Club América,1253,//img.fminside.net/logos/Men/Clubs/Normal/1253.png,DC,55,70,55,42,55,75,72,Right,180,75,Liga BBVA MX
fm_78077014,Joaquín Piquerez,//img.fminside.net/facesfm26/78077014.png,Uruguay,,https://img.fminside.net/flag-svg/uy.svg,Palmeiras,329,//img.fminside.net/logos/Men/Clubs/Normal/329.png,DL,63,63,63,64,63,69,67,Left,184,79,Série A
237658,Santiago Bueno,https://ratings-images-prod.pulse.ea.com/FC25/full/player-portraits/p237658.png?padding=0.7,Uruguay,60,https://drop-assets.ea.com/images/GRwJwZ17RfDveZX4N4L78/25beda9babb2d93a8ff7bb5487eb263b/f_60.png,https://drop-assets.ea.com/images/3DIKyPF6XcAgIrI3Wv0UBo/4b26ac5525105f84de13860ebe177633/l110.png,https://drop-assets.ea.com/images/3DIKyPF6XcAgIrI3Wv0UBo/4b26ac5525105f84de13860ebe177633/l110.png,https://drop-assets.ea.com/images/3DIKyPF6XcAgIrI3Wv0UBo/4b26ac5525105f84de13860ebe177633/l110.png,CB,56,50,56,56,56,77,77,Right,190,76,Premier League
227535,Rodrigo Bentancur,https://ratings-images-prod.pulse.ea.com/FC25/full/player-portraits/p227535.png?padding=0.7,Uruguay,60,https://drop-assets.ea.com/images/GRwJwZ17RfDveZX4N4L78/25beda9babb2d93a8ff7bb5487eb263b/f_60.png,https://drop-assets.ea.com/images/7kUcyCh5xGrzQlcjP2Q9NH/11aba507486f44765ee5938b1b5b097e/l18.png,https://drop-assets.ea.com/images/7kUcyCh5xGrzQlcjP2Q9NH/11aba507486f44765ee5938b1b5b097e/l18.png,https://drop-assets.ea.com/images/7kUcyCh5xGrzQlcjP2Q9NH/11aba507486f44765ee5938b1b5b097e/l18.png,CDM,79,64,79,78,79,78,72,Right,187,73,Premier League
239053,Federico Valverde,https://ratings-images-prod.pulse.ea.com/FC25/full/player-portraits/p239053.png?padding=0.7,Uruguay,60,https://drop-assets.ea.com/images/GRwJwZ17RfDveZX4N4L78/25beda9babb2d93a8ff7bb5487eb263b/f_60.png,https://drop-assets.ea.com/images/Pk8nYrWuRt895RlhJx8jI/445d98b711f413a3a1e70c41b19b0f95/l243.png,https://drop-assets.ea.com/images/Pk8nYrWuRt895RlhJx8jI/445d98b711f413a3a1e70c41b19b0f95/l243.png,https://drop-assets.ea.com/images/Pk8nYrWuRt895RlhJx8jI/445d98b711f413a3a1e70c41b19b0f95/l243.png,CM,84,88,84,84,84,83,85,Right,182,74,LALIGA EA SPORTS
fm_78059800,Giorgian de Arrascaeta,//img.fminside.net/facesfm26/78059800.png,Uruguay,,https://img.fminside.net/flag-svg/uy.svg,Flamengo,322,//img.fminside.net/logos/Men/Clubs/Normal/322.png,AMC,78,63,78,77,78,32,55,Right,173,68,Série A
253283,Facundo Pellistri,https://ratings-images-prod.pulse.ea.com/FC25/full/player-portraits/p253283.png?padding=0.7,Uruguay,60,https://drop-assets.ea.com/images/GRwJwZ17RfDveZX4N4L78/25beda9babb2d93a8ff7bb5487eb263b/f_60.png,https://drop-assets.ea.com/images/zBYvcvWRAiK0eUY0XmU05/eebc4858ed03bb676b80ce8b9cef6919/l1884.png,https://drop-assets.ea.com/images/zBYvcvWRAiK0eUY0XmU05/eebc4858ed03bb676b80ce8b9cef6919/l1884.png,https://drop-assets.ea.com/images/zBYvcvWRAiK0eUY0XmU05/eebc4858ed03bb676b80ce8b9cef6919/l1884.png,RM,75,82,75,66,75,38,63,Right,175,69,Hellas Liga
253306,Manuel Ugarte,https://ratings-images-prod.pulse.ea.com/FC25/full/player-portraits/p253306.png?padding=0.7,Uruguay,60,https://drop-assets.ea.com/images/GRwJwZ17RfDveZX4N4L78/25beda9babb2d93a8ff7bb5487eb263b/f_60.png,https://drop-assets.ea.com/images/5xxJeUfFY6FEQZEJyJK35/990979becf88b88ecb6461dc441c2ebf/l11.png,https://drop-assets.ea.com/images/5xxJeUfFY6FEQZEJyJK35/990979becf88b88ecb6461dc441c2ebf/l11.png,https://drop-assets.ea.com/images/5xxJeUfFY6FEQZEJyJK35/990979becf88b88ecb6461dc441c2ebf/l11.png,CDM,76,62,76,72,76,77,75,Right,182,77,Premier League
fm_78079444,Nicolás de la Cruz,//img.fminside.net/facesfm26/78079444.png,Uruguay,,https://img.fminside.net/flag-svg/uy.svg,Flamengo,322,//img.fminside.net/logos/Men/Clubs/Normal/322.png,MC,71,68,71,69,71,40,42,Right,167,62,Série A
fm_78088254,Brian Rodríguez,//img.fminside.net/facesfm26/78088254.png,Uruguay,,https://img.fminside.net/flag-svg/uy.svg,Club América,1253,//img.fminside.net/logos/Men/Clubs/Normal/1253.png,AMR,69,73,69,64,69,29,45,Right,172,67,Liga BBVA MX
254817,Maximiliano Araújo,https://ratings-images-prod.pulse.ea.com/FC25/full/player-portraits/p254817.png?padding=0.7,Uruguay,60,https://drop-assets.ea.com/images/GRwJwZ17RfDveZX4N4L78/25beda9babb2d93a8ff7bb5487eb263b/f_60.png,https://drop-assets.ea.com/images/2bL9oGApMvbYE1o0Byl8KB/c914cde8141f11124f026cb198a0eb00/l237.png,https://drop-assets.ea.com/images/2bL9oGApMvbYE1o0Byl8KB/c914cde8141f11124f026cb198a0eb00/l237.png,https://drop-assets.ea.com/images/2bL9oGApMvbYE1o0Byl8KB/c914cde8141f11124f026cb198a0eb00/l237.png,LM,79,85,79,70,79,68,68,,177,75,Liga Portugal
fm_78084523,Agustín Canobbio,//img.fminside.net/facesfm26/78084523.png,Uruguay,,https://img.fminside.net/flag-svg/uy.svg,Fluminense,323,//img.fminside.net/logos/Men/Clubs/Normal/323.png,AMR,62,65,62,57,62,52,62,Right,175,70,Série A
251377,Rodrigo Zalazar,https://ratings-images-prod.pulse.ea.com/FC25/full/player-portraits/p251377.png?padding=0.7,Uruguay,60,https://drop-assets.ea.com/images/GRwJwZ17RfDveZX4N4L78/25beda9babb2d93a8ff7bb5487eb263b/f_60.png,https://drop-assets.ea.com/images/4qjtfL57Y3CxvssFaOwnJT/08cfda01d445741b93fd0f8163a4b267/l1896.png,https://drop-assets.ea.com/images/4qjtfL57Y3CxvssFaOwnJT/08cfda01d445741b93fd0f8163a4b267/l1896.png,https://drop-assets.ea.com/images/4qjtfL57Y3CxvssFaOwnJT/08cfda01d445741b93fd0f8163a4b267/l1896.png,CAM,78,80,78,79,78,67,74,Right,178,70,Liga Portugal
fm_78088642,Juan Manuel Sanabria,//img.fminside.net/facesfm26/78088642.png,Uruguay,,https://img.fminside.net/flag-svg/uy.svg,Real Salt Lake,980543,//img.fminside.net/logos/Men/Clubs/Normal/980543.png,DL,61,60,61,64,61,59,55,Left,172,67,MLS
253072,Darwin Núñez,https://ratings-images-prod.pulse.ea.com/FC25/full/player-portraits/p253072.png?padding=0.7,Uruguay,60,https://drop-assets.ea.com/images/GRwJwZ17RfDveZX4N4L78/25beda9babb2d93a8ff7bb5487eb263b/f_60.png,https://drop-assets.ea.com/images/S6sbDN9mfGaVn2VJDekYR/c6f580c98a0d614b0b308a89a241c6ab/l605.png,https://drop-assets.ea.com/images/S6sbDN9mfGaVn2VJDekYR/c6f580c98a0d614b0b308a89a241c6ab/l605.png,https://drop-assets.ea.com/images/S6sbDN9mfGaVn2VJDekYR/c6f580c98a0d614b0b308a89a241c6ab/l605.png,ST,76,88,76,72,76,49,82,Right,187,81,ROSHN Saudi League
253385,Federico Viñas,https://ratings-images-prod.pulse.ea.com/FC25/full/player-portraits/p253385.png?padding=0.7,Uruguay,60,https://drop-assets.ea.com/images/GRwJwZ17RfDveZX4N4L78/25beda9babb2d93a8ff7bb5487eb263b/f_60.png,https://drop-assets.ea.com/images/1T0WoM8QmdkGaHUzqSll3a/13e4f9aa029c861d5766dd1eb4f6a75f/l110827.png,https://drop-assets.ea.com/images/1T0WoM8QmdkGaHUzqSll3a/13e4f9aa029c861d5766dd1eb4f6a75f/l110827.png,https://drop-assets.ea.com/images/1T0WoM8QmdkGaHUzqSll3a/13e4f9aa029c861d5766dd1eb4f6a75f/l110827.png,ST,70,73,70,56,70,25,76,,181,80,LALIGA EA SPORTS
fm_78043800,Rodrigo Aguirre,//img.fminside.net/facesfm26/78043800.png,Uruguay,,https://img.fminside.net/flag-svg/uy.svg,Tigres,104360,//img.fminside.net/logos/Men/Clubs/Normal/104360.png,ST,66,65,66,57,66,42,65,Left,187,82,Liga BBVA MX
240311,Luca Zidane,https://ratings-images-prod.pulse.ea.com/FC25/full/player-portraits/p240311.png?padding=0.7,Algeria,18,https://drop-assets.ea.com/images/3ECAQzhfgSLWRf9IIHB6G8/7e235a7b2f93c1f73db7f89dc03b3657/f_18.png,https://drop-assets.ea.com/images/n379Zs757PZRjAHkeaOAw/63c30cacf664c291250442251848dcd9/l110832.png,https://drop-assets.ea.com/images/n379Zs757PZRjAHkeaOAw/63c30cacf664c291250442251848dcd9/l110832.png,https://drop-assets.ea.com/images/n379Zs757PZRjAHkeaOAw/63c30cacf664c291250442251848dcd9/l110832.png,GK,70,72,70,66,70,37,71,Right,183,78,LALIGA HYPERMOTION
,Oussama Benbot,,Algeria,,,,,,GK,,,,,,,,,,,
fm_98053728,Melvin Mastil,//img.fminside.net/facesfm26/98053728.png,Algeria,,https://img.fminside.net/flag-svg/ch.svg,FC Lausanne,1856,//img.fminside.net/logos/Men/Clubs/Normal/1856.png,GK,65,28,65,62,65,64,64,Right,196,96,Super League
201143,Aïssa Mandi,https://ratings-images-prod.pulse.ea.com/FC25/full/player-portraits/p201143.png?padding=0.7,Algeria,97,https://drop-assets.ea.com/images/7DBnvM9EEo73oK7xEvbWvJ/47a0a190f5a0092fef1bc40e7e74b8f9/f_97.png,https://drop-assets.ea.com/images/tfbRaZiFuJ9jTer1qcf0Z/95171efd06d2494735c0e8a7c5aa9df2/l65.png,https://drop-assets.ea.com/images/tfbRaZiFuJ9jTer1qcf0Z/95171efd06d2494735c0e8a7c5aa9df2/l65.png,https://drop-assets.ea.com/images/tfbRaZiFuJ9jTer1qcf0Z/95171efd06d2494735c0e8a7c5aa9df2/l65.png,CB,67,57,67,71,67,75,73,Right,186,82,Ligue 1 McDonald's
224196,Ramy Bensebaini,https://ratings-images-prod.pulse.ea.com/FC25/full/player-portraits/p224196.png?padding=0.7,Algeria,97,https://drop-assets.ea.com/images/7DBnvM9EEo73oK7xEvbWvJ/47a0a190f5a0092fef1bc40e7e74b8f9/f_97.png,https://drop-assets.ea.com/images/TmqxUZk2FrbFXOK1kdE89/3dce225926ac7cfd9f283ecd731fa710/l22.png,https://drop-assets.ea.com/images/TmqxUZk2FrbFXOK1kdE89/3dce225926ac7cfd9f283ecd731fa710/l22.png,https://drop-assets.ea.com/images/TmqxUZk2FrbFXOK1kdE89/3dce225926ac7cfd9f283ecd731fa710/l22.png,LB,77,73,77,70,77,78,79,,187,82,Bundesliga
,Mohamed Amine Tougai,,Algeria,,,,,,DF,,,,,,,,,,,
242641,Rayan Aït-Nouri,https://ratings-images-prod.pulse.ea.com/FC25/full/player-portraits/p242641.png?padding=0.7,Algeria,97,https://drop-assets.ea.com/images/7DBnvM9EEo73oK7xEvbWvJ/47a0a190f5a0092fef1bc40e7e74b8f9/f_97.png,https://drop-assets.ea.com/images/4asmNLic4aQn6cjlEg1t5u/88bea3ddd6c1f620bbf813041f248685/l10.png,https://drop-assets.ea.com/images/4asmNLic4aQn6cjlEg1t5u/88bea3ddd6c1f620bbf813041f248685/l10.png,https://drop-assets.ea.com/images/4asmNLic4aQn6cjlEg1t5u/88bea3ddd6c1f620bbf813041f248685/l10.png,LB,84,84,84,76,84,77,70,,180,70,Premier League
258230,Jaouen Hadjam,https://ratings-images-prod.pulse.ea.com/FC25/full/player-portraits/p258230.png?padding=0.7,Algeria,97,https://drop-assets.ea.com/images/7DBnvM9EEo73oK7xEvbWvJ/47a0a190f5a0092fef1bc40e7e74b8f9/f_97.png,https://drop-assets.ea.com/images/8VBEw8DGcz4EDqhJUuAfw/edd537527e950001ddf4c17e470bfafb/l900.png,https://drop-assets.ea.com/images/8VBEw8DGcz4EDqhJUuAfw/edd537527e950001ddf4c17e470bfafb/l900.png,https://drop-assets.ea.com/images/8VBEw8DGcz4EDqhJUuAfw/edd537527e950001ddf4c17e470bfafb/l900.png,LB,69,79,69,59,69,65,72,,185,83,Brack Super League
276314,Rafik Belghali,https://ratings-images-prod.pulse.ea.com/FC25/full/player-portraits/p276314.png?padding=0.7,Algeria,97,https://drop-assets.ea.com/images/7DBnvM9EEo73oK7xEvbWvJ/47a0a190f5a0092fef1bc40e7e74b8f9/f_97.png,https://drop-assets.ea.com/images/5sDHfKyYzQUx61yjdwHNAs/f27b36d6fa211871a9936b452406ccc6/l206.png,https://drop-assets.ea.com/images/5sDHfKyYzQUx61yjdwHNAs/f27b36d6fa211871a9936b452406ccc6/l206.png,https://drop-assets.ea.com/images/5sDHfKyYzQUx61yjdwHNAs/f27b36d6fa211871a9936b452406ccc6/l206.png,RB,66,81,66,61,66,61,62,Right,186,73,Serie A Enilive
fm_12093921,Zineddine Belaïd,//img.fminside.net/facesfm26/12093921.png,Algeria,,https://img.fminside.net/flag-svg/dz.svg,JS Kabylie,5340072,//img.fminside.net/logos/Men/Clubs/Normal/5340072.png,DC,52,63,52,52,52,65,69,Right,188,83,Ligue 1
fm_2000379918,Achref Abada,//img.fminside.net/faces/default-male.png,Algeria,,https://img.fminside.net/flag-svg/dz.svg,USM Alger,5340080,//img.fminside.net/logos/Men/Clubs/Normal/5340080.png,DC,49,65,49,40,49,59,57,Right,187,82,Ligue 1
248477,Samir Chergui,https://ratings-images-prod.pulse.ea.com/FC25/full/player-portraits/p248477.png?padding=0.7,Algeria,18,https://drop-assets.ea.com/images/3ECAQzhfgSLWRf9IIHB6G8/7e235a7b2f93c1f73db7f89dc03b3657/f_18.png,https://drop-assets.ea.com/images/3q4gMefpvBrGdVOPMxk1dD/d310abcaf71d2a45ee4362b169469a93/l111817.png,https://drop-assets.ea.com/images/3q4gMefpvBrGdVOPMxk1dD/d310abcaf71d2a45ee4362b169469a93/l111817.png,https://drop-assets.ea.com/images/3q4gMefpvBrGdVOPMxk1dD/d310abcaf71d2a45ee4362b169469a93/l111817.png,CB,63,48,63,64,63,66,66,Right,185,78,Ligue 1 McDonald's
213296,Nabil Bentaleb,https://ratings-images-prod.pulse.ea.com/FC25/full/player-portraits/p213296.png?padding=0.7,Algeria,97,https://drop-assets.ea.com/images/7DBnvM9EEo73oK7xEvbWvJ/47a0a190f5a0092fef1bc40e7e74b8f9/f_97.png,https://drop-assets.ea.com/images/tfbRaZiFuJ9jTer1qcf0Z/95171efd06d2494735c0e8a7c5aa9df2/l65.png,https://drop-assets.ea.com/images/tfbRaZiFuJ9jTer1qcf0Z/95171efd06d2494735c0e8a7c5aa9df2/l65.png,https://drop-assets.ea.com/images/tfbRaZiFuJ9jTer1qcf0Z/95171efd06d2494735c0e8a7c5aa9df2/l65.png,CDM,79,50,79,77,79,71,73,,187,78,Ligue 1 McDonald's
fm_37055855,Ramiz Zerrouki,//img.fminside.net/facesfm26/37055855.png,Algeria,,https://img.fminside.net/flag-svg/dz.svg,Feyenoord,1013,//img.fminside.net/logos/Men/Clubs/Normal/1013.png,DM,64,53,64,65,64,67,64,Right,183,78,Eredivisie
253157,Hicham Boudaoui,https://ratings-images-prod.pulse.ea.com/FC25/full/player-portraits/p253157.png?padding=0.7,Algeria,97,https://drop-assets.ea.com/images/7DBnvM9EEo73oK7xEvbWvJ/47a0a190f5a0092fef1bc40e7e74b8f9/f_97.png,https://drop-assets.ea.com/images/zByYanPvcCULBfC8OITvN/a262863aa77bfb1551a403f5f9b49f28/l72.png,https://drop-assets.ea.com/images/zByYanPvcCULBfC8OITvN/a262863aa77bfb1551a403f5f9b49f28/l72.png,https://drop-assets.ea.com/images/zByYanPvcCULBfC8OITvN/a262863aa77bfb1551a403f5f9b49f28/l72.png,CM,77,73,77,74,77,74,76,Right,175,61,Ligue 1 McDonald's
270670,Farès Chaïbi,https://ratings-images-prod.pulse.ea.com/FC25/full/player-portraits/p270670.png?padding=0.7,Algeria,97,https://drop-assets.ea.com/images/7DBnvM9EEo73oK7xEvbWvJ/47a0a190f5a0092fef1bc40e7e74b8f9/f_97.png,https://drop-assets.ea.com/images/3KK76lJIZtlRnPaAgbD85V/5614e02825eb0ed03b69a9d078e40db9/l1824.png,https://drop-assets.ea.com/images/3KK76lJIZtlRnPaAgbD85V/5614e02825eb0ed03b69a9d078e40db9/l1824.png,https://drop-assets.ea.com/images/3KK76lJIZtlRnPaAgbD85V/5614e02825eb0ed03b69a9d078e40db9/l1824.png,CAM,76,69,76,75,76,68,69,Right,183,79,Bundesliga
234906,Houssem Aouar,https://ratings-images-prod.pulse.ea.com/FC25/full/player-portraits/p234906.png?padding=0.7,Algeria,97,https://drop-assets.ea.com/images/7DBnvM9EEo73oK7xEvbWvJ/47a0a190f5a0092fef1bc40e7e74b8f9/f_97.png,https://drop-assets.ea.com/images/21L35ZnVrrvEeFouMeqs8Q/b631b443b4d37e1712ed79f2487d850c/l607.png,https://drop-assets.ea.com/images/21L35ZnVrrvEeFouMeqs8Q/b631b443b4d37e1712ed79f2487d850c/l607.png,https://drop-assets.ea.com/images/21L35ZnVrrvEeFouMeqs8Q/b631b443b4d37e1712ed79f2487d850c/l607.png,CAM,82,66,82,75,82,65,65,Right,175,70,ROSHN Saudi League
275029,Ibrahim Maza,https://ratings-images-prod.pulse.ea.com/FC25/full/player-portraits/p275029.png?padding=0.7,Algeria,97,https://drop-assets.ea.com/images/7DBnvM9EEo73oK7xEvbWvJ/47a0a190f5a0092fef1bc40e7e74b8f9/f_97.png,https://drop-assets.ea.com/images/mGqQw1um1ucUAshcK0Eop/9c7fe656f526c98b217ff2a052377b5c/l32.png,https://drop-assets.ea.com/images/mGqQw1um1ucUAshcK0Eop/9c7fe656f526c98b217ff2a052377b5c/l32.png,https://drop-assets.ea.com/images/mGqQw1um1ucUAshcK0Eop/9c7fe656f526c98b217ff2a052377b5c/l32.png,CAM,79,75,79,66,79,40,62,Right,180,70,Bundesliga
73348,Yacine Titraoui,https://ratings-images-prod.pulse.ea.com/FC25/full/player-portraits/p73348.png?padding=0.7,Algeria,97,https://drop-assets.ea.com/images/7DBnvM9EEo73oK7xEvbWvJ/47a0a190f5a0092fef1bc40e7e74b8f9/f_97.png,https://drop-assets.ea.com/images/7MZjUJqGtBBMgTBoalpeXO/0553e80b7ecd320e3ec0bba523e3757c/l670.png,https://drop-assets.ea.com/images/7MZjUJqGtBBMgTBoalpeXO/0553e80b7ecd320e3ec0bba523e3757c/l670.png,https://drop-assets.ea.com/images/7MZjUJqGtBBMgTBoalpeXO/0553e80b7ecd320e3ec0bba523e3757c/l670.png,CDM,70,66,70,65,70,62,63,Right,170,62,1A Pro League
204485,Riyad Mahrez,https://ratings-images-prod.pulse.ea.com/FC25/full/player-portraits/p204485.png?padding=0.7,Algeria,97,https://drop-assets.ea.com/images/7DBnvM9EEo73oK7xEvbWvJ/47a0a190f5a0092fef1bc40e7e74b8f9/f_97.png,https://drop-assets.ea.com/images/3lVk0osL7o6YMhHuK4YYD6/5e106847b59ce2a4f0bfb55988d812c3/l112387.png,https://drop-assets.ea.com/images/3lVk0osL7o6YMhHuK4YYD6/5e106847b59ce2a4f0bfb55988d812c3/l112387.png,https://drop-assets.ea.com/images/3lVk0osL7o6YMhHuK4YYD6/5e106847b59ce2a4f0bfb55988d812c3/l112387.png,RM,88,78,88,81,88,39,63,,179,67,ROSHN Saudi League
264697,Mohamed Amoura,https://ratings-images-prod.pulse.ea.com/FC25/full/player-portraits/p264697.png?padding=0.7,Algeria,97,https://drop-assets.ea.com/images/7DBnvM9EEo73oK7xEvbWvJ/47a0a190f5a0092fef1bc40e7e74b8f9/f_97.png,https://drop-assets.ea.com/images/4mw5u30yjPmzh9OVqKB0YV/ad59c24a84c9afb0a877046fadeb9c9e/l175.png,https://drop-assets.ea.com/images/4mw5u30yjPmzh9OVqKB0YV/ad59c24a84c9afb0a877046fadeb9c9e/l175.png,https://drop-assets.ea.com/images/4mw5u30yjPmzh9OVqKB0YV/ad59c24a84c9afb0a877046fadeb9c9e/l175.png,ST,86,90,86,71,86,47,61,Right,170,61,Bundesliga
240753,Amine Gouiri,https://ratings-images-prod.pulse.ea.com/FC25/full/player-portraits/p240753.png?padding=0.7,Algeria,97,https://drop-assets.ea.com/images/7DBnvM9EEo73oK7xEvbWvJ/47a0a190f5a0092fef1bc40e7e74b8f9/f_97.png,https://drop-assets.ea.com/images/3t06Qm41tT2gB8NqJYXdue/928373951a71a9a8565497e6481925d1/l219.png,https://drop-assets.ea.com/images/3t06Qm41tT2gB8NqJYXdue/928373951a71a9a8565497e6481925d1/l219.png,https://drop-assets.ea.com/images/3t06Qm41tT2gB8NqJYXdue/928373951a71a9a8565497e6481925d1/l219.png,ST,80,77,80,76,80,45,71,Right,181,80,Ligue 1 McDonald's
fm_73201859,Anis Hadj Moussa,//img.fminside.net/facesfm26/73201859.png,Algeria,,https://img.fminside.net/flag-svg/dz.svg,Feyenoord,1013,//img.fminside.net/logos/Men/Clubs/Normal/1013.png,AMR,75,75,75,64,75,27,49,Left,176,71,Eredivisie
fm_2000158695,Adil Boulbina,//img.fminside.net/facesfm26/2000158695.png,Algeria,,https://img.fminside.net/flag-svg/dz.svg,Al-Duhail,23404990,//img.fminside.net/logos/Men/Clubs/Normal/23404990.png,AML,65,73,65,54,65,29,49,Right,179,74,Stars League
fm_2000081515,Nadhir Benbouali,//img.fminside.net/facesfm26/2000081515.png,Algeria,,https://img.fminside.net/flag-svg/dz.svg,Győr,1054,//img.fminside.net/logos/Men/Clubs/Normal/1054.png,ST,60,63,60,50,60,39,65,Left,190,85,OTP Bank Liga
279877,Farès Ghedjemis,https://ratings-images-prod.pulse.ea.com/FC25/full/player-portraits/p279877.png?padding=0.7,Algeria,18,https://drop-assets.ea.com/images/3ECAQzhfgSLWRf9IIHB6G8/7e235a7b2f93c1f73db7f89dc03b3657/f_18.png,https://drop-assets.ea.com/images/35tTZvfFMDawbbdlPaDA3q/efcd9dee1d887005c909dc280caab426/l111657.png,https://drop-assets.ea.com/images/35tTZvfFMDawbbdlPaDA3q/efcd9dee1d887005c909dc280caab426/l111657.png,https://drop-assets.ea.com/images/35tTZvfFMDawbbdlPaDA3q/efcd9dee1d887005c909dc280caab426/l111657.png,RW,64,67,64,56,64,29,38,,183,75,Serie BKT
fm_37041729,Derrick Luckassen,//img.fminside.net/facesfm26/37041729.png,Ghana,,https://img.fminside.net/flag-svg/nl.svg,Pafos,26031118,//img.fminside.net/logos/Men/Clubs/Normal/26031118.png,DC,55,63,55,55,55,67,67,Right,186,81,A' Katigorías
