"National Team","No","Pos","Player","Captain","Age","Caps","Goals","Value","Club","Club Country","Final Squad (26)"
"Czech Republic","","GK","Matěj Kovář","No","26","19","0","$9M","PSV Eindhoven","Netherlands","Yes"
"Czech Republic","","GK","Jindřich Staněk","No","30","14","0","$8M","Slavia Prague","Czech Republic","Yes"
"Czech Republic","","GK","Lukáš Horníček","No","23","1","0","$45M","Braga","Portugal","Yes"
"Czech Republic","","DF","Vladimír Coufal","No","33","61","2","$521M","TSG Hoffenheim","Germany","Yes"
"Czech Republic","","DF","Tomáš Holeš","No","33","40","2","$521M","Slavia Prague","Czech Republic","Yes"
"Czech Republic","","DF","Ladislav Krejčí","Yes","27","26","5","$60M","Wolverhampton Wanderers","England","Yes"
"Czech Republic","","DF","David Zima","No","25","24","1","$7M","Slavia Prague","Czech Republic","Yes"
"Czech Republic","","DF","Jaroslav Zelený","No","33","22","0","$736K","Sparta Prague","Czech Republic","Yes"
"Czech Republic","","DF","David Jurásek","No","25","17","1","$2M","Slavia Prague","Czech Republic","Yes"
"Czech Republic","","DF","David Douděra","No","28","16","2","$8M","Slavia Prague","Czech Republic","Yes"
"Czech Republic","","DF","Robin Hranáč","No","26","13","1","$11M","TSG Hoffenheim","Germany","Yes"
"Czech Republic","","DF","Štěpán Chaloupek","No","23","4","0","$2M","Slavia Prague","Czech Republic","Yes"
"Czech Republic","","MF","Tomáš Souček","No","31","89","17","$40M","West Ham United","England","Yes"
"Czech Republic","","MF","Vladimír Darida","No","35","78","8","$521M","Hradec Králové","Czech Republic","Yes"
"Czech Republic","","MF","Lukáš Provod","No","29","37","3","$18M","Slavia Prague","Czech Republic","Yes"
"Czech Republic","","MF","Michal Sadílek","No","27","34","1","$10M","Slavia Prague","Czech Republic","Yes"
"Czech Republic","","MF","Pavel Šulc","No","25","20","5","$521M","Lyon","France","Yes"
"Czech Republic","","MF","Lukáš Červ","No","25","16","2","$8M","Viktoria Plzeň","Czech Republic","Yes"
"Czech Republic","","MF","Hugo Sochůrek","No","18","1","0","$813K","Sparta Prague","Czech Republic","Yes"
"Czech Republic","","MF","Alexandr Sojka","No","23","1","0","$3M","Viktoria Plzeň","Czech Republic","Yes"
"Czech Republic","","MF","Denis Višinský","No","23","1","0","$4M","Viktoria Plzeň","Czech Republic","Yes"
"Czech Republic","","FW","Patrik Schick","No","30","52","25","$95M","Bayer Leverkusen","Germany","Yes"
"Czech Republic","","FW","Adam Hložek","No","23","42","5","$46M","TSG Hoffenheim","Germany","Yes"
"Czech Republic","","FW","Jan Kuchta","No","29","31","3","$6M","Sparta Prague","Czech Republic","Yes"
"Czech Republic","","FW","Mojmír Chytil","No","27","22","6","$11M","Slavia Prague","Czech Republic","Yes"
"Czech Republic","","FW","Tomáš Chorý","No","31","21","6","$17M","Slavia Prague","Czech Republic","Yes"
"Mexico","","GK","Guillermo Ochoa","No","40","152","0","$521M","AEL Limassol","Cyprus","Yes"
"Mexico","","GK","Raúl Rangel","No","26","13","0","$9M","Guadalajara","Mexico","Yes"
"Mexico","","GK","Carlos Acevedo","No","30","7","0","$7M","Santos Laguna","Mexico","Yes"
"Mexico","","DF","Jesús Gallardo","No","31","120","3","$12M","Toluca","Mexico","Yes"
"Mexico","","DF","César Montes","No","29","66","4","$16M","Lokomotiv Moscow","Russia","Yes"
"Mexico","","DF","Jorge Sánchez","No","28","58","3","$19M","PAOK","Greece","Yes"
"Mexico","","DF","Johan Vásquez","No","27","45","2","","Genoa","Italy","Yes"
"Mexico","","DF","Israel Reyes","No","26","33","2","$13M","América","Mexico","Yes"
"Mexico","","DF","Mateo Chávez","No","22","9","0","$31M","AZ","Netherlands","Yes"
"Mexico","","MF","Edson Álvarez","Yes","28","97","7","$58M","Fenerbahçe","Turkey","Yes"
"Mexico","","MF","Orbelín Pineda","No","30","91","12","$35M","AEK Athens","Greece","Yes"
"Mexico","","MF","Roberto Alvarado","No","27","66","5","$16M","Guadalajara","Mexico","Yes"
"Mexico","","MF","Luis Romo","No","31","62","4","$8M","Guadalajara","Mexico","Yes"
"Mexico","","MF","Luis Chávez","No","30","44","4","$9M","Dynamo Moscow","Russia","Yes"
"Mexico","","MF","Érik Lira","No","26","24","0","$11M","Cruz Azul","Mexico","Yes"
"Mexico","","MF","Gilberto Mora","No","17","7","0","$4M","Tijuana","Mexico","Yes"
"Mexico","","MF","Brian Gutiérrez","No","22","6","2","$11M","Guadalajara","Mexico","Yes"
"Mexico","","MF","Obed Vargas","No","20","6","0","$42M","Atlético Madrid","Spain","Yes"
"Mexico","","MF","Álvaro Fidalgo","No","29","3","0","$41M","Real Betis","Spain","Yes"
"Mexico","","FW","Raúl Jiménez","No","35","123","44","$521M","Fulham","England","Yes"
"Mexico","","FW","Alexis Vega","No","28","51","7","$23M","Toluca","Mexico","Yes"
"Mexico","","FW","Santiago Giménez","No","25","47","6","$42M","Milan","Italy","Yes"
"Mexico","","FW","César Huerta","No","25","26","3","$9M","Anderlecht","Belgium","Yes"
"Mexico","","FW","Julián Quiñones","No","29","21","2","$80M","Al-Qadsiah","Saudi Arabia","Yes"
"Mexico","","FW","Guillermo Martínez","No","31","11","3","$4M","UNAM","Mexico","Yes"
"Mexico","","FW","Armando González","No","23","7","1","$2M","Guadalajara","Mexico","Yes"
"South Africa","","GK","Ronwen Williams","Yes","34","62","0","$521M","Mamelodi Sundowns","South Africa","Yes"
"South Africa","","GK","Ricardo Goss","No","32","4","0","$222K","Siwelele","South Africa","Yes"
"South Africa","","GK","Sipho Chaine","No","29","3","0","$271K","Orlando Pirates","South Africa","Yes"
"South Africa","","DF","Aubrey Modiba","No","30","44","3","$640K","Mamelodi Sundowns","South Africa","Yes"
"South Africa","","DF","Khuliso Mudau","No","31","32","1","$563K","Mamelodi Sundowns","South Africa","Yes"
"South Africa","","DF","Nkosinathi Sibisi","No","30","19","0","$177K","Orlando Pirates","South Africa","Yes"
"South Africa","","DF","Mbekezeli Mbokazi","No","20","10","1","$9M","Chicago Fire FC","United States","Yes"
"South Africa","","DF","Ime Okon","No","22","7","1","$4M","Hannover 96","Germany","Yes"
"South Africa","","DF","Samukele Kabini","No","22","5","0","$5M","Molde","Norway","Yes"
"South Africa","","DF","Khulumani Ndamane","No","22","5","0","$451K","Mamelodi Sundowns","South Africa","Yes"
"South Africa","","DF","Thabang Matuludi","No","27","2","0","$92K","Polokwane City","South Africa","Yes"
"South Africa","","DF","Kamogelo Sebelebele","No","23","2","0","$451K","Orlando Pirates","South Africa","Yes"
"South Africa","","DF","Bradley Cross","No","25","0","0","$86K","Kaizer Chiefs","South Africa","Yes"
"South Africa","","DF","Olwethu Makhanya","No","22","0","0","$4M","Philadelphia Union","United States","Yes"
"South Africa","","MF","Teboho Mokoena","No","29","51","9","$892K","Mamelodi Sundowns","South Africa","Yes"
"South Africa","","MF","Sphephelo Sithole","No","27","27","1","","Tondela","Portugal","Yes"
"South Africa","","MF","Thalente Mbatha","No","26","14","3","$572K","Orlando Pirates","South Africa","Yes"
"South Africa","","MF","Jayden Adams","No","25","4","0","$2M","Mamelodi Sundowns","South Africa","Yes"
"South Africa","","FW","Themba Zwane","No","36","53","12","$521M","Mamelodi Sundowns","South Africa","Yes"
"South Africa","","FW","Lyle Foster","No","26","26","10","$17M","Burnley","England","Yes"
"South Africa","","FW","Evidence Makgopa","No","26","26","6","$328K","Orlando Pirates","South Africa","Yes"
"South Africa","","FW","Oswin Appollis","No","24","25","8","$602K","Orlando Pirates","South Africa","Yes"
"South Africa","","FW","Iqraam Rayners","No","30","13","4","$939K","Mamelodi Sundowns","South Africa","Yes"
"South Africa","","FW","Relebohile Mofokeng","No","21","12","0","$692K","Orlando Pirates","South Africa","Yes"
"South Africa","","FW","Thapelo Maseko","No","22","9","1","$547K","AEL Limassol","Cyprus","Yes"
"South Africa","","FW","Tshepang Moremi","No","25","9","1","$241K","Orlando Pirates","South Africa","Yes"
"South Korea","","GK","Kim Seung-gyu","No","35","86","0","$521M","FC Tokyo","Japan","Yes"
"South Korea","","GK","Jo Hyeon-woo","No","34","48","0","$521M","Ulsan HD","South Korea","Yes"
"South Korea","","GK","Song Bum-keun","No","28","2","0","","Jeonbuk Hyundai Motors","South Korea","Yes"
"South Korea","","DF","Kim Min-jae","No","29","78","4","$74M","Bayern Munich","Germany","Yes"
"South Korea","","DF","Kim Moon-hwan","No","30","35","0","$962K","Daejeon Hana Citizen","South Korea","Yes"
"South Korea","","DF","Seol Young-woo","No","27","33","0","","Red Star Belgrade","Serbia","Yes"
"South Korea","","DF","Lee Tae-seok","No","23","14","1","","Austria Wien","Austria","Yes"
"South Korea","","DF","Park Jin-seob","No","30","13","1","$2M","Zhejiang","China","Yes"
"South Korea","","DF","Kim Tae-hyeon","No","25","7","0","$2M","Kashima Antlers","Japan","Yes"
"South Korea","","DF","Lee Han-beom","No","23","7","0","$5M","Midtjylland","Denmark","Yes"
"South Korea","","DF","Jens Castrop","No","22","6","0","$8M","Borussia Mönchengladbach","Germany","Yes"
"South Korea","","DF","Lee Ki-hyuk","No","25","2","0","","Gangwon FC","South Korea","Yes"
"South Korea","","DF","Cho Wi-je","No","24","0","0","$503K","Jeonbuk Hyundai Motors","South Korea","Yes"
"South Korea","","MF","Lee Jae-sung","No","33","104","15","$521M","Mainz 05","Germany","Yes"
"South Korea","","MF","Hwang Hee-chan","No","30","78","17","$45M","Wolverhampton Wanderers","England","Yes"
"South Korea","","MF","Hwang In-beom","No","29","72","6","$61M","Feyenoord","Netherlands","Yes"
"South Korea","","MF","Lee Kang-in","No","25","46","11","","Paris Saint-Germain","France","Yes"
"South Korea","","MF","Paik Seung-ho","No","29","26","3","$19M","Birmingham City","England","Yes"
"South Korea","","MF","Kim Jin-gyu","No","29","21","3","$841K","Jeonbuk Hyundai Motors","South Korea","Yes"
"South Korea","","MF","Lee Dong-gyeong","No","28","17","3","","Ulsan HD","South Korea","Yes"
"South Korea","","MF","Bae Jun-ho","No","22","13","2","$15M","Stoke City","England","Yes"
"South Korea","","MF","Eom Ji-sung","No","24","9","2","$7M","Swansea City","Wales","Yes"
"South Korea","","MF","Yang Hyun-jun","No","24","8","0","","Celtic","Scotland","Yes"
"South Korea","","FW","Son Heung-min","Yes","33","143","56","","Los Angeles FC","United States","Yes"
"South Korea","","FW","Cho Gue-sung","No","28","43","12","$5M","Midtjylland","Denmark","Yes"
"South Korea","","FW","Oh Hyeon-gyu","No","25","26","6","$5M","Beşiktaş","Turkey","Yes"
"Bosnia and Herzegovina","","GK","Nikola Vasilj","No","30","25","0","$9M","FC St. Pauli","Germany","Yes"
"Bosnia and Herzegovina","","GK","Martin Zlomislić","No","27","3","0","$2M","Rijeka","Croatia","Yes"
"Bosnia and Herzegovina","","GK","Osman Hadžikić","No","30","0","0","$619K","Slaven Belupo","Croatia","Yes"
"Bosnia and Herzegovina","","DF","Sead Kolašinac","No","32","64","0","$521M","Atalanta","Italy","Yes"
"Bosnia and Herzegovina","","DF","Dennis Hadžikadunić","No","27","31","0","$4M","Sampdoria","Italy","Yes"
"Bosnia and Herzegovina","","DF","Amar Dedić","No","23","27","1","$75M","Benfica","Portugal","Yes"
"Bosnia and Herzegovina","","DF","Nikola Katić","No","29","16","1","$4M","Schalke 04","Germany","Yes"
"Bosnia and Herzegovina","","DF","Tarik Muharemović","No","23","13","1","$17M","Sassuolo","Italy","Yes"
"Bosnia and Herzegovina","","DF","Nihad Mujakić","No","28","11","1","$2M","Gaziantep","Turkey","Yes"
"Bosnia and Herzegovina","","DF","Stjepan Radeljić","No","28","5","0","$4M","Rijeka","Croatia","Yes"
"Bosnia and Herzegovina","","DF","Nidal Čelik","No","19","1","0","$2M","Lens","France","Yes"
"Bosnia and Herzegovina","","MF","Amir Hadžiahmetović","No","29","35","0","$2M","Hull City","England","Yes"
"Bosnia and Herzegovina","","MF","Benjamin Tahirović","No","23","27","2","$6M","Brøndby","Denmark","Yes"
"Bosnia and Herzegovina","","MF","Armin Gigović","No","24","19","1","$7M","Young Boys","Switzerland","Yes"
"Bosnia and Herzegovina","","MF","Dženis Burnić","No","28","19","0","$1M","Karlsruher SC","Germany","Yes"
"Bosnia and Herzegovina","","MF","Ivan Bašić","No","24","16","0","$1M","Astana","Kazakhstan","Yes"
"Bosnia and Herzegovina","","MF","Esmir Bajraktarević","No","21","15","1","$11M","PSV Eindhoven","Netherlands","Yes"
"Bosnia and Herzegovina","","MF","Amar Memić","No","25","12","1","$6M","Viktoria Plzeň","Czech Republic","Yes"
"Bosnia and Herzegovina","","MF","Ivan Šunjić","No","29","11","0","$294K","Pafos","Cyprus","Yes"
"Bosnia and Herzegovina","","MF","Kerim Alajbegović","No","18","9","1","$28M","Red Bull Salzburg","Austria","Yes"
"Bosnia and Herzegovina","","MF","Ermin Mahmić","No","21","1","0","$318K","Slovan Liberec","Czech Republic","Yes"
"Bosnia and Herzegovina","","FW","Edin Džeko","Yes","40","148","73","$521M","Schalke 04","Germany","Yes"
"Bosnia and Herzegovina","","FW","Ermedin Demirović","No","28","39","4","$31M","VfB Stuttgart","Germany","Yes"
"Bosnia and Herzegovina","","FW","Samed Baždar","No","22","12","1","$10M","Jagiellonia Białystok","Poland","Yes"
"Bosnia and Herzegovina","","FW","Haris Tabaković","No","31","10","4","$14M","Borussia Mönchengladbach","Germany","Yes"
"Bosnia and Herzegovina","","FW","Jovo Lukić","No","27","2","0","$2M","Universitatea Cluj","Romania","Yes"
"Canada","1","GK","Dayne St. Clair","No","29","19","0","$3M","Inter Miami CF","United States","Yes"
"Canada","2","DF","Alistair Johnston","No","27","56","1","$25M","Celtic","Scotland","Yes"
"Canada","3","DF","Luc de Fougerolles","No","20","11","0","$1M","Dender","Belgium","Yes"
"Canada","4","DF","Alfie Jones","No","28","1","0","$12M","Middlesbrough","England","Yes"
"Canada","5","DF","Joel Waterman","No","30","17","0","$2M","Chicago Fire FC","United States","Yes"
"Canada","6","MF","Mathieu Choinière","No","27","22","0","$2M","Los Angeles FC","United States","Yes"
"Canada","7","MF","Stephen Eustáquio","No","29","54","4","$23M","Los Angeles FC","United States","Yes"
"Canada","8","MF","Ismaël Koné","No","23","38","4","$33M","Sassuolo","Italy","Yes"
"Canada","9","FW","Cyle Larin","No","31","88","30","$6M","Southampton","England","Yes"
"Canada","10","FW","Jonathan David","No","26","75","39","$78M","Juventus","Italy","Yes"
"Canada","11","MF","Liam Millar","No","26","39","1","$10M","Hull City","England","Yes"
"Canada","12","FW","Tani Oluwaseyi","No","26","22","2","$73M","Villarreal","Spain","Yes"
"Canada","13","DF","Derek Cornelius","No","28","42","1","$5M","Rangers","Scotland","Yes"
"Canada","14","MF","Jacob Shaffelburg","No","26","31","6","$2M","Los Angeles FC","United States","Yes"
"Canada","15","DF","Moïse Bombito","No","26","19","0","$15M","Nice","France","Yes"
"Canada","16","GK","Maxime Crépeau","No","32","30","0","$4M","Orlando City SC","United States","Yes"
"Canada","17","MF","Tajon Buchanan","No","27","58","8","$67M","Villarreal","Spain","Yes"
"Canada","18","GK","Owen Goodman","No","22","0","0","$4M","Barnsley","England","Yes"
"Canada","19","DF","Alphonso Davies","Yes","25","58","15","$151M","Bayern Munich","Germany","Yes"
"Canada","20","MF","Ali Ahmed","No","25","24","1","$11M","Norwich City","England","Yes"
"Canada","21","MF","Jonathan Osorio","No","33","89","9","$521M","Toronto FC","Canada","Yes"
"Canada","22","DF","Richie Laryea","No","31","73","1","$10M","Toronto FC","Canada","Yes"
"Canada","23","DF","Niko Sigur","No","22","17","2","$3M","Hajduk Split","Croatia","Yes"
"Canada","24","FW","Promise David","No","24","8","3","$19M","Union Saint-Gilloise","Belgium","Yes"
"Canada","25","MF","Nathan Saliba","No","22","13","2","","Anderlecht","Belgium","Yes"
"Qatar","1","GK","Mahmud Abunada","No","26","4","0","","Al-Rayyan","Qatar","Yes"
"Qatar","2","DF","Pedro Miguel","No","35","98","3","$2M","Al-Sadd","Qatar","Yes"
"Qatar","3","DF","Lucas Mendes","No","35","25","1","$521M","Al-Wakrah","Qatar","Yes"
"Qatar","4","DF","Issa Laye","No","28","3","0","$943K","Al-Arabi","Qatar","Yes"
"Qatar","5","MF","Jassem Gaber","No","24","31","1","","Al-Rayyan","Qatar","Yes"
"Qatar","6","MF","Abdulaziz Hatem","No","35","117","11","$887K","Al-Rayyan","Qatar","Yes"
"Qatar","7","FW","Ahmed Alaaeldin","No","33","67","9","$5M","Al-Rayyan","Qatar","Yes"
"Qatar","8","FW","Edmilson Junior","No","31","15","0","$19M","Al-Duhail","Qatar","Yes"
"Qatar","9","FW","Mohammed Muntari","No","32","67","16","$7M","Al-Gharafa","Qatar","Yes"
"Qatar","10","FW","Hassan Al-Haydos","Yes","35","185","41","$946K","Al-Sadd","Qatar","Yes"
"Qatar","11","FW","Akram Afif","No","29","124","39","$36M","Al-Sadd","Qatar","Yes"
"Qatar","12","MF","Karim Boudiaf","No","35","117","5","$3M","Al-Duhail","Qatar","Yes"
"Qatar","13","DF","Ayoub Al-Oui","No","21","5","0","$7M","Al-Gharafa","Qatar","Yes"
"Qatar","14","DF","Homam Ahmed","No","26","67","3","$9M","Cultural Leonesa","Spain","Yes"
"Qatar","15","FW","Yusuf Abdurisag","No","26","38","3","$1M","Al-Wakrah","Qatar","Yes"
"Qatar","16","DF","Boualem Khoukhi","No","35","115","20","$521M","Al-Sadd","Qatar","Yes"
"Qatar","17","FW","Ahmed Al-Ganehi","No","25","13","1","$11M","Al-Gharafa","Qatar","Yes"
"Qatar","18","DF","Sultan Al-Brake","No","30","16","0","$1M","Al-Duhail","Qatar","Yes"
"Qatar","19","FW","Almoez Ali","No","29","115","55","$27M","Al-Duhail","Qatar","Yes"
"Qatar","20","MF","Ahmed Fathy","No","33","47","0","0","Al-Arabi","Qatar","Yes"
"Qatar","21","GK","Salah Zakaria","No","27","8","0","$8M","Al-Duhail","Qatar","Yes"
"Qatar","22","GK","Meshaal Barsham","No","28","52","0","","Al-Sadd","Qatar","Yes"
"Qatar","23","MF","Assim Madibo","No","29","50","0","$10M","Al-Wakrah","Qatar","Yes"
"Qatar","24","FW","Tahsin Jamshid","No","19","2","0","","Al-Duhail","Qatar","Yes"
"Qatar","25","DF","Al-Hashmi Al-Hussain","No","22","7","0","","Al-Arabi","Qatar","Yes"
"Qatar","26","MF","Mohamed Al-Mannai","No","22","9","0","","Al-Shamal","Qatar","Yes"
"Switzerland","1","GK","Gregor Kobel","No","28","20","0","$150M","Borussia Dortmund","Germany","Yes"
"Switzerland","2","DF","Miro Muheim","No","28","9","0","$10M","Hamburger SV","Germany","Yes"
"Switzerland","3","DF","Silvan Widmer","No","33","59","5","$4M","Mainz 05","Germany","Yes"
"Switzerland","4","DF","Nico Elvedi","No","29","66","3","$14M","Borussia Mönchengladbach","Germany","Yes"
"Switzerland","5","DF","Manuel Akanji","No","30","80","4","$81M","Inter Milan","Italy","Yes"
"Switzerland","6","MF","Denis Zakaria","No","29","64","3","$61M","Monaco","France","Yes"
"Switzerland","7","FW","Breel Embolo","No","29","86","24","$22M","Rennes","France","Yes"
"Switzerland","8","MF","Remo Freuler","No","34","87","11","$521M","Bologna","Italy","Yes"
"Switzerland","9","MF","Johan Manzambi","No","20","11","3","$116M","SC Freiburg","Germany","Yes"
"Switzerland","10","MF","Granit Xhaka","Yes","33","145","17","$521M","Sunderland","England","Yes"
"Switzerland","11","FW","Dan Ndoye","No","25","30","7","$63M","Nottingham Forest","England","Yes"
"Switzerland","12","GK","Yvon Mvogo","No","32","13","0","$6M","Lorient","France","Yes"
"Switzerland","13","DF","Ricardo Rodriguez","No","33","137","9","$23M","Real Betis","Spain","Yes"
"Switzerland","14","MF","Ardon Jashari","No","23","7","0","$99M","Milan","Italy","Yes"
"Switzerland","15","MF","Djibril Sow","No","29","51","0","$35M","Sevilla","Spain","Yes"
"Switzerland","16","MF","Christian Fassnacht","No","32","22","5","$521M","Young Boys","Switzerland","Yes"
"Switzerland","17","FW","Rubén Vargas","No","27","61","11","$73M","Sevilla","Spain","Yes"
"Switzerland","18","DF","Eray Cömert","No","28","21","0","$11M","Valencia","Spain","Yes"
"Switzerland","19","FW","Noah Okafor","No","26","24","2","$61M","Leeds United","England","Yes"
"Switzerland","20","MF","Michel Aebischer","No","29","39","2","$10M","Pisa","Italy","Yes"
"Switzerland","21","GK","Marvin Keller","No","23","1","0","$32M","Young Boys","Switzerland","Yes"
"Switzerland","22","MF","Fabian Rieder","No","24","27","1","$39M","FC Augsburg","Germany","Yes"
"Switzerland","23","FW","Zeki Amdouni","No","25","28","11","$28M","Burnley","England","Yes"
"Switzerland","24","DF","Aurèle Amenda","No","22","6","0","$41M","Eintracht Frankfurt","Germany","Yes"
"Switzerland","25","DF","Luca Jaquez","No","23","3","0","$57M","VfB Stuttgart","Germany","Yes"
"Switzerland","26","FW","Cedric Itten","No","29","14","5","$4M","Fortuna Düsseldorf","Germany","Yes"
"Brazil","1","GK","Alisson","No","33","77","0","$521M","Liverpool","England","Yes"
"Brazil","2","DF","Wesley","No","22","7","0","$200M","Roma","Italy","Yes"
"Brazil","3","DF","Gabriel Magalhães","No","28","17","1","","Arsenal","England","Yes"
"Brazil","4","DF","Marquinhos","Yes","32","104","7","$164M","Paris Saint-Germain","France","Yes"
"Brazil","5","MF","Casemiro","No","34","85","9","$521M","Manchester United","England","Yes"
"Brazil","6","DF","Alex Sandro","No","35","44","2","$521M","Flamengo","Brazil","Yes"
"Brazil","7","FW","Vinícius Júnior","No","25","48","9","$160M","Real Madrid","Spain","Yes"
"Brazil","8","MF","Bruno Guimarães","No","28","42","2","$122M","Newcastle United","England","Yes"
"Brazil","9","FW","Matheus Cunha","No","27","22","1","$216M","Manchester United","England","Yes"
"Brazil","10","FW","Neymar","No","34","128","79","$521M","Santos","Brazil","Yes"
"Brazil","11","FW","Raphinha","No","29","38","11","$120M","Barcelona","Spain","Yes"
"Brazil","12","GK","Weverton","No","38","10","0","$521M","Grêmio","Brazil","Yes"
"Brazil","13","DF","Danilo Luiz","No","34","69","1","","Flamengo","Brazil","Yes"
"Brazil","14","DF","Bremer","No","29","7","1","$90M","Juventus","Italy","Yes"
"Brazil","15","DF","Léo Pereira","No","30","3","0","$25M","Flamengo","Brazil","Yes"
"Brazil","16","DF","Douglas Santos","No","32","6","0","$24M","Zenit Saint Petersburg","Russia","Yes"
"Brazil","17","MF","Fabinho","No","32","32","0","$56M","Al-Ittihad","Saudi Arabia","Yes"
"Brazil","18","MF","Danilo Santos","No","25","3","2","$33K","Botafogo","Brazil","Yes"
"Brazil","19","FW","Endrick","No","19","16","3","$167M","Lyon","France","Yes"
"Brazil","20","MF","Lucas Paquetá","No","28","62","13","$26M","Flamengo","Brazil","Yes"
"Brazil","21","FW","Luiz Henrique","No","25","14","2","$37M","Zenit Saint Petersburg","Russia","Yes"
"Brazil","22","FW","Gabriel Martinelli","No","24","22","4","$113M","Arsenal","England","Yes"
"Brazil","23","GK","Ederson","No","32","32","0","$78M","Fenerbahçe","Turkey","Yes"
"Brazil","24","DF","Roger Ibañez","No","27","6","0","$97M","Al-Ahli","Saudi Arabia","Yes"
"Brazil","25","FW","Igor Thiago","No","24","3","2","","Brentford","England","Yes"
"Brazil","26","FW","Rayan","No","19","2","1","$59M","Bournemouth","England","Yes"
"Haiti","","GK","Johny Placide","Yes","38","79","0","$521M","Bastia","France","Yes"
"Haiti","","GK","Alexandre Pierre","No","25","14","0","$205K","Sochaux","France","Yes"
"Haiti","","GK","Josué Duverger","No","26","6","0","$11K","Cosmos Koblenz","Germany","Yes"
"Haiti","","DF","Ricardo Adé","No","36","57","2","$521M","LDU Quito","Ecuador","Yes"
"Haiti","","DF","Carlens Arcus","No","29","51","1","$6M","Angers","France","Yes"
"Haiti","","DF","Martin Expérience","No","27","19","0","$769K","Nancy","France","Yes"
"Haiti","","DF","Jean-Kévin Duverne","No","28","15","1","$3M","Gent","Belgium","Yes"
"Haiti","","DF","Duke Lacroix","No","32","14","2","$521M","Colorado Springs Switchbacks FC","United States","Yes"
"Haiti","","DF","Wilguens Paugain","No","24","6","0","$1M","Zulte Waregem","Belgium","Yes"
"Haiti","","DF","Hannes Delcroix","No","27","5","0","$2M","Lugano","Switzerland","Yes"
"Haiti","","DF","Keeto Thermoncy","No","20","1","0","$100K","Young Boys","Switzerland","Yes"
"Haiti","","MF","Leverton Pierre","No","28","33","0","$289K","Vizela","Portugal","Yes"
"Haiti","","MF","Danley Jean Jacques","No","26","28","6","$3M","Philadelphia Union","United States","Yes"
"Haiti","","MF","Carl Sainté","No","23","25","0","$856K","El Paso Locomotive FC","United States","Yes"
"Haiti","","MF","Jean-Ricner Bellegarde","No","27","8","0","$38M","Wolverhampton Wanderers","England","Yes"
"Haiti","","MF","Woodensky Pierre","No","21","1","0","","Violette","Haiti","Yes"
"Haiti","","MF","Dominique Simon","No","25","0","0","$219K","Tatran Prešov","Slovakia","Yes"
"Haiti","","FW","Duckens Nazon","No","32","76","44","$1M","Esteghlal","Iran","Yes"
"Haiti","","FW","Frantzdy Pierrot","No","31","49","33","$3M","Çaykur Rizespor","Turkey","Yes"
"Haiti","","FW","Derrick Etienne Jr.","No","29","46","8","$2M","Toronto FC","Canada","Yes"
"Haiti","","FW","Louicius Deedson","No","25","30","10","$2M","FC Dallas","United States","Yes"
"Haiti","","FW","Ruben Providence","No","24","13","2","$1M","Almere City","Netherlands","Yes"
"Haiti","","FW","Josué Casimir","No","24","5","0","$6M","Auxerre","France","Yes"
"Haiti","","FW","Yassin Fortuné","No","27","3","0","$255K","Vizela","Portugal","Yes"
"Haiti","","FW","Wilson Isidor","No","25","2","1","$29M","Sunderland","England","Yes"
"Haiti","","FW","Lenny Joseph","No","25","0","0","$1M","Ferencváros","Hungary","Yes"
"Morocco","","GK","Yassine Bounou","No","35","89","0","$59M","Al-Hilal","Saudi Arabia","Yes"
"Morocco","","GK","Munir Mohamedi","No","37","51","0","","RS Berkane","Morocco","Yes"
"Morocco","","GK","Ahmed Reda Tagnaouti","No","30","3","0","","AS FAR","Morocco","Yes"
"Morocco","","DF","Achraf Hakimi","Yes","27","95","11","$362M","Paris Saint-Germain","France","Yes"
"Morocco","","DF","Nayef Aguerd","No","30","64","2","$38M","Marseille","France","Yes"
"Morocco","","DF","Noussair Mazraoui","No","28","43","2","$104M","Manchester United","England","Yes"
"Morocco","","DF","Youssef Belammari","No","27","16","0","$8M","Al Ahly","Egypt","Yes"
"Morocco","","DF","Anass Salah-Eddine","No","24","8","0","$8M","PSV Eindhoven","Netherlands","Yes"
"Morocco","","DF","Chadi Riad","No","22","4","1","$29M","Crystal Palace","England","Yes"
"Morocco","","DF","Issa Diop","No","29","2","0","$13M","Fulham","England","Yes"
"Morocco","","DF","Zakaria El Ouahdi","No","24","2","0","$11M","Genk","Belgium","Yes"
"Morocco","","DF","Redouane Halhal","No","23","1","0","$2M","Mechelen","Belgium","Yes"
"Morocco","","MF","Sofyan Amrabat","No","29","73","0","$35M","Real Betis","Spain","Yes"
"Morocco","","MF","Azzedine Ounahi","No","26","47","9","$25M","Girona","Spain","Yes"
"Morocco","","MF","Bilal El Khannouss","No","22","35","3","$43M","VfB Stuttgart","Germany","Yes"
"Morocco","","MF","Ismael Saibari","No","25","28","7","$80M","PSV Eindhoven","Netherlands","Yes"
"Morocco","","MF","Neil El Aynaoui","No","24","15","2","$19M","Roma","Italy","Yes"
"Morocco","","MF","Samir El Mourabet","No","19","2","0","$8M","Strasbourg","France","Yes"
"Morocco","","MF","Ayyoub Bouaddi","No","18","1","0","$136M","Lille","France","Yes"
"Morocco","","FW","Ayoub El Kaabi","No","32","57","22","$521M","Olympiacos","Greece","Yes"
"Morocco","","FW","Soufiane Rahimi","No","30","35","11","$20M","Al-Ain","United Arab Emirates","Yes"
"Morocco","","FW","Abde Ezzalzouli","No","24","35","2","","Real Betis","Spain","Yes"
"Morocco","","FW","Brahim Díaz","No","26","24","13","$58M","Real Madrid","Spain","Yes"
"Morocco","","FW","Chemsdine Talbi","No","21","5","0","$57M","Sunderland","England","Yes"
"Morocco","","FW","Gessime Yassine","No","20","3","0","$6M","Strasbourg","France","Yes"
"Morocco","","FW","Ayoube Amaimouni","No","21","0","0","$16M","Eintracht Frankfurt","Germany","Yes"
"Scotland","","GK","Craig Gordon","No","43","84","0","$205K","Heart of Midlothian","Scotland","Yes"
"Scotland","","GK","Angus Gunn","No","30","21","0","$2M","Nottingham Forest","England","Yes"
"Scotland","","GK","Liam Kelly","No","30","3","0","$788K","Rangers","Scotland","Yes"
"Scotland","","DF","Andy Robertson","Yes","32","93","4","","Liverpool","England","Yes"
"Scotland","","DF","Grant Hanley","No","34","67","2","$521M","Hibernian","Scotland","Yes"
"Scotland","","DF","Kieran Tierney","No","29","55","2","$30M","Celtic","Scotland","Yes"
"Scotland","","DF","Scott McKenna","No","29","50","1","$8M","Dinamo Zagreb","Croatia","Yes"
"Scotland","","DF","Jack Hendry","No","31","37","3","$25M","Al-Ettifaq","Saudi Arabia","Yes"
"Scotland","","DF","Nathan Patterson","No","24","26","1","$22M","Everton","England","Yes"
"Scotland","","DF","Anthony Ralston","No","27","26","1","$773K","Celtic","Scotland","Yes"
"Scotland","","DF","John Souttar","No","29","23","2","$10M","Rangers","Scotland","Yes"
"Scotland","","DF","Aaron Hickey","No","24","20","0","$85M","Brentford","England","Yes"
"Scotland","","DF","Dominic Hyam","No","30","3","0","$9M","Wrexham","Wales","Yes"
"Scotland","","MF","John McGinn","No","31","85","20","$54M","Aston Villa","England","Yes"
"Scotland","","MF","Scott McTominay","No","29","69","14","$172M","Napoli","Italy","Yes"
"Scotland","","MF","Ryan Christie","No","31","67","10","$59M","Bournemouth","England","Yes"
"Scotland","","MF","Kenny McLean","No","34","57","3","$521M","Norwich City","England","Yes"
"Scotland","","MF","Lewis Ferguson","No","26","23","1","$30M","Bologna","Italy","Yes"
"Scotland","","MF","Ben Gannon-Doak","No","20","13","1","$63M","Bournemouth","England","Yes"
"Scotland","","MF","Findlay Curtis","No","20","2","1","$711K","Kilmarnock","Scotland","Yes"
"Scotland","","MF","Tyler Fletcher","No","19","1","0","$4M","Manchester United","England","Yes"
"Scotland","","FW","Lyndon Dykes","No","30","51","10","$4M","Charlton Athletic","England","Yes"
"Scotland","","FW","Ché Adams","No","29","46","11","$21M","Torino","Italy","Yes"
"Scotland","","FW","Lawrence Shankland","No","30","19","6","$13M","Heart of Midlothian","Scotland","Yes"
"Scotland","","FW","George Hirst","No","27","9","1","$30M","Ipswich Town","England","Yes"
"Scotland","","FW","Ross Stewart","No","29","2","0","$19M","Southampton","England","Yes"
"Australia","1","GK","Mathew Ryan","Yes","34","104","0","$521M","Levante","Spain","Yes"
"Australia","2","DF","Miloš Degenek","No","32","56","1","$1M","APOEL","Cyprus","Yes"
"Australia","3","DF","Alessandro Circati","No","22","12","1","$71M","Parma","Italy","Yes"
"Australia","4","DF","Jacob Italiano","No","24","4","0","$2M","GAK","Austria","Yes"
"Australia","5","DF","Jordan Bos","No","23","26","4","$12M","Feyenoord","Netherlands","Yes"
"Australia","6","DF","Jason Geria","No","33","13","0","$574K","Albirex Niigata","Japan","Yes"
"Australia","7","FW","Mathew Leckie","No","35","79","14","$381K","Melbourne City","Australia","Yes"
"Australia","8","MF","Connor Metcalfe","No","26","35","1","$3M","FC St. Pauli","Germany","Yes"
"Australia","9","FW","Mohamed Touré","No","22","9","2","$9M","Norwich City","England","Yes"
"Australia","10","MF","Ajdin Hrustic","No","29","37","4","$4M","Heracles Almelo","Netherlands","Yes"
"Australia","11","FW","Awer Mabil","No","30","38","10","$2M","Castellón","Spain","Yes"
"Australia","12","GK","Paul Izzo","No","31","4","0","$2M","Randers","Denmark","Yes"
"Australia","13","MF","Aiden O'Neill","No","27","30","0","$2M","New York City FC","United States","Yes"
"Australia","14","MF","Cammy Devlin","No","28","4","0","$486K","Heart of Midlothian","Scotland","Yes"
"Australia","15","DF","Kai Trewin","No","25","5","0","$2M","New York City FC","United States","Yes"
"Australia","16","DF","Aziz Behich","No","35","83","3","$521M","Melbourne City","Australia","Yes"
"Australia","17","FW","Nestory Irankunda","No","20","14","5","$12M","Watford","England","Yes"
"Australia","18","GK","Patrick Beach","No","22","1","0","$968K","Melbourne City","Australia","Yes"
"Australia","19","DF","Harry Souttar","No","27","37","11","$5M","Leicester City","England","Yes"
"Australia","20","FW","Cristian Volpato","No","22","0","0","$11M","Sassuolo","Italy","Yes"
"Australia","21","DF","Cameron Burgess","No","30","26","0","$14M","Swansea City","Wales","Yes"
"Australia","22","MF","Jackson Irvine","No","33","81","14","$521M","FC St. Pauli","Germany","Yes"
"Australia","23","FW","Nishan Velupillay","No","25","7","3","$1M","Melbourne Victory","Australia","Yes"
"Australia","24","MF","Paul Okon-Engstler","No","21","5","0","$2M","Sydney FC","Australia","Yes"
"Australia","25","DF","Lucas Herrington","No","18","3","0","$3M","Colorado Rapids","United States","Yes"
"Australia","26","FW","Tete Yengi","No","25","0","0","$76K","Machida Zelvia","Japan","Yes"
"Paraguay","","GK","Gatito Fernández","No","38","30","0","$521M","Cerro Porteño","Paraguay","Yes"
"Paraguay","","GK","Orlando Gill","No","26","5","0","$7M","San Lorenzo","Argentina","Yes"
"Paraguay","","GK","Gastón Olveira","No","33","1","0","$521M","Olimpia","Paraguay","Yes"
"Paraguay","","DF","Gustavo Gómez","Yes","33","88","4","$521M","Palmeiras","Brazil","Yes"
"Paraguay","","DF","Júnior Alonso","No","33","70","3","$521M","Atlético Mineiro","Brazil","Yes"
"Paraguay","","DF","Fabián Balbuena","No","34","47","2","$823K","Grêmio","Brazil","Yes"
"Paraguay","","DF","Omar Alderete","No","29","35","3","$75M","Sunderland","England","Yes"
"Paraguay","","DF","Juan José Cáceres","No","26","16","0","","Dynamo Moscow","Russia","Yes"
"Paraguay","","DF","Gustavo Velázquez","No","35","12","1","$521M","Cerro Porteño","Paraguay","Yes"
"Paraguay","","DF","José Canale","No","29","1","0","$5M","Lanús","Argentina","Yes"
"Paraguay","","DF","Alexandro Maidana","No","20","1","0","$8M","Talleres","Argentina","Yes"
"Paraguay","","MF","Miguel Almirón","No","32","75","9","$16M","Atlanta United FC","United States","Yes"
"Paraguay","","MF","Kaku","No","31","32","5","$2M","Al-Ain","United Arab Emirates","Yes"
"Paraguay","","MF","Andrés Cubas","No","30","32","0","$5M","Vancouver Whitecaps FC","Canada","Yes"
"Paraguay","","MF","Ramón Sosa","No","26","28","1","$14M","Palmeiras","Brazil","Yes"
"Paraguay","","MF","Diego Gómez","No","23","23","3","$66M","Brighton & Hove Albion","England","Yes"
"Paraguay","","MF","Damián Bobadilla","No","24","19","1","$11M","São Paulo","Brazil","Yes"
"Paraguay","","MF","Braian Ojeda","No","25","16","0","$7M","Orlando City SC","United States","Yes"
"Paraguay","","MF","Matías Galarza","No","24","14","2","$15M","Atlanta United FC","United States","Yes"
"Paraguay","","MF","Maurício","No","24","2","0","$2M","Palmeiras","Brazil","Yes"
"Paraguay","","FW","Antonio Sanabria","No","30","47","7","$9M","Cremonese","Italy","Yes"
"Paraguay","","FW","Julio Enciso","No","22","31","4","$96M","Strasbourg","France","Yes"
"Paraguay","","FW","Gabriel Ávalos","No","34","22","2","$521M","Independiente","Argentina","Yes"
"Paraguay","","FW","Álex Arce","No","30","14","1","$13M","Independiente Rivadavia","Argentina","Yes"
"Paraguay","","FW","Isidro Pitta","No","26","5","0","$13M","Red Bull Bragantino","Brazil","Yes"
"Paraguay","","FW","Gustavo Caballero","No","24","2","1","$2M","Portsmouth","England","Yes"
"Turkey","","GK","Uğurcan Çakır","No","30","38","0","$30M","Galatasaray","Turkey","Yes"
"Turkey","","GK","Mert Günok","No","37","37","0","$762K","Fenerbahçe","Turkey","Yes"
"Turkey","","GK","Altay Bayındır","No","28","11","0","$10M","Manchester United","England","Yes"
"Turkey","","GK","Ersin Destanoğlu","No","25","0","0","$3M","Beşiktaş","Turkey","Yes"
"Turkey","","GK","Muhammed Şengezer","No","29","0","0","$8M","İstanbul Başakşehir","Turkey","Yes"
"Turkey","","DF","Merih Demiral","No","28","61","6","$67M","Al-Ahli","Saudi Arabia","Yes"
"Turkey","","DF","Zeki Çelik","No","29","59","3","$32M","Roma","Italy","Yes"
"Turkey","","DF","Çağlar Söyüncü","No","30","59","2","$17M","Fenerbahçe","Turkey","Yes"
"Turkey","","DF","Mert Müldür","No","27","43","3","$3M","Fenerbahçe","Turkey","Yes"
"Turkey","","DF","Ferdi Kadıoğlu","No","26","30","2","$53M","Brighton & Hove Albion","England","Yes"
"Turkey","","DF","Ozan Kabak","No","26","28","2","$9M","TSG Hoffenheim","Germany","Yes"
"Turkey","","DF","Abdülkerim Bardakcı","No","31","26","2","$13M","Galatasaray","Turkey","Yes"
"Turkey","","DF","Eren Elmalı","No","25","21","0","$9M","Galatasaray","Turkey","Yes"
"Turkey","","DF","Samet Akaydin","No","32","18","1","$5M","Çaykur Rizespor","Turkey","Yes"
"Turkey","","DF","Yusuf Akçiçek","No","20","3","0","$60M","Al-Hilal","Saudi Arabia","Yes"
"Turkey","","DF","Mustafa Eskihellaç","No","29","3","0","$6M","Trabzonspor","Turkey","Yes"
"Turkey","","DF","Ahmetcan Kaplan","No","23","0","0","$17M","NEC","Netherlands","Yes"
"Turkey","","MF","Hakan Çalhanoğlu","Yes","32","104","22","$130M","Inter Milan","Italy","Yes"
"Turkey","","MF","Kaan Ayhan","No","31","72","5","$4M","Galatasaray","Turkey","Yes"
"Turkey","","MF","Orkun Kökçü","No","25","48","3","$37M","Beşiktaş","Turkey","Yes"
"Turkey","","MF","İsmail Yüksek","No","27","31","1","$15M","Fenerbahçe","Turkey","Yes"
"Turkey","","MF","Salih Özcan","No","28","28","1","$6M","Borussia Dortmund","Germany","Yes"
"Turkey","","MF","Atakan Karazor","No","29","2","0","$14M","VfB Stuttgart","Germany","Yes"
"Turkey","","MF","Demir Ege Tıknaz","No","21","1","0","$60M","Braga","Portugal","Yes"
"Turkey","","FW","Kerem Aktürkoğlu","No","27","51","15","$42M","Fenerbahçe","Turkey","Yes"
"Turkey","","FW","İrfan Can Kahveci","No","30","45","6","$4M","Kasımpaşa","Turkey","Yes"
"Turkey","","FW","Barış Alper Yılmaz","No","26","33","2","$61M","Galatasaray","Turkey","Yes"
"Turkey","","FW","Arda Güler","No","21","28","6","$167M","Real Madrid","Spain","Yes"
"Turkey","","FW","Kenan Yıldız","No","21","28","5","$205M","Juventus","Italy","Yes"
"Turkey","","FW","Yunus Akgün","No","25","17","3","$36M","Galatasaray","Turkey","Yes"
"Turkey","","FW","Oğuz Aydın","No","25","9","0","$6M","Fenerbahçe","Turkey","Yes"
"Turkey","","FW","Deniz Gül","No","21","6","1","$11M","Porto","Portugal","Yes"
"Turkey","","FW","Yusuf Sarı","No","27","6","1","$4M","İstanbul Başakşehir","Turkey","Yes"
"Turkey","","FW","Can Uzun","No","20","4","0","$147M","Eintracht Frankfurt","Germany","Yes"
"Turkey","","FW","Aral Şimşir","No","23","0","0","$14M","Midtjylland","Denmark","Yes"
"United States","1","GK","Matt Turner","No","31","54","0","$12M","New England Revolution","United States","Yes"
"United States","2","DF","Sergiño Dest","No","25","38","3","$36M","PSV Eindhoven","Netherlands","Yes"
"United States","3","DF","Chris Richards","No","26","36","3","$52M","Crystal Palace","England","Yes"
"United States","4","MF","Tyler Adams","No","27","53","2","$75M","Bournemouth","England","Yes"
"United States","5","DF","Antonee Robinson","No","28","53","4","$69M","Fulham","England","Yes"
"United States","6","DF","Auston Trusty","No","27","7","0","$18M","Celtic","Scotland","Yes"
"United States","7","MF","Giovanni Reyna","No","23","37","9","$65M","Borussia Mönchengladbach","Germany","Yes"
"United States","8","MF","Weston McKennie","No","27","65","12","$79M","Juventus","Italy","Yes"
"United States","9","FW","Ricardo Pepi","No","23","36","13","$48M","PSV Eindhoven","Netherlands","Yes"
"United States","10","FW","Christian Pulisic","No","27","85","33","$129M","Milan","Italy","Yes"
"United States","11","FW","Brenden Aaronson","No","25","57","9","$45M","Leeds United","England","Yes"
"United States","12","DF","Miles Robinson","No","29","39","3","$12M","FC Cincinnati","United States","Yes"
"United States","13","DF","Tim Ream","Yes","38","81","1","$521M","Charlotte FC","United States","Yes"
"United States","14","MF","Sebastian Berhalter","No","25","12","1","$8M","Vancouver Whitecaps FC","Canada","Yes"
"United States","15","MF","Cristian Roldan","No","31","46","0","$10M","Seattle Sounders FC","United States","Yes"
"United States","16","DF","Alex Freeman","No","21","16","2","$27M","Villarreal","Spain","Yes"
"United States","17","MF","Malik Tillman","No","24","29","3","$150M","Bayer Leverkusen","Germany","Yes"
"United States","18","DF","Maximilian Arfsten","No","25","19","1","","Columbus Crew","United States","Yes"
"United States","19","FW","Haji Wright","No","28","20","7","$23M","Coventry City","England","Yes"
"United States","20","FW","Folarin Balogun","No","24","26","9","$46M","Monaco","France","Yes"
"United States","21","FW","Timothy Weah","No","26","50","7","$23M","Marseille","France","Yes"
"United States","22","DF","Mark McKenzie","No","27","28","0","$11M","Toulouse","France","Yes"
"United States","23","DF","Joe Scally","No","23","25","0","$43M","Borussia Mönchengladbach","Germany","Yes"
"United States","24","GK","Matt Freese","No","27","14","0","$12M","New York City FC","United States","Yes"
"United States","25","GK","Chris Brady","No","22","1","0","$10M","Chicago Fire FC","United States","Yes"
"United States","26","FW","Alejandro Zendejas","No","28","14","2","$17M","América","Mexico","Yes"
"Curaçao","1","GK","Eloy Room","No","37","71","0","$521M","Miami FC","United States","Yes"
"Curaçao","2","DF","Shurandy Sambo","No","24","7","0","$8M","Sparta Rotterdam","Netherlands","Yes"
"Curaçao","3","DF","Juriën Gaari","No","32","59","1","$2M","Abha","Saudi Arabia","Yes"
"Curaçao","4","DF","Roshon van Eijma","No","28","27","1","$1M","RKC Waalwijk","Netherlands","Yes"
"Curaçao","5","DF","Sherel Floranus","No","27","27","0","$4M","PEC Zwolle","Netherlands","Yes"
"Curaçao","6","MF","Godfried Roemeratoe","No","26","27","1","$2M","RKC Waalwijk","Netherlands","Yes"
"Curaçao","7","MF","Juninho Bacuna","No","28","48","14","$3M","Volendam","Netherlands","Yes"
"Curaçao","8","MF","Livano Comenencia","No","22","19","1","$4M","Zürich","Switzerland","Yes"
"Curaçao","9","FW","Jürgen Locadia","No","32","13","1","$521M","Miami FC","United States","Yes"
"Curaçao","10","MF","Leandro Bacuna","Yes","34","71","16","$521M","Iğdır","Turkey","Yes"
"Curaçao","11","FW","Jeremy Antonisse","No","24","26","3","$1M","Kifisia","Greece","Yes"
"Curaçao","12","FW","Sontje Hansen","No","24","5","1","$8M","Middlesbrough","England","Yes"
"Curaçao","13","MF","Tyrese Noslin","No","23","6","1","$6M","Telstar","Netherlands","Yes"
"Curaçao","14","FW","Kenji Gorré","No","31","37","6","$2M","Maccabi Haifa","Israel","Yes"
"Curaçao","15","MF","Ar'jany Martha","No","22","8","2","$3M","Rotherham United","England","Yes"
"Curaçao","16","FW","Jearl Margaritha","No","26","21","5","$658K","Beveren","Belgium","Yes"
"Curaçao","17","FW","Brandley Kuwas","No","33","34","2","$1M","Volendam","Netherlands","Yes"
"Curaçao","18","DF","Armando Obispo","No","27","5","0","$5M","PSV Eindhoven","Netherlands","Yes"
"Curaçao","19","FW","Gervane Kastaneer","No","30","28","9","$152K","Terengganu","Malaysia","Yes"
"Curaçao","20","DF","Joshua Brenet","No","32","17","1","$2M","Kayserispor","Turkey","Yes"
"Curaçao","21","FW","Tahith Chong","No","26","5","3","$6M","Sheffield United","England","Yes"
"Curaçao","22","MF","Kevin Felida","No","26","19","1","$1M","Den Bosch","Netherlands","Yes"
"Curaçao","23","DF","Riechedly Bazoer","No","29","4","0","$8M","Konyaspor","Turkey","Yes"
"Curaçao","24","DF","Deveron Fonville","No","23","1","0","$3M","NEC","Netherlands","Yes"
"Curaçao","25","GK","Tyrick Bodak","No","24","4","0","$16K","Telstar","Netherlands","Yes"
"Curaçao","26","GK","Trevor Doornbusch","No","26","7","0","$104K","VVV-Venlo","Netherlands","Yes"
"Ecuador","1","GK","Hernán Galíndez","No","39","34","0","$521M","Huracán","Argentina","Yes"
"Ecuador","2","DF","Félix Torres","No","29","48","5","$7M","Internacional","Brazil","Yes"
"Ecuador","3","DF","Piero Hincapié","No","24","51","3","$90M","Arsenal","England","Yes"
"Ecuador","4","DF","Joel Ordóñez","No","22","16","0","$36M","Club Brugge","Belgium","Yes"
"Ecuador","5","MF","Jordy Alcívar","No","26","10","1","$2M","Independiente del Valle","Ecuador","Yes"
"Ecuador","6","DF","Willian Pacho","No","24","34","2","$251M","Paris Saint-Germain","France","Yes"
"Ecuador","7","DF","Pervis Estupiñán","No","28","53","4","$34M","Milan","Italy","Yes"
"Ecuador","8","MF","Denil Castillo","No","22","5","0","$12M","Midtjylland","Denmark","Yes"
"Ecuador","9","MF","John Yeboah","No","25","22","3","$3M","Venezia","Italy","Yes"
"Ecuador","10","MF","Kendry Páez","No","19","25","2","$46M","River Plate","Argentina","Yes"
"Ecuador","11","FW","Kevin Rodríguez","No","26","31","2","$3M","Union Saint-Gilloise","Belgium","Yes"
"Ecuador","12","GK","Moisés Ramírez","No","25","7","0","$3M","Kifisia","Greece","Yes"
"Ecuador","13","FW","Enner Valencia","Yes","36","105","49","$521M","Pachuca","Mexico","Yes"
"Ecuador","14","MF","Alan Minda","No","23","19","2","$6M","Atlético Mineiro","Brazil","Yes"
"Ecuador","15","MF","Pedro Vite","No","24","16","1","$6M","UNAM","Mexico","Yes"
"Ecuador","16","FW","Anthony Valencia","No","22","2","1","$3M","Antwerp","Belgium","Yes"
"Ecuador","17","DF","Ángelo Preciado","No","28","54","0","$10M","Atlético Mineiro","Brazil","Yes"
"Ecuador","18","FW","Jordy Caicedo","No","28","19","3","$118K","Huracán","Argentina","Yes"
"Ecuador","19","MF","Gonzalo Plata","No","25","49","8","$12M","Flamengo","Brazil","Yes"
"Ecuador","20","FW","Nilson Angulo","No","22","13","1","$14M","Sunderland","England","Yes"
"Ecuador","21","MF","Alan Franco","No","27","57","1","$9M","Atlético Mineiro","Brazil","Yes"
"Ecuador","22","GK","Gonzalo Valle","No","30","3","0","$2M","LDU Quito","Ecuador","Yes"
"Ecuador","23","MF","Moisés Caicedo","No","24","60","3","$286M","Chelsea","England","Yes"
"Ecuador","24","MF","Yaimar Medina","No","21","5","0","$22M","Genk","Belgium","Yes"
"Ecuador","25","DF","Jackson Porozo","No","25","9","1","$3M","Tijuana","Mexico","Yes"
"Ecuador","26","FW","Jeremy Arévalo","No","21","3","0","$10M","VfB Stuttgart","Germany","Yes"
"Germany","1","GK","Manuel Neuer","No","40","124","0","$5M","Bayern Munich","Germany","Yes"
"Germany","2","DF","Antonio Rüdiger","No","33","82","3","$521M","Real Madrid","Spain","Yes"
"Germany","3","DF","Waldemar Anton","No","29","12","0","$83M","Borussia Dortmund","Germany","Yes"
"Germany","4","DF","Jonathan Tah","No","30","46","1","$112M","Bayern Munich","Germany","Yes"
"Germany","5","MF","Aleksandar Pavlović","No","22","10","1","$112M","Bayern Munich","Germany","Yes"
"Germany","6","MF","Joshua Kimmich","Yes","31","109","11","$244M","Bayern Munich","Germany","Yes"
"Germany","7","FW","Kai Havertz","No","27","57","21","$76M","Arsenal","England","Yes"
"Germany","8","MF","Leon Goretzka","No","31","69","15","$42M","Bayern Munich","Germany","Yes"
"Germany","9","MF","Jamie Leweling","No","25","4","1","$49M","VfB Stuttgart","Germany","Yes"
"Germany","10","MF","Jamal Musiala","No","23","41","9","$263M","Bayern Munich","Germany","Yes"
"Germany","11","FW","Nick Woltemade","No","24","11","4","$224M","Newcastle United","England","Yes"
"Germany","12","GK","Oliver Baumann","No","36","12","0","$521M","TSG Hoffenheim","Germany","Yes"
"Germany","13","MF","Pascal Groß","No","34","18","1","$521M","Brighton & Hove Albion","England","Yes"
"Germany","14","FW","Maximilian Beier","No","23","8","0","$147M","Borussia Dortmund","Germany","Yes"
"Germany","15","DF","Nico Schlotterbeck","No","26","26","0","$171M","Borussia Dortmund","Germany","Yes"
"Germany","16","MF","Angelo Stiller","No","25","7","0","$60M","VfB Stuttgart","Germany","Yes"
"Germany","17","MF","Florian Wirtz","No","23","40","11","$476M","Liverpool","England","Yes"
"Germany","18","DF","Nathaniel Brown","No","22","4","0","$129M","Eintracht Frankfurt","Germany","Yes"
"Germany","19","MF","Leroy Sané","No","30","75","16","$95M","Galatasaray","Turkey","Yes"
"Germany","20","MF","Nadiem Amiri","No","29","10","1","$41M","Mainz 05","Germany","Yes"
"Germany","21","GK","Alexander Nübel","No","29","3","0","$17M","VfB Stuttgart","Germany","Yes"
"Germany","22","DF","David Raum","No","28","36","1","$60M","RB Leipzig","Germany","Yes"
"Germany","23","MF","Felix Nmecha","No","25","7","1","$114M","Borussia Dortmund","Germany","Yes"
"Germany","24","DF","Malick Thiaw","No","24","5","0","$69M","Newcastle United","England","Yes"
"Germany","25","MF","Lennart Karl","No","18","3","0","$35M","Bayern Munich","Germany","Yes"
"Germany","26","FW","Deniz Undav","No","29","8","6","$85M","VfB Stuttgart","Germany","Yes"
"Ivory Coast","","GK","Yahia Fofana","No","25","34","0","$10M","Çaykur Rizespor","Turkey","Yes"
"Ivory Coast","","GK","Alban Lafont","No","27","4","0","$5M","Panathinaikos","Greece","Yes"
"Ivory Coast","","GK","Mohamed Koné","No","24","0","0","$289K","Charleroi","Belgium","Yes"
"Ivory Coast","","DF","Ghislain Konan","No","30","53","0","$12M","Gil Vicente","Portugal","Yes"
"Ivory Coast","","DF","Odilon Kossounou","No","25","35","0","$51M","Atalanta","Italy","Yes"
"Ivory Coast","","DF","Wilfried Singo","No","25","33","1","$62M","Galatasaray","Turkey","Yes"
"Ivory Coast","","DF","Evan Ndicka","No","26","28","0","","Roma","Italy","Yes"
"Ivory Coast","","DF","Emmanuel Agbadou","No","29","19","2","$27M","Beşiktaş","Turkey","Yes"
"Ivory Coast","","DF","Guéla Doué","No","23","19","2","$17M","Strasbourg","France","Yes"
"Ivory Coast","","DF","Ousmane Diomande","No","22","14","1","$120M","Sporting CP","Portugal","Yes"
"Ivory Coast","","DF","Christopher Opéri","No","29","11","0","$8M","İstanbul Başakşehir","Turkey","Yes"
"Ivory Coast","","MF","Franck Kessié","Yes","29","102","15","$83M","Al-Ahli","Saudi Arabia","Yes"
"Ivory Coast","","MF","Jean Michaël Seri","No","34","65","4","$521M","Maribor","Slovenia","Yes"
"Ivory Coast","","MF","Ibrahim Sangaré","No","28","57","12","$66M","Nottingham Forest","England","Yes"
"Ivory Coast","","MF","Seko Fofana","No","31","31","7","$14M","Porto","Portugal","Yes"
"Ivory Coast","","MF","Christ Inao Oulaï","No","20","8","0","$54M","Trabzonspor","Turkey","Yes"
"Ivory Coast","","MF","Parfait Guiagon","No","25","5","0","$4M","Charleroi","Belgium","Yes"
"Ivory Coast","","FW","Nicolas Pépé","No","31","54","12","$91M","Villarreal","Spain","Yes"
"Ivory Coast","","FW","Oumar Diakité","No","22","28","6","$10M","Cercle Brugge","Belgium","Yes"
"Ivory Coast","","FW","Simon Adingra","No","24","28","5","$54M","Monaco","France","Yes"
"Ivory Coast","","FW","Evann Guessand","No","24","21","4","$69M","Crystal Palace","England","Yes"
"Ivory Coast","","FW","Amad Diallo","No","23","18","5","","Manchester United","England","Yes"
"Ivory Coast","","FW","Yan Diomande","No","19","9","3","$146M","RB Leipzig","Germany","Yes"
"Ivory Coast","","FW","Bazoumana Touré","No","20","5","2","$117M","TSG Hoffenheim","Germany","Yes"
"Ivory Coast","","FW","Elye Wahi","No","23","1","0","$72M","Nice","France","Yes"
"Ivory Coast","","FW","Ange-Yoan Bonny","No","22","0","0","","Inter Milan","Italy","Yes"
"Japan","1","GK","Zion Suzuki","No","23","24","0","$63M","Parma","Italy","Yes"
"Japan","2","DF","Yukinari Sugawara","No","25","21","2","$32M","Werder Bremen","Germany","Yes"
"Japan","3","DF","Shōgo Taniguchi","No","34","38","1","$521M","Sint-Truiden","Belgium","Yes"
"Japan","4","DF","Kō Itakura","No","29","40","2","$31M","Ajax","Netherlands","Yes"
"Japan","5","DF","Yūto Nagatomo","No","39","145","4","$521M","FC Tokyo","Japan","Yes"
"Japan","6","MF","Wataru Endo","Yes","33","73","4","$45M","Liverpool","England","Yes"
"Japan","7","MF","Ao Tanaka","No","27","38","8","$63M","Leeds United","England","Yes"
"Japan","8","MF","Takefusa Kubo","No","25","49","7","$125M","Real Sociedad","Spain","Yes"
"Japan","9","FW","Keisuke Gotō","No","21","4","0","$5M","Sint-Truiden","Belgium","Yes"
"Japan","10","MF","Ritsu Dōan","No","27","65","11","$51M","Eintracht Frankfurt","Germany","Yes"
"Japan","11","FW","Daizen Maeda","No","28","27","4","$34M","Celtic","Scotland","Yes"
"Japan","12","GK","Keisuke Ōsako","No","26","11","0","$6M","Sanfrecce Hiroshima","Japan","Yes"
"Japan","13","MF","Keito Nakamura","No","25","25","10","$20M","Reims","France","Yes"
"Japan","14","MF","Junya Itō","No","33","69","15","$521M","Genk","Belgium","Yes"
"Japan","15","MF","Daichi Kamada","No","29","49","12","$44M","Crystal Palace","England","Yes"
"Japan","16","DF","Tsuyoshi Watanabe","No","29","11","0","$31M","Feyenoord","Netherlands","Yes"
"Japan","17","FW","Yuito Suzuki","No","24","6","0","$17M","SC Freiburg","Germany","Yes"
"Japan","18","FW","Ayase Ueda","No","27","39","16","$45M","Feyenoord","Netherlands","Yes"
"Japan","19","FW","Kōki Ogawa","No","28","15","11","$10M","NEC","Netherlands","Yes"
"Japan","20","DF","Ayumu Seko","No","26","14","0","$9M","Le Havre","France","Yes"
"Japan","21","DF","Hiroki Itō","No","27","24","1","$26M","Bayern Munich","Germany","Yes"
"Japan","22","DF","Takehiro Tomiyasu","No","27","43","1","$39M","Ajax","Netherlands","Yes"
"Japan","23","GK","Tomoki Hayakawa","No","27","4","0","$7M","Kashima Antlers","Japan","Yes"
"Japan","24","MF","Kaishū Sano","No","25","13","0","$29M","Mainz 05","Germany","Yes"
"Japan","25","DF","Junnosuke Suzuki","No","22","6","0","$16M","Copenhagen","Denmark","Yes"
"Japan","26","FW","Kento Shiogai","No","21","2","0","$5M","VfL Wolfsburg","Germany","Yes"
"Netherlands","","GK","Bart Verbruggen","No","23","27","0","$85M","Brighton & Hove Albion","England","Yes"
"Netherlands","","GK","Mark Flekken","No","32","11","0","$521M","Bayer Leverkusen","Germany","Yes"
"Netherlands","","GK","Robin Roefs","No","23","0","0","$46M","Sunderland","England","Yes"
"Netherlands","","DF","Virgil van Dijk","Yes","34","90","12","$521M","Liverpool","England","Yes"
"Netherlands","","DF","Denzel Dumfries","No","30","71","11","$38M","Inter Milan","Italy","Yes"
"Netherlands","","DF","Nathan Aké","No","31","58","5","$79M","Manchester City","England","Yes"
"Netherlands","","DF","Jurriën Timber","No","24","23","0","$140M","Arsenal","England","Yes"
"Netherlands","","DF","Micky van de Ven","No","25","19","1","$132M","Tottenham Hotspur","England","Yes"
"Netherlands","","DF","Mats Wieffer","No","26","14","1","$74M","Brighton & Hove Albion","England","Yes"
"Netherlands","","DF","Jan Paul van Hecke","No","26","10","0","$101M","Brighton & Hove Albion","England","Yes"
"Netherlands","","DF","Jorrel Hato","No","20","7","0","$108M","Chelsea","England","Yes"
"Netherlands","","MF","Frenkie de Jong","No","29","64","2","$139M","Barcelona","Spain","Yes"
"Netherlands","","MF","Marten de Roon","No","35","42","1","$521M","Atalanta","Italy","Yes"
"Netherlands","","MF","Tijjani Reijnders","No","27","30","7","$92M","Manchester City","England","Yes"
"Netherlands","","MF","Teun Koopmeiners","No","28","27","3","$64M","Juventus","Italy","Yes"
"Netherlands","","MF","Ryan Gravenberch","No","24","25","1","$140M","Liverpool","England","Yes"
"Netherlands","","MF","Justin Kluivert","No","27","11","0","$72M","Bournemouth","England","Yes"
"Netherlands","","MF","Quinten Timber","No","24","10","1","$71M","Marseille","France","Yes"
"Netherlands","","MF","Guus Til","No","28","6","1","$42M","PSV Eindhoven","Netherlands","Yes"
"Netherlands","","FW","Memphis Depay","No","32","108","55","$18M","Corinthians","Brazil","Yes"
"Netherlands","","FW","Wout Weghorst","No","33","51","14","$521M","Ajax","Netherlands","Yes"
"Netherlands","","FW","Donyell Malen","No","27","51","13","$65M","Roma","Italy","Yes"
"Netherlands","","FW","Cody Gakpo","No","27","48","19","$90M","Liverpool","England","Yes"
"Netherlands","","FW","Noa Lang","No","26","15","3","$22M","Galatasaray","Turkey","Yes"
"Netherlands","","FW","Brian Brobbey","No","24","10","1","$52M","Sunderland","England","Yes"
"Netherlands","","FW","Crysencio Summerville","No","24","0","0","$79M","West Ham United","England","Yes"
"Sweden","1","GK","Jacob Widell Zetterström","No","27","3","0","$10M","Derby County","England","Yes"
"Sweden","2","DF","Gustaf Lagerbielke","No","26","10","2","$39M","Braga","Portugal","Yes"
"Sweden","3","DF","Victor Lindelöf","Yes","31","76","3","$46M","Aston Villa","England","Yes"
"Sweden","4","DF","Isak Hien","No","27","28","0","$37M","Atalanta","Italy","Yes"
"Sweden","5","DF","Gabriel Gudmundsson","No","27","23","0","$60M","Leeds United","England","Yes"
"Sweden","6","DF","Herman Johansson","No","28","3","0","$5M","FC Dallas","United States","Yes"
"Sweden","7","MF","Lucas Bergvall","No","20","9","0","$98M","Tottenham Hotspur","England","Yes"
"Sweden","8","DF","Daniel Svensson","No","24","12","0","$92M","Borussia Dortmund","Germany","Yes"
"Sweden","9","FW","Alexander Isak","No","26","57","17","$431M","Liverpool","England","Yes"
"Sweden","10","FW","Benjamin Nygren","No","24","10","3","$20M","Celtic","Scotland","Yes"
"Sweden","11","FW","Anthony Elanga","No","24","29","6","$90M","Newcastle United","England","Yes"
"Sweden","12","GK","Viktor Johansson","No","27","12","0","$17M","Stoke City","England","Yes"
"Sweden","13","FW","Ken Sema","No","32","33","5","$496K","Pafos","Cyprus","Yes"
"Sweden","14","DF","Hjalmar Ekdal","No","27","12","0","$17M","Burnley","England","Yes"
"Sweden","15","DF","Carl Starfelt","No","31","17","0","$64M","Celta Vigo","Spain","Yes"
"Sweden","16","MF","Jesper Karlström","No","30","24","0","$19M","Udinese","Italy","Yes"
"Sweden","17","FW","Viktor Gyökeres","No","28","32","19","$77M","Arsenal","England","Yes"
"Sweden","18","MF","Yasin Ayari","No","22","20","3","$78M","Brighton & Hove Albion","England","Yes"
"Sweden","19","MF","Mattias Svanberg","No","27","40","2","$6M","VfL Wolfsburg","Germany","Yes"
"Sweden","20","DF","Eric Smith","No","29","1","0","$10M","FC St. Pauli","Germany","Yes"
"Sweden","21","FW","Alexander Bernhardsson","No","27","10","0","$7M","Holstein Kiel","Germany","Yes"
"Sweden","22","MF","Besfort Zeneli","No","23","7","0","$8M","Union Saint-Gilloise","Belgium","Yes"
"Sweden","23","GK","Kristoffer Nordfeldt","No","36","20","0","$521M","AIK","Sweden","Yes"
"Sweden","24","DF","Elliot Stroud","No","23","0","0","$5M","Mjällby AIF","Sweden","Yes"
"Sweden","25","FW","Gustaf Nilsson","No","29","9","3","$6M","Club Brugge","Belgium","Yes"
"Sweden","26","FW","Taha Ali","No","27","1","0","$4M","Malmö FF","Sweden","Yes"
"Tunisia","","GK","Aymen Dahmen","No","29","37","0","$394K","CS Sfaxien","Tunisia","Yes"
"Tunisia","","GK","Sabri Ben Hessen","No","29","2","0","$181K","Étoile du Sahel","Tunisia","Yes"
"Tunisia","","GK","Mouhib Chamakh","No","24","1","0","","Club Africain","Tunisia","Yes"
"Tunisia","","DF","Montassar Talbi","No","28","62","4","$10M","Lorient","France","Yes"
"Tunisia","","DF","Dylan Bronn","No","30","52","2","$1M","Servette","Switzerland","Yes"
"Tunisia","","DF","Ali Abdi","No","32","45","7","$4M","Nice","France","Yes"
"Tunisia","","DF","Yan Valery","No","27","21","0","$6M","Young Boys","Switzerland","Yes"
"Tunisia","","DF","Mohamed Amine Ben Hamida","No","30","12","0","","Espérance de Tunis","Tunisia","Yes"
"Tunisia","","DF","Moutaz Neffati","No","21","5","0","$2M","IFK Norrköping","Sweden","Yes"
"Tunisia","","DF","Omar Rekik","No","24","4","0","$1M","Maribor","Slovenia","Yes"
"Tunisia","","DF","Adem Arous","No","21","1","0","$3M","Kasımpaşa","Turkey","Yes"
"Tunisia","","DF","Raed Chikhaoui","No","22","0","0","$257K","US Monastir","Tunisia","Yes"
"Tunisia","","MF","Ellyes Skhiri","Yes","31","81","4","$19M","Eintracht Frankfurt","Germany","Yes"
"Tunisia","","MF","Hannibal Mejbri","No","23","44","1","","Burnley","England","Yes"
"Tunisia","","MF","Anis Ben Slimane","No","25","39","4","$7M","Norwich City","England","Yes"
"Tunisia","","MF","Mortadha Ben Ouanes","No","31","17","0","","Kasımpaşa","Turkey","Yes"
"Tunisia","","MF","Ismaël Gharbi","No","22","15","2","$16M","FC Augsburg","Germany","Yes"
"Tunisia","","MF","Hadj Mahmoud","No","26","7","0","$2M","Lugano","Switzerland","Yes"
"Tunisia","","MF","Rani Khedira","No","32","2","0","$12M","Union Berlin","Germany","Yes"
"Tunisia","","FW","Elias Achouri","No","27","29","4","$18M","Copenhagen","Denmark","Yes"
"Tunisia","","FW","Firas Chaouat","No","30","28","6","$241K","Club Africain","Tunisia","Yes"
"Tunisia","","FW","Hazem Mastouri","No","28","18","4","$1M","Dynamo Makhachkala","Russia","Yes"
"Tunisia","","FW","Elias Saad","No","26","14","4","$4M","Hannover 96","Germany","Yes"
"Tunisia","","FW","Sebastian Tounekti","No","23","10","1","$15M","Celtic","Scotland","Yes"
"Tunisia","","FW","Khalil Ayari","No","21","2","0","$1M","Paris Saint-Germain","France","Yes"
"Tunisia","","FW","Rayan Elloumi","No","18","2","0","$3M","Vancouver Whitecaps FC","Canada","Yes"
"Belgium","","GK","Thibaut Courtois","No","34","107","0","$521M","Real Madrid","Spain","Yes"
"Belgium","","GK","Senne Lammens","No","23","2","0","$62M","Manchester United","England","Yes"
"Belgium","","GK","Mike Penders","No","20","0","0","$35M","Strasbourg","France","Yes"
"Belgium","","DF","Thomas Meunier","No","34","78","10","$521M","Lille","France","Yes"
"Belgium","","DF","Timothy Castagne","No","30","62","2","$44M","Fulham","England","Yes"
"Belgium","","DF","Arthur Theate","No","26","32","1","$58M","Eintracht Frankfurt","Germany","Yes"
"Belgium","","DF","Zeno Debast","No","22","26","1","$120M","Sporting CP","Portugal","Yes"
"Belgium","","DF","Maxim De Cuyper","No","25","17","4","$56M","Brighton & Hove Albion","England","Yes"
"Belgium","","DF","Brandon Mechele","No","33","7","1","$521M","Club Brugge","Belgium","Yes"
"Belgium","","DF","Koni De Winter","No","23","7","0","$43M","Milan","Italy","Yes"
"Belgium","","DF","Joaquin Seys","No","21","4","0","$46M","Club Brugge","Belgium","Yes"
"Belgium","","DF","Nathan Ngoy","No","23","2","0","$20M","Lille","France","Yes"
"Belgium","","MF","Axel Witsel","No","37","136","12","$4M","Girona","Spain","Yes"
"Belgium","","MF","Kevin De Bruyne","No","34","117","36","$521M","Napoli","Italy","Yes"
"Belgium","","MF","Youri Tielemans","Yes","29","83","12","$92M","Aston Villa","England","Yes"
"Belgium","","MF","Hans Vanaken","No","33","32","7","$521M","Club Brugge","Belgium","Yes"
"Belgium","","MF","Amadou Onana","No","24","27","1","$97M","Aston Villa","England","Yes"
"Belgium","","MF","Nicolas Raskin","No","25","11","1","$30M","Rangers","Scotland","Yes"
"Belgium","","FW","Romelu Lukaku","No","33","124","89","$521M","Napoli","Italy","Yes"
"Belgium","","FW","Leandro Trossard","No","31","50","11","$72M","Arsenal","England","Yes"
"Belgium","","FW","Jérémy Doku","No","24","41","7","$214M","Manchester City","England","Yes"
"Belgium","","FW","Dodi Lukébakio","No","28","29","5","$75M","Benfica","Portugal","Yes"
"Belgium","","FW","Charles De Ketelaere","No","25","28","5","$76M","Atalanta","Italy","Yes"
"Belgium","","FW","Alexis Saelemaekers","No","26","23","2","$71M","Milan","Italy","Yes"
"Belgium","","FW","Diego Moreira","No","21","2","0","$50M","Strasbourg","France","Yes"
"Belgium","","FW","Matias Fernandez-Pardo","No","21","0","0","$75M","Lille","France","Yes"
"Egypt","","GK","Mohamed El Shenawy","No","37","76","0","$521M","Al Ahly","Egypt","Yes"
"Egypt","","GK","Mostafa Shobeir","No","26","8","0","","Al Ahly","Egypt","Yes"
"Egypt","","GK","Mohamed Alaa","No","27","0","0","$3K","El Gouna","Egypt","Yes"
"Egypt","","GK","El Mahdy Soliman","No","39","0","0","$32K","Zamalek","Egypt","Yes"
"Egypt","","DF","Hamdy Fathy","No","31","62","3","","Al-Wakrah","Qatar","Yes"
"Egypt","","DF","Ramy Rabia","No","33","44","5","$521M","Al-Ain","United Arab Emirates","Yes"
"Egypt","","DF","Mohamed Hany","No","30","41","0","$3M","Al Ahly","Egypt","Yes"
"Egypt","","DF","Ahmed Fatouh","No","28","38","1","$6M","Zamalek","Egypt","Yes"
"Egypt","","DF","Mohamed Abdelmonem","No","27","35","3","$12M","Nice","France","Yes"
"Egypt","","DF","Yasser Ibrahim","No","33","16","1","$840K","Al Ahly","Egypt","Yes"
"Egypt","","DF","Hossam Abdelmaguid","No","25","13","0","$2M","Zamalek","Egypt","Yes"
"Egypt","","DF","Karim Hafez","No","30","8","0","$445K","Pyramids","Egypt","Yes"
"Egypt","","DF","Tarek Alaa","No","24","2","0","$579K","ZED","Egypt","Yes"
"Egypt","","MF","Marwan Attia","No","27","33","1","","Al Ahly","Egypt","Yes"
"Egypt","","MF","Emam Ashour","No","28","28","0","$27M","Al Ahly","Egypt","Yes"
"Egypt","","MF","Mohanad Lasheen","No","30","22","0","$6M","Pyramids","Egypt","Yes"
"Egypt","","MF","Mahmoud Saber","No","24","15","1","$6M","ZED","Egypt","Yes"
"Egypt","","MF","Nabil Emad","No","30","12","0","","Al-Najma","Saudi Arabia","Yes"
"Egypt","","MF","Mostafa Ziko","No","29","1","1","","Pyramids","Egypt","Yes"
"Egypt","","FW","Mohamed Salah","Yes","33","116","67","$521M","Liverpool","England","Yes"
"Egypt","","FW","Trézéguet","No","31","95","23","$24M","Al Ahly","Egypt","Yes"
"Egypt","","FW","Zizo","No","30","62","5","$26M","Al Ahly","Egypt","Yes"
"Egypt","","FW","Omar Marmoush","No","27","48","11","$127M","Manchester City","England","Yes"
"Egypt","","FW","Ibrahim Adel","No","25","23","3","$13M","Nordsjælland","Denmark","Yes"
"Egypt","","FW","Haissem Hassan","No","24","3","0","$14M","Oviedo","Spain","Yes"
"Egypt","","FW","Hamza Abdelkarim","No","18","1","0","$15M","Barcelona","Spain","Yes"
"Iran","","GK","Alireza Beiranvand","No","33","85","0","$521M","Tractor","Iran","Yes"
"Iran","","GK","Payam Niazmand","No","31","15","0","$1M","Persepolis","Iran","Yes"
"Iran","","GK","Hossein Hosseini","No","33","13","0","$521M","Sepahan","Iran","Yes"
"Iran","","DF","Ehsan Hajsafi","Yes","36","145","7","$77K","Sepahan","Iran","Yes"
"Iran","","DF","Milad Mohammadi","No","32","75","1","$521M","Persepolis","Iran","Yes"
"Iran","","DF","Ramin Rezaeian","No","36","73","7","$521M","Foolad","Iran","Yes"
"Iran","","DF","Hossein Kanaanizadegan","No","32","64","6","","Persepolis","Iran","Yes"
"Iran","","DF","Shojae Khalilzadeh","No","37","57","2","","Tractor","Iran","Yes"
"Iran","","DF","Saleh Hardani","No","27","17","1","$773K","Esteghlal","Iran","Yes"
"Iran","","DF","Ali Nemati","No","30","16","0","$945K","Foolad","Iran","Yes"
"Iran","","DF","Danial Eiri","No","22","0","0","$1M","Malavan","Iran","Yes"
"Iran","","MF","Alireza Jahanbakhsh","No","32","98","17","$521M","Dender","Belgium","Yes"
"Iran","","MF","Saeid Ezatolahi","No","29","82","1","$5M","Shabab Al-Ahli","United Arab Emirates","Yes"
"Iran","","MF","Saman Ghoddos","No","32","67","3","$521M","Kalba","United Arab Emirates","Yes"
"Iran","","MF","Mehdi Torabi","No","31","52","7","$2M","Tractor","Iran","Yes"
"Iran","","MF","Rouzbeh Cheshmi","No","32","40","3","$521M","Esteghlal","Iran","Yes"
"Iran","","MF","Mohammad Mohebi","No","27","36","14","$4M","Rostov","Russia","Yes"
"Iran","","MF","Mehdi Ghayedi","No","27","29","10","$12M","Al-Nasr","United Arab Emirates","Yes"
"Iran","","MF","Mohammad Ghorbani","No","25","15","0","$4M","Al-Wahda","United Arab Emirates","Yes"
"Iran","","MF","Aria Yousefi","No","24","13","1","$1M","Sepahan","Iran","Yes"
"Iran","","MF","Amirmohammad Razzaghinia","No","20","3","0","","Esteghlal","Iran","Yes"
"Iran","","FW","Mehdi Taremi","No","33","104","60","$521M","Olympiacos","Greece","Yes"
"Iran","","FW","Shahriyar Moghanlou","No","31","20","2","$8M","Kalba","United Arab Emirates","Yes"
"Iran","","FW","Amirhossein Hosseinzadeh","No","25","17","5","","Tractor","Iran","Yes"
"Iran","","FW","Ali Alipour","No","30","13","1","$2M","Persepolis","Iran","Yes"
"Iran","","FW","Dennis Eckert","No","29","0","0","","Standard Liège","Belgium","Yes"
"New Zealand","1","GK","Max Crocombe","No","32","22","0","$2M","Millwall","England","Yes"
"New Zealand","2","DF","Tim Payne","No","32","49","3","$840K","Wellington Phoenix","New Zealand","Yes"
"New Zealand","3","DF","Francis de Vries","No","31","18","1","$2M","Auckland FC","New Zealand","Yes"
"New Zealand","4","DF","Tyler Bindon","No","21","23","3","$19M","Sheffield United","England","Yes"
"New Zealand","5","DF","Michael Boxall","No","37","61","1","$250K","Minnesota United FC","United States","Yes"
"New Zealand","6","MF","Joe Bell","No","27","31","1","$5M","Viking","Norway","Yes"
"New Zealand","7","MF","Matthew Garbett","No","24","35","5","$5M","Peterborough United","England","Yes"
"New Zealand","8","MF","Marko Stamenić","No","24","37","3","$8M","Swansea City","Wales","Yes"
"New Zealand","9","FW","Chris Wood","Yes","34","88","45","$15M","Nottingham Forest","England","Yes"
"New Zealand","10","MF","Sarpreet Singh","No","27","26","3","$1M","Wellington Phoenix","New Zealand","Yes"
"New Zealand","11","MF","Elijah Just","No","26","42","9","$2M","Motherwell","Scotland","Yes"
"New Zealand","12","GK","Alex Paulsen","No","23","6","0","$3M","Lechia Gdańsk","Poland","Yes"
"New Zealand","13","DF","Liberato Cacace","No","25","35","1","$13M","Wrexham","Wales","Yes"
"New Zealand","14","MF","Alex Rufer","No","29","24","0","$1M","Wellington Phoenix","New Zealand","Yes"
"New Zealand","15","DF","Nando Pijnaker","No","27","23","0","$473K","Auckland FC","New Zealand","Yes"
"New Zealand","16","DF","Finn Surman","No","22","17","2","$4M","Portland Timbers","United States","Yes"
"New Zealand","17","FW","Kosta Barbarouses","No","36","74","10","$521M","Western Sydney Wanderers","Australia","Yes"
"New Zealand","18","FW","Ben Waine","No","25","30","9","$424K","Port Vale","England","Yes"
"New Zealand","19","MF","Ben Old","No","23","22","2","$5M","Saint-Étienne","France","Yes"
"New Zealand","20","MF","Callum McCowatt","No","27","30","4","$3M","Silkeborg","Denmark","Yes"
"New Zealand","21","FW","Jesse Randall","No","23","9","2","$1M","Auckland FC","New Zealand","Yes"
"New Zealand","22","GK","Michael Woud","No","27","6","0","$329K","Auckland FC","New Zealand","Yes"
"New Zealand","23","MF","Ryan Thomas","No","31","25","3","$3M","PEC Zwolle","Netherlands","Yes"
"New Zealand","24","DF","Callan Elliot","No","26","9","0","$196K","Auckland FC","New Zealand","Yes"
"New Zealand","25","MF","Lachlan Bayliss","No","23","2","0","$579K","Newcastle Jets","Australia","Yes"
"New Zealand","26","DF","Tommy Smith","No","36","56","2","$521M","Braintree Town","England","Yes"
"Cape Verde","","GK","Vozinha","No","40","85","0","$521M","Chaves","Portugal","Yes"
"Cape Verde","","GK","Márcio Rosa","No","29","10","0","$96K","Montana","Bulgaria","Yes"
"Cape Verde","","GK","CJ dos Santos","No","25","0","0","$108K","San Diego FC","United States","Yes"
"Cape Verde","","DF","Stopira","No","38","60","4","$521M","Torreense","Portugal","Yes"
"Cape Verde","","DF","Roberto Lopes","No","33","44","0","$521M","Shamrock Rovers","Ireland","Yes"
"Cape Verde","","DF","João Paulo","No","28","40","1","$11M","FCSB","Romania","Yes"
"Cape Verde","","DF","Diney","No","31","29","2","$446K","Al-Bataeh","United Arab Emirates","Yes"
"Cape Verde","","DF","Logan Costa","No","25","26","0","$87M","Villarreal","Spain","Yes"
"Cape Verde","","DF","Steven Moreira","No","31","18","0","$7M","Columbus Crew","United States","Yes"
"Cape Verde","","DF","Wagner Pina","No","23","12","0","$38M","Trabzonspor","Turkey","Yes"
"Cape Verde","","DF","Sidny Lopes Cabral","No","22","8","3","$13M","Benfica","Portugal","Yes"
"Cape Verde","","DF","Kelvin Pires","No","26","4","1","$356K","SJK","Finland","Yes"
"Cape Verde","","MF","Jamiro Monteiro","No","32","53","5","$521M","PEC Zwolle","Netherlands","Yes"
"Cape Verde","","MF","Kevin Pina","No","29","30","2","$5M","Krasnodar","Russia","Yes"
"Cape Verde","","MF","Deroy Duarte","No","26","30","0","$1M","Ludogorets Razgrad","Bulgaria","Yes"
"Cape Verde","","MF","Telmo Arcanjo","No","24","14","1","$6M","Vitória de Guimarães","Portugal","Yes"
"Cape Verde","","MF","Laros Duarte","No","29","12","0","$1M","Puskás Akadémia","Hungary","Yes"
"Cape Verde","","MF","Yannick Semedo","No","30","10","1","$1M","Farense","Portugal","Yes"
"Cape Verde","","FW","Ryan Mendes","Yes","36","94","22","$521M","Iğdır","Turkey","Yes"
"Cape Verde","","FW","Garry Rodrigues","No","35","59","9","$521M","Apollon Limassol","Cyprus","Yes"
"Cape Verde","","FW","Willy Semedo","No","32","36","2","$275K","Omonia","Cyprus","Yes"
"Cape Verde","","FW","Jovane Cabral","No","27","25","2","$12M","Estrela Amadora","Portugal","Yes"
"Cape Verde","","FW","Gilson Benchimol","No","24","21","5","$2M","Akron Tolyatti","Russia","Yes"
"Cape Verde","","FW","Dailon Livramento","No","25","20","7","$975K","Casa Pia","Portugal","Yes"
"Cape Verde","","FW","Hélio Varela","No","24","19","0","$2M","Maccabi Tel Aviv","Israel","Yes"
"Cape Verde","","FW","Nuno da Costa","No","35","7","1","$521M","İstanbul Başakşehir","Turkey","Yes"
"Saudi Arabia","","GK","Mohammed Al-Owais","No","34","63","0","$521M","Al-Ula","Saudi Arabia","Yes"
"Saudi Arabia","","GK","Nawaf Al-Aqidi","No","26","22","0","$4M","Al-Nassr","Saudi Arabia","Yes"
"Saudi Arabia","","GK","Ahmed Al-Kassar","No","35","8","0","$686K","Al-Qadsiah","Saudi Arabia","Yes"
"Saudi Arabia","","DF","Saud Abdulhamid","No","26","53","1","$7M","Lens","France","Yes"
"Saudi Arabia","","DF","Hassan Al-Tambakti","No","27","51","0","$13M","Al-Hilal","Saudi Arabia","Yes"
"Saudi Arabia","","DF","Abdulelah Al-Amri","No","29","41","1","$5M","Al-Nassr","Saudi Arabia","Yes"
"Saudi Arabia","","DF","Nawaf Boushal","No","26","24","0","","Al-Nassr","Saudi Arabia","Yes"
"Saudi Arabia","","DF","Ali Lajami","No","30","20","1","$1M","Al-Hilal","Saudi Arabia","Yes"
"Saudi Arabia","","DF","Ali Majrashi","No","26","20","0","$17M","Al-Ahli","Saudi Arabia","Yes"
"Saudi Arabia","","DF","Hassan Kadesh","No","33","19","2","","Al-Ittihad","Saudi Arabia","Yes"
"Saudi Arabia","","DF","Moteb Al-Harbi","No","26","11","0","$5M","Al-Hilal","Saudi Arabia","Yes"
"Saudi Arabia","","DF","Jehad Thakri","No","24","6","0","","Al-Qadsiah","Saudi Arabia","Yes"
"Saudi Arabia","","DF","Mohammed Abu Al-Shamat","No","23","5","0","$24M","Al-Qadsiah","Saudi Arabia","Yes"
"Saudi Arabia","","MF","Salem Al-Dawsari","Yes","34","108","26","$49M","Al-Hilal","Saudi Arabia","Yes"
"Saudi Arabia","","MF","Mohamed Kanno","No","31","75","8","$10M","Al-Hilal","Saudi Arabia","Yes"
"Saudi Arabia","","MF","Nasser Al-Dawsari","No","27","42","0","$8M","Al-Hilal","Saudi Arabia","Yes"
"Saudi Arabia","","MF","Abdullah Al-Khaibari","No","29","38","0","$5M","Al-Nassr","Saudi Arabia","Yes"
"Saudi Arabia","","MF","Musab Al-Juwayr","No","22","33","6","$112M","Al-Qadsiah","Saudi Arabia","Yes"
"Saudi Arabia","","MF","Ayman Yahya","No","25","25","0","","Al-Nassr","Saudi Arabia","Yes"
"Saudi Arabia","","MF","Ziyad Al-Johani","No","24","11","0","$6M","Al-Ahli","Saudi Arabia","Yes"
"Saudi Arabia","","MF","Sultan Mandash","No","31","5","1","$5M","Al-Hilal","Saudi Arabia","Yes"
"Saudi Arabia","","MF","Alaa Al-Hejji","No","30","1","0","","Neom","Saudi Arabia","Yes"
"Saudi Arabia","","FW","Firas Al-Buraikan","No","26","69","15","","Al-Ahli","Saudi Arabia","Yes"
"Saudi Arabia","","FW","Saleh Al-Shehri","No","32","55","18","$1M","Al-Ittihad","Saudi Arabia","Yes"
"Saudi Arabia","","FW","Abdullah Al-Hamdan","No","26","48","11","$8K","Al-Nassr","Saudi Arabia","Yes"
"Saudi Arabia","","FW","Khalid Al-Ghannam","No","25","5","0","$16M","Al-Ettifaq","Saudi Arabia","Yes"
"Spain","1","GK","David Raya","No","30","12","0","$93M","Arsenal","England","Yes"
"Spain","2","DF","Marc Pubill","No","22","0","0","$95M","Atlético Madrid","Spain","Yes"
"Spain","3","DF","Álex Grimaldo","No","30","12","0","","Bayer Leverkusen","Germany","Yes"
"Spain","4","DF","Eric García","No","25","19","0","$90M","Barcelona","Spain","Yes"
"Spain","5","DF","Marcos Llorente","No","31","23","0","$124M","Atlético Madrid","Spain","Yes"
"Spain","6","MF","Mikel Merino","No","29","41","10","$66M","Arsenal","England","Yes"
"Spain","7","FW","Ferran Torres","No","26","55","23","$112M","Barcelona","Spain","Yes"
"Spain","8","MF","Fabián Ruiz","No","30","41","6","0","Paris Saint-Germain","France","Yes"
"Spain","9","MF","Gavi","No","21","28","5","$150M","Barcelona","Spain","Yes"
"Spain","10","FW","Dani Olmo","No","28","48","12","$130M","Barcelona","Spain","Yes"
"Spain","11","FW","Yéremy Pino","No","23","21","4","$76M","Crystal Palace","England","Yes"
"Spain","12","DF","Pedro Porro","No","26","16","0","$81M","Tottenham Hotspur","England","Yes"
"Spain","13","GK","Joan Garcia","No","25","1","0","$124M","Barcelona","Spain","Yes"
"Spain","14","DF","Aymeric Laporte","No","32","44","2","$118M","Athletic Bilbao","Spain","Yes"
"Spain","15","MF","Álex Baena","No","24","15","2","$208M","Atlético Madrid","Spain","Yes"
"Spain","16","MF","Rodri","Yes","29","61","4","$133M","Manchester City","England","Yes"
"Spain","17","FW","Nico Williams","No","23","30","6","$142M","Athletic Bilbao","Spain","Yes"
"Spain","18","MF","Martín Zubimendi","No","27","25","3","$101M","Arsenal","England","Yes"
"Spain","19","FW","Lamine Yamal","No","18","25","6","$469M","Barcelona","Spain","Yes"
"Spain","20","MF","Pedri","No","23","40","5","$310M","Barcelona","Spain","Yes"
"Spain","21","FW","Mikel Oyarzabal","No","29","52","24","$113M","Real Sociedad","Spain","Yes"
"Spain","22","DF","Pau Cubarsí","No","19","11","0","$150M","Barcelona","Spain","Yes"
"Spain","23","GK","Unai Simón","No","29","57","0","$335M","Athletic Bilbao","Spain","Yes"
"Spain","24","DF","Marc Cucurella","No","27","23","1","$107M","Chelsea","England","Yes"
"Spain","25","FW","Víctor Muñoz","No","22","2","1","$60M","Osasuna","Spain","Yes"
"Spain","26","FW","Borja Iglesias","No","33","6","0","$521M","Celta Vigo","Spain","Yes"
"Uruguay","","GK","Fernando Muslera","No","39","134","0","$521M","Estudiantes","Argentina","Yes"
"Uruguay","","GK","Sergio Rochet","No","33","35","0","$521M","Internacional","Brazil","Yes"
"Uruguay","","GK","Santiago Mele","No","28","8","0","$9M","Monterrey","Mexico","Yes"
"Uruguay","","DF","José María Giménez","Yes","31","99","8","","Atlético Madrid","Spain","Yes"
"Uruguay","","DF","Matías Viña","No","28","43","1","$5M","River Plate","Argentina","Yes"
"Uruguay","","DF","Mathías Olivera","No","28","35","2","$42M","Napoli","Italy","Yes"
"Uruguay","","DF","Guillermo Varela","No","33","28","0","$6M","Flamengo","Brazil","Yes"
"Uruguay","","DF","Ronald Araújo","No","27","27","1","$55M","Barcelona","Spain","Yes"
"Uruguay","","DF","Sebastián Cáceres","No","26","24","0","$11M","América","Mexico","Yes"
"Uruguay","","DF","Joaquín Piquerez","No","27","19","0","$12M","Palmeiras","Brazil","Yes"
"Uruguay","","DF","Santiago Bueno","No","27","8","0","$25M","Wolverhampton Wanderers","England","Yes"
"Uruguay","","MF","Rodrigo Bentancur","No","28","74","3","$82M","Tottenham Hotspur","England","Yes"
"Uruguay","","MF","Federico Valverde","No","27","73","9","$145M","Real Madrid","Spain","Yes"
"Uruguay","","MF","Giorgian de Arrascaeta","No","32","60","13","$18M","Flamengo","Brazil","Yes"
"Uruguay","","MF","Facundo Pellistri","No","24","39","2","$29M","Panathinaikos","Greece","Yes"
"Uruguay","","MF","Manuel Ugarte","No","25","36","1","$85M","Manchester United","England","Yes"
"Uruguay","","MF","Nicolás de la Cruz","No","29","34","5","$13M","Flamengo","Brazil","Yes"
"Uruguay","","MF","Brian Rodríguez","No","26","32","4","$9M","América","Mexico","Yes"
"Uruguay","","MF","Maximiliano Araújo","No","26","28","3","$97M","Sporting CP","Portugal","Yes"
"Uruguay","","MF","Agustín Canobbio","No","27","15","1","$15M","Fluminense","Brazil","Yes"
"Uruguay","","MF","Emiliano Martínez","No","26","10","0","$521M","Palmeiras","Brazil","Yes"
"Uruguay","","MF","Rodrigo Zalazar","No","26","8","2","$75M","Braga","Portugal","Yes"
"Uruguay","","MF","Juan Manuel Sanabria","No","26","5","1","$4M","Real Salt Lake","United States","Yes"
"Uruguay","","FW","Darwin Núñez","No","26","38","13","$94M","Al-Hilal","Saudi Arabia","Yes"
"Uruguay","","FW","Federico Viñas","No","27","11","2","$8M","Oviedo","Spain","Yes"
"Uruguay","","FW","Rodrigo Aguirre","No","31","10","3","$2M","UANL","Mexico","Yes"
"France","1","GK","Brice Samba","No","32","4","0","$22M","Rennes","France","Yes"
"France","2","DF","Malo Gusto","No","23","9","0","$99M","Chelsea","England","Yes"
"France","3","DF","Lucas Digne","No","32","56","0","$521M","Aston Villa","England","Yes"
"France","4","DF","Dayot Upamecano","No","27","36","2","$98M","Bayern Munich","Germany","Yes"
"France","5","DF","Jules Koundé","No","27","46","0","$95M","Barcelona","Spain","Yes"
"France","6","MF","Manu Koné","No","25","12","0","$108M","Roma","Italy","Yes"
"France","7","FW","Ousmane Dembélé","No","29","58","7","$475M","Paris Saint-Germain","France","Yes"
"France","8","MF","Aurélien Tchouaméni","No","26","44","3","$130M","Real Madrid","Spain","Yes"
"France","9","FW","Marcus Thuram","No","28","33","3","$128M","Inter Milan","Italy","Yes"
"France","10","FW","Kylian Mbappé","Yes","27","96","56","$304M","Real Madrid","Spain","Yes"
"France","11","FW","Michael Olise","No","24","15","4","$343M","Bayern Munich","Germany","Yes"
"France","12","FW","Bradley Barcola","No","23","18","3","$206M","Paris Saint-Germain","France","Yes"
"France","13","MF","N'Golo Kanté","No","35","67","2","$521M","Fenerbahçe","Turkey","Yes"
"France","14","MF","Adrien Rabiot","No","31","57","7","$126M","Milan","Italy","Yes"
"France","15","DF","Ibrahima Konaté","No","27","27","0","$97M","Liverpool","England","Yes"
"France","16","GK","Mike Maignan","No","30","38","0","$143M","Milan","Italy","Yes"
"France","17","DF","William Saliba","No","25","31","0","$219M","Arsenal","England","Yes"
"France","18","MF","Warren Zaïre-Emery","No","20","10","1","$136M","Paris Saint-Germain","France","Yes"
"France","19","DF","Théo Hernandez","No","28","42","2","$105M","Al-Hilal","Saudi Arabia","Yes"
"France","20","FW","Désiré Doué","No","21","6","2","$244M","Paris Saint-Germain","France","Yes"
"France","21","DF","Lucas Hernandez","No","30","41","0","$64M","Paris Saint-Germain","France","Yes"
"France","22","FW","Jean-Philippe Mateta","No","28","3","2","$67M","Crystal Palace","England","Yes"
"France","23","GK","Robin Risser","No","21","0","0","$41M","Lens","France","Yes"
"France","24","FW","Rayan Cherki","No","22","5","1","$144M","Manchester City","England","Yes"
"France","25","FW","Maghnes Akliouche","No","24","7","1","$98M","Monaco","France","Yes"
"France","26","DF","Maxence Lacroix","No","26","2","0","$60M","Crystal Palace","England","Yes"
"Iraq","","GK","Jalal Hassan","Yes","35","100","0","$521M","Al-Zawraa","Iraq","Yes"
"Iraq","","GK","Fahad Talib","No","31","21","0","$125K","Al-Talaba","Iraq","Yes"
"Iraq","","GK","Ahmed Basil","No","29","14","0","$65K","Al-Shorta","Iraq","Yes"
"Iraq","","DF","Rebin Sulaka","No","34","54","1","$521M","Port","Thailand","Yes"
"Iraq","","DF","Manaf Younis","No","29","32","1","","Al-Shorta","Iraq","Yes"
"Iraq","","DF","Merchas Doski","No","26","30","0","$3M","Viktoria Plzeň","Czech Republic","Yes"
"Iraq","","DF","Zaid Tahseen","No","25","26","1","$542K","Pakhtakor","Uzbekistan","Yes"
"Iraq","","DF","Frans Putros","No","32","26","0","$521M","Persib","Indonesia","Yes"
"Iraq","","DF","Hussein Ali","No","24","25","1","$826K","Pogoń Szczecin","Poland","Yes"
"Iraq","","DF","Ahmed Yahya","No","30","19","0","$103K","Al-Shorta","Iraq","Yes"
"Iraq","","DF","Mustafa Saadoon","No","25","15","0","","Al-Shorta","Iraq","Yes"
"Iraq","","DF","Akam Hashim","No","27","12","1","","Al-Zawraa","Iraq","Yes"
"Iraq","","MF","Ibrahim Bayesh","No","26","74","8","$9M","Al-Dhafra","United Arab Emirates","Yes"
"Iraq","","MF","Amir Al-Ammari","No","28","49","3","$710K","Cracovia","Poland","Yes"
"Iraq","","MF","Ali Jasim","No","22","35","2","$30K","Al-Najma","Saudi Arabia","Yes"
"Iraq","","MF","Youssef Amyn","No","22","25","2","$472K","AEK Larnaca","Cyprus","Yes"
"Iraq","","MF","Zidane Iqbal","No","23","23","2","$7M","Utrecht","Netherlands","Yes"
"Iraq","","MF","Marko Farji","No","22","10","0","$8M","Venezia","Italy","Yes"
"Iraq","","MF","Kevin Yakob","No","25","7","0","$5M","AGF","Denmark","Yes"
"Iraq","","MF","Aimar Sher","No","23","6","0","$5M","Sarpsborg 08","Norway","Yes"
"Iraq","","MF","Zaid Ismail","No","24","5","0","$141K","Al-Talaba","Iraq","Yes"
"Iraq","","MF","Ahmed Qasem","No","22","1","0","$5M","Nashville SC","United States","Yes"
"Iraq","","FW","Aymen Hussein","No","30","93","33","$154K","Al-Karma","Iraq","Yes"
"Iraq","","FW","Mohanad Ali","No","25","71","27","$6M","Dibba","United Arab Emirates","Yes"
"Iraq","","FW","Ali Al-Hamadi","No","24","18","5","$4M","Luton Town","England","Yes"
"Iraq","","FW","Ali Yousif","No","30","6","1","$260K","Al-Talaba","Iraq","Yes"
"Norway","1","GK","Ørjan Nyland","No","35","69","0","$7M","Sevilla","Spain","Yes"
"Norway","2","MF","Morten Thorsby","No","30","30","0","$8M","Cremonese","Italy","Yes"
"Norway","3","DF","Kristoffer Ajer","No","28","50","2","$58M","Brentford","England","Yes"
"Norway","4","DF","Leo Østigård","No","26","36","1","$15M","Genoa","Italy","Yes"
"Norway","5","DF","David Møller Wolfe","No","24","20","1","$48M","Wolverhampton Wanderers","England","Yes"
"Norway","6","MF","Patrick Berg","No","28","41","0","$16M","Bodø/Glimt","Norway","Yes"
"Norway","7","FW","Alexander Sørloth","No","30","70","26","$91M","Atlético Madrid","Spain","Yes"
"Norway","8","MF","Sander Berge","No","28","64","1","$48M","Fulham","England","Yes"
"Norway","9","FW","Erling Haaland","No","25","49","55","$311M","Manchester City","England","Yes"
"Norway","10","MF","Martin Ødegaard","Yes","27","67","4","$180M","Arsenal","England","Yes"
"Norway","11","FW","Jørgen Strand Larsen","No","26","26","4","$39M","Crystal Palace","England","Yes"
"Norway","12","GK","Sander Tangvik","No","23","0","0","$5M","Hamburger SV","Germany","Yes"
"Norway","13","GK","Egil Selvik","No","28","6","0","$11M","Watford","England","Yes"
"Norway","14","MF","Fredrik Aursnes","No","30","20","1","$75M","Benfica","Portugal","Yes"
"Norway","15","DF","Fredrik André Bjørkan","No","27","19","1","","Bodø/Glimt","Norway","Yes"
"Norway","16","DF","Marcus Holmgren Pedersen","No","25","31","0","$7M","Torino","Italy","Yes"
"Norway","17","DF","Torbjørn Heggem","No","27","13","0","$18M","Bologna","Italy","Yes"
"Norway","18","MF","Kristian Thorstvedt","No","27","35","4","$10M","Sassuolo","Italy","Yes"
"Norway","19","MF","Thelo Aasgaard","No","24","6","5","$12M","Rangers","Scotland","Yes"
"Norway","20","MF","Antonio Nusa","No","21","22","7","$149M","RB Leipzig","Germany","Yes"
"Norway","21","MF","Andreas Schjelderup","No","22","10","1","$122M","Benfica","Portugal","Yes"
"Norway","22","MF","Oscar Bobb","No","22","18","2","$69M","Fulham","England","Yes"
"Norway","23","MF","Jens Petter Hauge","No","26","14","1","$14M","Bodø/Glimt","Norway","Yes"
"Norway","24","DF","Sondre Langås","No","25","2","0","$16M","Derby County","England","Yes"
"Norway","25","DF","Henrik Falchener","No","23","1","0","$6M","Viking","Norway","Yes"
"Norway","26","DF","Julian Ryerson","No","28","41","1","$63M","Borussia Dortmund","Germany","Yes"
"Senegal","","GK","Édouard Mendy","No","34","56","0","$61M","Al-Ahli","Saudi Arabia","Yes"
"Senegal","","GK","Mory Diaw","No","32","5","0","$521M","Le Havre","France","Yes"
"Senegal","","GK","Yehvann Diouf","No","26","2","0","$15M","Nice","France","Yes"
"Senegal","","DF","Kalidou Koulibaly","Yes","34","102","2","$31M","Al-Hilal","Saudi Arabia","Yes"
"Senegal","","DF","Krépin Diatta","No","27","60","2","$8M","Monaco","France","Yes"
"Senegal","","DF","Moussa Niakhaté","No","30","30","0","$521M","Lyon","France","Yes"
"Senegal","","DF","Ismail Jakobs","No","26","29","0","$9M","Galatasaray","Turkey","Yes"
"Senegal","","DF","Abdoulaye Seck","No","34","22","4","$521M","Maccabi Haifa","Israel","Yes"
"Senegal","","DF","El Hadji Malick Diouf","No","21","19","1","$67M","West Ham United","England","Yes"
"Senegal","","DF","Mamadou Sarr","No","20","7","0","$34M","Chelsea","England","Yes"
"Senegal","","DF","Antoine Mendy","No","22","6","0","$22M","Nice","France","Yes"
"Senegal","","DF","Ilay Camara","No","23","3","0","$61M","Anderlecht","Belgium","Yes"
"Senegal","","DF","Moustapha Mbow","No","26","0","0","$4M","Paris FC","France","Yes"
"Senegal","","MF","Idrissa Gueye","No","36","130","7","$521M","Everton","England","Yes"
"Senegal","","MF","Pape Gueye","No","27","41","5","$111M","Villarreal","Spain","Yes"
"Senegal","","MF","Pape Matar Sarr","No","23","39","4","$83M","Tottenham Hotspur","England","Yes"
"Senegal","","MF","Lamine Camara","No","22","32","7","$118M","Monaco","France","Yes"
"Senegal","","MF","Pathé Ciss","No","32","29","0","$15M","Rayo Vallecano","Spain","Yes"
"Senegal","","MF","Habib Diarra","No","22","20","4","$47M","Sunderland","England","Yes"
"Senegal","","MF","Bara Sapoko Ndiaye","No","18","1","0","$124K","Bayern Munich","Germany","Yes"
"Senegal","","FW","Sadio Mané","No","34","127","55","$42M","Al-Nassr","Saudi Arabia","Yes"
"Senegal","","FW","Ismaïla Sarr","No","28","82","19","$72M","Crystal Palace","England","Yes"
"Senegal","","FW","Iliman Ndiaye","No","26","39","4","","Everton","England","Yes"
"Senegal","","FW","Nicolas Jackson","No","24","32","8","$104M","Bayern Munich","Germany","Yes"
"Senegal","","FW","Bamba Dieng","No","26","22","2","$6M","Lorient","France","Yes"
"Senegal","","FW","Cherif Ndiaye","No","30","18","4","0","Samsunspor","Turkey","Yes"
"Senegal","","FW","Ibrahim Mbaye","No","18","10","3","$38M","Paris Saint-Germain","France","Yes"
"Senegal","","FW","Assane Diao","No","20","5","0","$119M","Como","Italy","Yes"
"Algeria","","GK","Luca Zidane","No","28","6","0","$7M","Granada","Spain","Yes"
"Algeria","","GK","Oussama Benbot","No","31","2","0","","USM Alger","Algeria","Yes"
"Algeria","","GK","Melvin Mastil","No","26","1","0","$323K","Stade Nyonnais","Switzerland","Yes"
"Algeria","","DF","Aïssa Mandi","No","34","116","7","$1M","Lille","France","Yes"
"Algeria","","DF","Ramy Bensebaini","No","31","81","7","$63M","Borussia Dortmund","Germany","Yes"
"Algeria","","DF","Mohamed Amine Tougai","No","26","28","2","","Espérance de Tunis","Tunisia","Yes"
"Algeria","","DF","Rayan Aït-Nouri","No","25","27","0","$54M","Manchester City","England","Yes"
"Algeria","","DF","Jaouen Hadjam","No","23","16","3","$8M","Young Boys","Switzerland","Yes"
"Algeria","","DF","Rafik Belghali","No","24","11","1","$7M","Hellas Verona","Italy","Yes"
"Algeria","","DF","Zineddine Belaïd","No","27","9","1","$473K","JS Kabylie","Algeria","Yes"
"Algeria","","DF","Achref Abada","No","26","6","1","$66K","USM Alger","Algeria","Yes"
"Algeria","","DF","Samir Chergui","No","27","4","0","$6M","Paris FC","France","Yes"
"Algeria","","MF","Nabil Bentaleb","No","31","58","6","$23M","Lille","France","Yes"
"Algeria","","MF","Ramiz Zerrouki","No","28","51","3","$25M","Twente","Netherlands","Yes"
"Algeria","","MF","Hicham Boudaoui","No","26","32","0","$12M","Nice","France","Yes"
"Algeria","","MF","Farès Chaïbi","No","23","28","3","$55M","Eintracht Frankfurt","Germany","Yes"
"Algeria","","MF","Houssem Aouar","No","27","19","6","$74M","Al-Ittihad","Saudi Arabia","Yes"
"Algeria","","MF","Ibrahim Maza","No","20","15","2","$98M","Bayer Leverkusen","Germany","Yes"
"Algeria","","MF","Yacine Titraoui","No","22","5","0","$23M","Charleroi","Belgium","Yes"
"Algeria","","FW","Riyad Mahrez","Yes","35","113","38","$22M","Al-Ahli","Saudi Arabia","Yes"
"Algeria","","FW","Mohamed Amoura","No","26","44","19","$43M","VfL Wolfsburg","Germany","Yes"
"Algeria","","FW","Amine Gouiri","No","26","21","8","$42M","Marseille","France","Yes"
"Algeria","","FW","Anis Hadj Moussa","No","24","13","0","$25M","Feyenoord","Netherlands","Yes"
"Algeria","","FW","Adil Boulbina","No","23","10","6","$10M","Al-Duhail","Qatar","Yes"
"Algeria","","FW","Nadhir Benbouali","No","26","2","1","$2M","Győri ETO","Hungary","Yes"
"Algeria","","FW","Farès Ghedjemis","No","23","1","1","$2M","Frosinone","Italy","Yes"
"Argentina","1","GK","Juan Musso","No","32","3","0","$35M","Atlético Madrid","Spain","Yes"
"Argentina","2","DF","Leonardo Balerdi","No","27","11","0","$34M","Marseille","France","Yes"
"Argentina","3","DF","Nicolás Tagliafico","No","33","75","1","$521M","Lyon","France","Yes"
"Argentina","4","DF","Gonzalo Montiel","No","29","38","2","$20M","River Plate","Argentina","Yes"
"Argentina","5","MF","Leandro Paredes","No","31","77","5","$25M","Boca Juniors","Argentina","Yes"
"Argentina","6","DF","Lisandro Martínez","No","28","26","1","$62M","Manchester United","England","Yes"
"Argentina","7","MF","Rodrigo De Paul","No","32","85","2","$25M","Inter Miami CF","United States","Yes"
"Argentina","8","MF","Valentín Barco","No","21","2","1","$98M","Strasbourg","France","Yes"
"Argentina","9","FW","Julián Alvarez","No","26","51","14","$295M","Atlético Madrid","Spain","Yes"
"Argentina","10","FW","Lionel Messi","Yes","38","198","116","$521M","Inter Miami CF","United States","Yes"
"Argentina","11","MF","Giovani Lo Celso","No","30","65","4","$82M","Real Betis","Spain","Yes"
"Argentina","12","GK","Gerónimo Rulli","No","34","7","0","$521M","Marseille","France","Yes"
"Argentina","13","DF","Cristian Romero","No","28","49","3","$101M","Tottenham Hotspur","England","Yes"
"Argentina","14","MF","Exequiel Palacios","No","27","38","0","$137M","Bayer Leverkusen","Germany","Yes"
"Argentina","15","FW","Nicolás González","No","28","50","6","$67M","Atlético Madrid","Spain","Yes"
"Argentina","16","FW","Thiago Almada","No","25","14","4","$103M","Atlético Madrid","Spain","Yes"
"Argentina","17","FW","Giuliano Simeone","No","23","11","1","$156M","Atlético Madrid","Spain","Yes"
"Argentina","18","FW","Nico Paz","No","21","8","1","$155M","Como","Italy","Yes"
"Argentina","19","DF","Nicolás Otamendi","No","38","130","8","$521M","Benfica","Portugal","Yes"
"Argentina","20","MF","Alexis Mac Allister","No","27","44","6","$110M","Liverpool","England","Yes"
"Argentina","21","FW","José Manuel López","No","25","3","0","$19M","Palmeiras","Brazil","Yes"
"Argentina","22","FW","Lautaro Martínez","No","28","75","36","$210M","Inter Milan","Italy","Yes"
"Argentina","23","GK","Emiliano Martínez","No","33","59","0","$521M","Aston Villa","England","Yes"
"Argentina","24","MF","Enzo Fernández","No","25","40","6","$309M","Chelsea","England","Yes"
"Argentina","25","DF","Facundo Medina","No","27","7","0","$29M","Marseille","France","Yes"
"Argentina","26","DF","Nahuel Molina","No","28","58","1","$69M","Atlético Madrid","Spain","Yes"
"Austria","1","GK","Alexander Schlager","No","30","25","0","$8M","Red Bull Salzburg","Austria","Yes"
"Austria","2","DF","David Affengruber","No","25","1","0","$41M","Elche","Spain","Yes"
"Austria","3","DF","Kevin Danso","No","27","31","0","$66M","Tottenham Hotspur","England","Yes"
"Austria","4","MF","Xaver Schlager","No","28","50","4","$36M","RB Leipzig","Germany","Yes"
"Austria","5","DF","Stefan Posch","No","29","51","5","$20M","Mainz 05","Germany","Yes"
"Austria","6","MF","Nicolas Seiwald","No","25","46","1","$58M","RB Leipzig","Germany","Yes"
"Austria","7","FW","Marko Arnautović","No","37","132","47","$521M","Red Star Belgrade","Serbia","Yes"
"Austria","8","DF","David Alaba","Yes","33","112","15","$27M","Real Madrid","Spain","Yes"
"Austria","9","MF","Marcel Sabitzer","No","32","97","25","$44M","Borussia Dortmund","Germany","Yes"
"Austria","10","MF","Florian Grillitsch","No","30","58","1","$34M","Braga","Portugal","Yes"
"Austria","11","FW","Michael Gregoritsch","No","32","74","24","$7M","FC Augsburg","Germany","Yes"
"Austria","12","GK","Florian Wiegele","No","25","1","0","$856K","Viktoria Plzeň","Czech Republic","Yes"
"Austria","13","GK","Patrick Pentz","No","29","18","0","$7M","Brøndby","Denmark","Yes"
"Austria","14","FW","Saša Kalajdžić","No","28","21","4","$24M","LASK","Austria","Yes"
"Austria","15","DF","Philipp Lienhart","No","29","40","3","$21M","SC Freiburg","Germany","Yes"
"Austria","16","DF","Phillipp Mwene","No","32","29","0","","Mainz 05","Germany","Yes"
"Austria","17","MF","Carney Chukwuemeka","No","22","2","1","$96M","Borussia Dortmund","Germany","Yes"
"Austria","18","MF","Romano Schmid","No","26","33","3","$23M","Werder Bremen","Germany","Yes"
"Austria","19","MF","Christoph Baumgartner","No","26","58","19","$62M","RB Leipzig","Germany","Yes"
"Austria","20","MF","Konrad Laimer","No","29","56","7","$52M","Bayern Munich","Germany","Yes"
"Austria","21","MF","Patrick Wimmer","No","25","30","1","$28M","VfL Wolfsburg","Germany","Yes"
"Austria","22","DF","Alexander Prass","No","25","18","0","$14M","TSG Hoffenheim","Germany","Yes"
"Austria","23","DF","Marco Friedl","No","28","10","0","$15M","Werder Bremen","Germany","Yes"
"Austria","24","MF","Paul Wanner","No","20","2","0","$30M","PSV Eindhoven","Netherlands","Yes"
"Austria","25","DF","Michael Svoboda","No","27","4","0","$3M","Venezia","Italy","Yes"
"Austria","26","MF","Alessandro Schöpf","No","32","35","6","$5M","Wolfsberger AC","Austria","Yes"
"Jordan","","GK","Yazeed Abulaila","No","33","75","0","","Al-Hussein","Jordan","Yes"
"Jordan","","GK","Abdallah Al-Fakhouri","No","26","11","0","$137K","Al-Wehdat","Jordan","Yes"
"Jordan","","GK","Nour Bani Attiah","No","33","4","0","$521M","Al-Faisaly","Jordan","Yes"
"Jordan","","DF","Ihsan Haddad","Yes","32","91","2","","Al-Hussein","Jordan","Yes"
"Jordan","","DF","Yazan Al-Arab","No","30","79","3","$1M","FC Seoul","South Korea","Yes"
"Jordan","","DF","Abdallah Nasib","No","32","64","3","","Al-Zawraa","Iraq","Yes"
"Jordan","","DF","Saed Al-Rosan","No","29","20","2","$114K","Al-Hussein","Jordan","Yes"
"Jordan","","DF","Husam Abu Dahab","No","26","17","0","","Al-Faisaly","Jordan","Yes"
"Jordan","","DF","Mo Abualnadi","No","25","17","0","$71K","Selangor","Malaysia","Yes"
"Jordan","","DF","Salim Obaid","No","34","10","0","","Al-Hussein","Jordan","Yes"
"Jordan","","DF","Anas Badawi","No","28","1","0","","Al-Faisaly","Jordan","Yes"
"Jordan","","MF","Rajaei Ayed","No","32","72","0","","Al-Hussein","Jordan","Yes"
"Jordan","","MF","Noor Al-Rawabdeh","No","29","67","3","$76K","Selangor","Malaysia","Yes"
"Jordan","","MF","Ibrahim Sadeh","No","26","56","3","","Al-Karma","Iraq","Yes"
"Jordan","","MF","Mohammad Abu Hashish","No","31","55","1","$57K","Al-Karma","Iraq","Yes"
"Jordan","","MF","Nizar Al-Rashdan","No","27","46","4","","Qatar SC","Qatar","Yes"
"Jordan","","MF","Mohannad Abu Taha","No","23","28","1","$191K","Al-Quwa Al-Jawiya","Iraq","Yes"
"Jordan","","MF","Amer Jamous","No","23","18","1","$161K","Al-Zawraa","Iraq","Yes"
"Jordan","","MF","Mohammad Al-Dawoud","No","33","12","1","","Al-Wehdat","Jordan","Yes"
"Jordan","","MF","Yousef Qashi","No","21","1","0","$183K","Al-Hussein","Jordan","Yes"
"Jordan","","MF","Mohammad Taha","No","20","0","0","$99K","Al-Hussein","Jordan","Yes"
"Jordan","","FW","Musa Al-Taamari","No","29","91","24","","Rennes","France","Yes"
"Jordan","","FW","Mahmoud Al-Mardi","No","32","88","9","$77K","Al-Hussein","Jordan","Yes"
"Jordan","","FW","Ali Olwan","No","26","65","29","$2M","Al-Sailiya","Qatar","Yes"
"Jordan","","FW","Mohammad Abu Zrayq","No","28","40","5","","Raja Casablanca","Morocco","Yes"
"Jordan","","FW","Odeh Al-Fakhouri","No","20","9","1","$684K","Pyramids","Egypt","Yes"
"Jordan","","FW","Ibrahim Sabra","No","20","9","1","$147K","Lokomotiva Zagreb","Croatia","Yes"
"Jordan","","FW","Ali Azaizeh","No","22","3","0","$2M","Al-Shabab","Saudi Arabia","Yes"
"Colombia","","GK","David Ospina","No","37","129","0","$521M","Atlético Nacional","Colombia","Yes"
"Colombia","","GK","Camilo Vargas","No","37","40","0","$521M","Atlas","Mexico","Yes"
"Colombia","","GK","Álvaro Montero","No","31","11","0","$1M","Vélez Sarsfield","Argentina","Yes"
"Colombia","","DF","Davinson Sánchez","No","29","77","3","$64M","Galatasaray","Turkey","Yes"
"Colombia","","DF","Santiago Arias","No","34","66","0","$521M","Independiente","Argentina","Yes"
"Colombia","","DF","Yerry Mina","No","31","52","8","$15M","Cagliari","Italy","Yes"
"Colombia","","DF","Daniel Muñoz","No","30","44","3","$54M","Crystal Palace","England","Yes"
"Colombia","","DF","Johan Mojica","No","33","43","1","$521M","Mallorca","Spain","Yes"
"Colombia","","DF","Jhon Lucumí","No","27","35","1","$40M","Bologna","Italy","Yes"
"Colombia","","DF","Deiver Machado","No","32","14","0","$521M","Nantes","France","Yes"
"Colombia","","DF","Willer Ditta","No","29","3","0","$14M","Cruz Azul","Mexico","Yes"
"Colombia","","MF","James Rodríguez","Yes","34","124","31","$521M","Minnesota United FC","United States","Yes"
"Colombia","","MF","Jefferson Lerma","No","31","64","5","$38M","Crystal Palace","England","Yes"
"Colombia","","MF","Juan Fernando Quintero","No","33","47","6","$521M","River Plate","Argentina","Yes"
"Colombia","","MF","Jhon Arias","No","28","36","4","$19M","Palmeiras","Brazil","Yes"
"Colombia","","MF","Richard Ríos","No","26","30","2","$87M","Benfica","Portugal","Yes"
"Colombia","","MF","Kevin Castaño","No","25","24","0","$12M","River Plate","Argentina","Yes"
"Colombia","","MF","Jorge Carrascal","No","28","22","2","$18M","Flamengo","Brazil","Yes"
"Colombia","","MF","Jaminton Campaz","No","26","9","1","$13M","Rosario Central","Argentina","Yes"
"Colombia","","MF","Juan Portilla","No","27","8","0","","Athletico Paranaense","Brazil","Yes"
"Colombia","","MF","Gustavo Puerta","No","22","4","1","$30M","Racing Santander","Spain","Yes"
"Colombia","","FW","Luis Díaz","No","29","72","21","$193M","Bayern Munich","Germany","Yes"
"Colombia","","FW","Jhon Córdoba","No","33","21","6","$521M","Krasnodar","Russia","Yes"
"Colombia","","FW","Luis Suárez","No","28","10","4","$120M","Sporting CP","Portugal","Yes"
"Colombia","","FW","Cucho Hernández","No","27","7","2","$71M","Real Betis","Spain","Yes"
"Colombia","","FW","Andrés Gómez","No","23","6","2","$13M","Vasco da Gama","Brazil","Yes"
"DR Congo","","GK","Lionel Mpasi","No","31","27","0","$897K","Le Havre","France","Yes"
"DR Congo","","GK","Timothy Fayulu","No","26","3","0","$1M","Noah","Armenia","Yes"
"DR Congo","","GK","Matthieu Epolo","No","21","1","0","$13M","Standard Liège","Belgium","Yes"
"DR Congo","","DF","Chancel Mbemba","Yes","31","107","7","$16M","Lille","France","Yes"
"DR Congo","","DF","Arthur Masuaku","No","32","44","4","$5M","Lens","France","Yes"
"DR Congo","","DF","Gédéon Kalulu","No","28","27","0","$1M","Aris Limassol","Cyprus","Yes"
"DR Congo","","DF","Joris Kayembe","No","31","24","0","$2M","Genk","Belgium","Yes"
"DR Congo","","DF","Dylan Batubinsika","No","30","14","1","$5M","AEL","Greece","Yes"
"DR Congo","","DF","Axel Tuanzebe","No","28","12","1","$26M","Burnley","England","Yes"
"DR Congo","","DF","Aaron Wan-Bissaka","No","28","10","0","$58M","West Ham United","England","Yes"
"DR Congo","","DF","Steve Kapuadi","No","28","3","0","$6M","Widzew Łódź","Poland","Yes"
"DR Congo","","MF","Samuel Moutoussamy","No","29","56","0","$4M","Atromitos","Greece","Yes"
"DR Congo","","MF","Edo Kayembe","No","28","41","2","$5M","Watford","England","Yes"
"DR Congo","","MF","Charles Pickel","No","29","33","1","$8M","Espanyol","Spain","Yes"
"DR Congo","","MF","Gaël Kakuta","No","34","30","5","$521M","AEL","Greece","Yes"
"DR Congo","","MF","Noah Sadiki","No","21","18","0","$65M","Sunderland","England","Yes"
"DR Congo","","MF","Aaron Tshibola","No","31","16","1","$536K","Kilmarnock","Scotland","Yes"
"DR Congo","","MF","Ngal'ayel Mukau","No","21","12","0","$48M","Lille","France","Yes"
"DR Congo","","MF","Brian Cipenga","No","28","7","0","$7M","Castellón","Spain","Yes"
"DR Congo","","FW","Cédric Bakambu","No","35","68","21","$4M","Real Betis","Spain","Yes"
"DR Congo","","FW","Meschak Elia","No","28","68","12","","Alanyaspor","Turkey","Yes"
"DR Congo","","FW","Théo Bongonda","No","30","37","7","$12M","Spartak Moscow","Russia","Yes"
"DR Congo","","FW","Fiston Mayele","No","31","37","6","","Pyramids","Egypt","Yes"
"DR Congo","","FW","Yoane Wissa","No","29","36","9","$86M","Newcastle United","England","Yes"
"DR Congo","","FW","Nathanaël Mbuku","No","24","17","2","$2M","Montpellier","France","Yes"
"DR Congo","","FW","Simon Banza","No","29","14","2","$9M","Al-Jazira","United Arab Emirates","Yes"
"Portugal","","GK","Diogo Costa","No","26","42","0","$90M","Porto","Portugal","Yes"
"Portugal","","GK","José Sá","No","33","4","0","$521M","Wolverhampton Wanderers","England","Yes"
"Portugal","","GK","Rui Silva","No","32","2","0","$42M","Sporting CP","Portugal","Yes"
"Portugal","","DF","Rúben Dias","No","29","74","3","$155M","Manchester City","England","Yes"
"Portugal","","DF","João Cancelo","No","32","66","12","$94M","Barcelona","Spain","Yes"
"Portugal","","DF","Nélson Semedo","No","32","48","0","$521M","Fenerbahçe","Turkey","Yes"
"Portugal","","DF","Nuno Mendes","No","23","43","1","$287M","Paris Saint-Germain","France","Yes"
"Portugal","","DF","Diogo Dalot","No","27","33","3","$64M","Manchester United","England","Yes"
"Portugal","","DF","Gonçalo Inácio","No","24","20","2","$90M","Sporting CP","Portugal","Yes"
"Portugal","","DF","Matheus Nunes","No","27","19","2","$99M","Manchester City","England","Yes"
"Portugal","","DF","Renato Veiga","No","22","11","1","$222M","Villarreal","Spain","Yes"
"Portugal","","DF","Tomás Araújo","No","24","3","0","$120M","Benfica","Portugal","Yes"
"Portugal","","MF","Bernardo Silva","No","31","107","14","$192M","Manchester City","England","Yes"
"Portugal","","MF","Bruno Fernandes","No","31","87","28","$228M","Manchester United","England","Yes"
"Portugal","","MF","Rúben Neves","No","29","65","1","$102M","Al-Hilal","Saudi Arabia","Yes"
"Portugal","","MF","Vitinha","No","26","37","0","$359M","Paris Saint-Germain","France","Yes"
"Portugal","","MF","João Neves","No","21","21","3","$455M","Paris Saint-Germain","France","Yes"
"Portugal","","MF","Samú Costa","No","25","4","0","","Mallorca","Spain","Yes"
"Portugal","","FW","Cristiano Ronaldo","Yes","41","226","143","$16M","Al-Nassr","Saudi Arabia","Yes"
"Portugal","","FW","João Félix","No","26","52","12","$108M","Al-Nassr","Saudi Arabia","Yes"
"Portugal","","FW","Rafael Leão","No","27","43","5","$129M","Milan","Italy","Yes"
"Portugal","","FW","Gonçalo Guedes","No","29","33","7","$76M","Real Sociedad","Spain","Yes"
"Portugal","","FW","Gonçalo Ramos","No","24","24","10","$85M","Paris Saint-Germain","France","Yes"
"Portugal","","FW","Pedro Neto","No","26","23","2","$99M","Chelsea","England","Yes"
"Portugal","","FW","Francisco Trincão","No","26","17","3","$90M","Sporting CP","Portugal","Yes"
"Portugal","","FW","Francisco Conceição","No","23","15","3","$136M","Juventus","Italy","Yes"
"Uzbekistan","","GK","Utkir Yusupov","No","35","39","0","","Navbahor","Uzbekistan","Yes"
"Uzbekistan","","GK","Abduvohid Nematov","No","25","7","0","","Nasaf","Uzbekistan","Yes"
"Uzbekistan","","GK","Botirali Ergashev","No","30","2","0","$271K","Neftchi","Uzbekistan","Yes"
"Uzbekistan","","DF","Rustam Ashurmatov","No","29","47","1","","Esteghlal","Iran","Yes"
"Uzbekistan","","DF","Farrukh Sayfiev","No","35","44","1","","Neftchi","Uzbekistan","Yes"
"Uzbekistan","","DF","Khojiakbar Alijonov","No","29","40","2","","Pakhtakor","Uzbekistan","Yes"
"Uzbekistan","","DF","Sherzod Nasrullaev","No","27","29","2","","Nasaf","Uzbekistan","Yes"
"Uzbekistan","","DF","Umar Eshmurodov","No","33","29","0","","Nasaf","Uzbekistan","Yes"
"Uzbekistan","","DF","Abdukodir Khusanov","No","22","25","0","$119M","Manchester City","England","Yes"
"Uzbekistan","","DF","Abdulla Abdullaev","No","28","16","0","","Dibba","United Arab Emirates","Yes"
"Uzbekistan","","DF","Bekhruz Karimov","No","18","2","0","","Surkhon","Uzbekistan","Yes"
"Uzbekistan","","DF","Jakhongir Urozov","No","22","2","0","","Dinamo Samarqand","Uzbekistan","Yes"
"Uzbekistan","","DF","Avazbek Ulmasaliev","No","26","0","0","","AGMK","Uzbekistan","Yes"
"Uzbekistan","","MF","Otabek Shukurov","No","29","82","9","$4M","Baniyas","United Arab Emirates","Yes"
"Uzbekistan","","MF","Odiljon Hamrobekov","No","30","71","1","$2M","Tractor","Iran","Yes"
"Uzbekistan","","MF","Jamshid Iskanderov","No","32","37","4","$521M","Neftchi","Uzbekistan","Yes"
"Uzbekistan","","MF","Akmal Mozgovoy","No","27","23","1","$901K","Pakhtakor","Uzbekistan","Yes"
"Uzbekistan","","MF","Azizjon Ganiev","No","28","18","0","","Al-Bataeh","United Arab Emirates","Yes"
"Uzbekistan","","MF","Jasurbek Jaloliddinov","No","24","1","0","$684K","Sogdiana","Uzbekistan","Yes"
"Uzbekistan","","MF","Umarali Rakhmonaliev","No","22","1","0","","Sabah","Azerbaijan","Yes"
"Uzbekistan","","MF","Sherzod Esanov","No","23","0","0","$534K","Bukhara","Uzbekistan","Yes"
"Uzbekistan","","FW","Eldor Shomurodov","Yes","30","90","44","$5M","İstanbul Başakşehir","Turkey","Yes"
"Uzbekistan","","FW","Igor Sergeev","No","33","81","24","$521M","Persepolis","Iran","Yes"
"Uzbekistan","","FW","Jaloliddin Masharipov","No","32","74","12","$521M","Esteghlal","Iran","Yes"
"Uzbekistan","","FW","Oston Urunov","No","25","40","10","","Persepolis","Iran","Yes"
"Uzbekistan","","FW","Dostonbek Khamdamov","No","29","33","5","","Pakhtakor","Uzbekistan","Yes"
"Uzbekistan","","FW","Abbosbek Fayzullaev","No","22","30","8","","İstanbul Başakşehir","Turkey","Yes"
"Uzbekistan","","FW","Azizbek Amonov","No","28","11","2","$516K","Bukhara","Uzbekistan","Yes"
"Uzbekistan","","FW","Ruslanbek Jiyanov","No","25","5","0","$699K","Navbahor","Uzbekistan","Yes"
"Uzbekistan","","FW","Sherzod Temirov","No","27","2","0","$221K","Erbil","Iraq","Yes"
"Croatia","","GK","Dominik Livaković","No","31","73","0","$28M","Dinamo Zagreb","Croatia","Yes"
"Croatia","","GK","Dominik Kotarski","No","26","3","0","$15M","Copenhagen","Denmark","Yes"
"Croatia","","GK","Ivor Pandur","No","26","0","0","$6M","Hull City","England","Yes"
"Croatia","","DF","Joško Gvardiol","No","24","46","4","$142M","Manchester City","England","Yes"
"Croatia","","DF","Duje Ćaleta-Car","No","29","38","1","$10M","Real Sociedad","Spain","Yes"
"Croatia","","DF","Josip Šutalo","No","26","31","0","$22M","Ajax","Netherlands","Yes"
"Croatia","","DF","Josip Stanišić","No","26","29","0","$40M","Bayern Munich","Germany","Yes"
"Croatia","","DF","Marin Pongračić","No","28","18","0","$37M","Fiorentina","Italy","Yes"
"Croatia","","DF","Martin Erlić","No","28","12","1","$11M","Midtjylland","Denmark","Yes"
"Croatia","","DF","Luka Vušković","No","19","4","1","$91M","Hamburger SV","Germany","Yes"
"Croatia","","MF","Luka Modrić","Yes","40","196","28","$521M","Milan","Italy","Yes"
"Croatia","","MF","Mateo Kovačić","No","32","111","5","$78M","Manchester City","England","Yes"
"Croatia","","MF","Mario Pašalić","No","31","83","11","$44M","Atalanta","Italy","Yes"
"Croatia","","MF","Nikola Vlašić","No","28","61","10","$37M","Torino","Italy","Yes"
"Croatia","","MF","Luka Sučić","No","23","19","1","$85M","Real Sociedad","Spain","Yes"
"Croatia","","MF","Martin Baturina","No","23","17","1","$70M","Como","Italy","Yes"
"Croatia","","MF","Kristijan Jakić","No","29","16","2","$13M","FC Augsburg","Germany","Yes"
"Croatia","","MF","Petar Sučić","No","22","15","1","$87M","Inter Milan","Italy","Yes"
"Croatia","","MF","Nikola Moro","No","28","9","0","$11M","Bologna","Italy","Yes"
"Croatia","","MF","Toni Fruk","No","25","7","1","$9M","Rijeka","Croatia","Yes"
"Croatia","","FW","Ivan Perišić","No","37","152","38","$521M","PSV Eindhoven","Netherlands","Yes"
"Croatia","","FW","Andrej Kramarić","No","34","114","36","$521M","TSG Hoffenheim","Germany","Yes"
"Croatia","","FW","Ante Budimir","No","34","36","6","$521M","Osasuna","Spain","Yes"
"Croatia","","FW","Marco Pašalić","No","25","13","1","$7M","Orlando City SC","United States","Yes"
"Croatia","","FW","Petar Musa","No","28","10","1","$16M","FC Dallas","United States","Yes"
"Croatia","","FW","Igor Matanović","No","23","8","2","$35M","SC Freiburg","Germany","Yes"
"England","","GK","Jordan Pickford","No","32","82","0","$92M","Everton","England","Yes"
"England","","GK","Dean Henderson","No","29","4","0","$52M","Crystal Palace","England","Yes"
"England","","GK","James Trafford","No","23","1","0","$54M","Manchester City","England","Yes"
"England","","DF","John Stones","No","32","87","3","$105M","Manchester City","England","Yes"
"England","","DF","Marc Guéhi","No","25","27","1","$155M","Manchester City","England","Yes"
"England","","DF","Reece James","No","26","22","1","$169M","Chelsea","England","Yes"
"England","","DF","Ezri Konsa","No","28","18","1","$69M","Aston Villa","England","Yes"
"England","","DF","Dan Burn","No","34","6","0","$25M","Newcastle United","England","Yes"
"England","","DF","Tino Livramento","No","23","5","0","$99M","Newcastle United","England","Yes"
"England","","DF","Djed Spence","No","25","4","0","$59M","Tottenham Hotspur","England","Yes"
"England","","DF","Nico O'Reilly","No","21","3","0","$103M","Manchester City","England","Yes"
"England","","DF","Jarell Quansah","No","23","1","0","$147M","Bayer Leverkusen","Germany","Yes"
"England","","MF","Jordan Henderson","No","35","89","3","$521M","Brentford","England","Yes"
"England","","MF","Declan Rice","No","27","72","6","$202M","Arsenal","England","Yes"
"England","","MF","Jude Bellingham","No","22","46","6","$450M","Real Madrid","Spain","Yes"
"England","","MF","Morgan Rogers","No","23","13","1","$97M","Aston Villa","England","Yes"
"England","","MF","Kobbie Mainoo","No","21","12","0","$110M","Manchester United","England","Yes"
"England","","MF","Elliot Anderson","No","23","7","0","$92M","Nottingham Forest","England","Yes"
"England","","FW","Harry Kane","Yes","32","112","78","$521M","Bayern Munich","Germany","Yes"
"England","","FW","Marcus Rashford","No","28","70","18","$95M","Barcelona","Spain","Yes"
"England","","FW","Bukayo Saka","No","24","48","14","$342M","Arsenal","England","Yes"
"England","","FW","Ollie Watkins","No","30","20","6","$74M","Aston Villa","England","Yes"
"England","","FW","Anthony Gordon","No","25","17","2","$119M","Newcastle United","England","Yes"
"England","","FW","Eberechi Eze","No","27","16","3","","Arsenal","England","Yes"
"England","","FW","Noni Madueke","No","24","10","1","$103M","Arsenal","England","Yes"
"England","","FW","Ivan Toney","No","30","7","1","$108M","Al-Ahli","Saudi Arabia","Yes"
"Ghana","","GK","Lawrence Ati-Zigi","No","29","28","0","$3M","St. Gallen","Switzerland","Yes"
"Ghana","","GK","Benjamin Asare","No","33","10","0","$521M","Hearts of Oak","Ghana","Yes"
"Ghana","","GK","Joseph Anang","No","26","1","0","$445K","St Patrick's Athletic","Ireland","Yes"
"Ghana","","DF","Abdul Rahman Baba","No","31","52","1","","PAOK","Greece","Yes"
"Ghana","","DF","Gideon Mensah","No","27","39","0","$8M","Auxerre","France","Yes"
"Ghana","","DF","Alidu Seidu","No","26","23","1","$13M","Rennes","France","Yes"
"Ghana","","DF","Jerome Opoku","No","27","10","1","$7M","İstanbul Başakşehir","Turkey","Yes"
"Ghana","","DF","Jonas Adjetey","No","22","9","0","$16M","VfL Wolfsburg","Germany","Yes"
"Ghana","","DF","Abdul Mumin","No","28","4","0","$24M","Rayo Vallecano","Spain","Yes"
"Ghana","","DF","Kojo Peprah Oppong","No","22","4","0","$20M","Nice","France","Yes"
"Ghana","","DF","Derrick Luckassen","No","30","1","0","$1M","Pafos","Cyprus","Yes"
"Ghana","","DF","Marvin Senaya","No","25","1","0","$5M","Auxerre","France","Yes"
"Ghana","","MF","Thomas Partey","No","32","56","15","$51M","Villarreal","Spain","Yes"
"Ghana","","MF","Abdul Fatawu","No","22","27","3","$36M","Leicester City","England","Yes"
"Ghana","","MF","Elisha Owusu","No","28","19","0","$6M","Auxerre","France","Yes"
"Ghana","","MF","Caleb Yirenkyi","No","20","10","0","$23M","Nordsjælland","Denmark","Yes"
"Ghana","","MF","Kwasi Sibo","No","27","7","0","$5M","Oviedo","Spain","Yes"
"Ghana","","MF","Augustine Boakye","No","25","0","0","$7M","Saint-Étienne","France","Yes"
"Ghana","","FW","Jordan Ayew","Yes","34","117","33","$17M","Leicester City","England","Yes"
"Ghana","","FW","Antoine Semenyo","No","26","34","3","$133M","Manchester City","England","Yes"
"Ghana","","FW","Kamaldeen Sulemana","No","24","27","1","$26M","Atalanta","Italy","Yes"
"Ghana","","FW","Iñaki Williams","No","31","25","2","$202M","Athletic Bilbao","Spain","Yes"
"Ghana","","FW","Ernest Nuamah","No","22","18","4","$521M","Lyon","France","Yes"
"Ghana","","FW","Christopher Bonsu Baah","No","21","8","0","$25M","Al-Qadsiah","Saudi Arabia","Yes"
"Ghana","","FW","Brandon Thomas-Asante","No","27","7","1","$7M","Coventry City","England","Yes"
"Ghana","","FW","Prince Kwabena Adu","No","22","4","0","","Viktoria Plzeň","Czech Republic","Yes"
"Panama","","GK","Luis Mejía","No","35","56","0","$521M","Nacional","Uruguay","Yes"
"Panama","","GK","Orlando Mosquera","No","31","47","0","$989K","Al-Fayha","Saudi Arabia","Yes"
"Panama","","GK","César Samudio","No","32","4","0","$14K","Marathón","Honduras","Yes"
"Panama","","DF","Eric Davis","No","35","105","9","$8K","Plaza Amador","Panama","Yes"
"Panama","","DF","Fidel Escobar","No","31","97","4","$509K","Saprissa","Costa Rica","Yes"
"Panama","","DF","Michael Amir Murillo","No","30","92","9","","Beşiktaş","Turkey","Yes"
"Panama","","DF","Roderick Miller","No","34","49","2","$521M","Turan Tovuz","Azerbaijan","Yes"
"Panama","","DF","Andrés Andrade","No","27","48","1","$5M","LASK","Austria","Yes"
"Panama","","DF","César Blackman","No","28","38","3","$1M","Slovan Bratislava","Slovakia","Yes"
"Panama","","DF","José Córdoba","No","25","31","1","$10M","Norwich City","England","Yes"
"Panama","","DF","Jiovany Ramos","No","29","21","1","$405K","Puerto Cabello","Venezuela","Yes"
"Panama","","DF","Jorge Gutiérrez","No","27","17","0","$365K","Deportivo La Guaira","Venezuela","Yes"
"Panama","","DF","Edgardo Fariña","No","24","16","0","$2M","Pari Nizhny Novgorod","Russia","Yes"
"Panama","","MF","Aníbal Godoy","Yes","36","159","4","$214K","San Diego FC","United States","Yes"
"Panama","","MF","Alberto Quintero","No","38","140","7","$4K","Plaza Amador","Panama","Yes"
"Panama","","MF","Yoel Bárcenas","No","32","102","10","$521M","Mazatlán","Mexico","Yes"
"Panama","","MF","Adalberto Carrasquilla","No","27","73","3","$5M","UNAM","Mexico","Yes"
"Panama","","MF","José Luis Rodríguez","No","27","68","8","$7M","Juárez","Mexico","Yes"
"Panama","","MF","Cristian Martínez","No","29","64","2","$846K","Ironi Kiryat Shmona","Israel","Yes"
"Panama","","MF","César Yanis","No","30","55","5","$820K","Cobresal","Chile","Yes"
"Panama","","MF","Carlos Harvey","No","26","26","3","$3M","Minnesota United FC","United States","Yes"
"Panama","","MF","Azarias Londoño","No","24","10","0","$1M","Universidad Católica","Ecuador","Yes"
"Panama","","FW","José Fajardo","No","32","66","17","$521M","Universidad Católica","Ecuador","Yes"
"Panama","","FW","Ismael Díaz","No","29","55","17","$6M","León","Mexico","Yes"
"Panama","","FW","Cecilio Waterman","No","35","53","14","$215K","Universidad de Concepción","Chile","Yes"
"Panama","","FW","Tomás Rodríguez","No","27","12","3","$79K","Saprissa","Costa Rica","Yes"
